# PC structural evidence; all addresses are PC RVAs.
# Input SHA256: 631a05531e382556cab3544d228b72171eff089b81696269b4d89963bced5fa2
# Donor Gruntz 7d4bd55b99e32f084834d991badf7609889481f4; see scripts/hobbit/evidence/pc_structure.py.
instruction_rva	string_rva	reference_type	text	instruction
0x124a	0x31cd30	DATA	C:\projects\meridian\Support\Levels\Swordlight\LevelSwordlight.cpp	PUSH 0x71cd30
0x1cde	0x31cef0	DATA	obj_mgr::LockObject(Guid)	PUSH 0x71cef0
0x21dd	0x31cef0	DATA	obj_mgr::LockObject(Guid)	PUSH 0x71cef0
0x3141	0x31d1e0	DATA	mine_cart_ride::OnAdvanceLogic	PUSH 0x71d1e0
0x33bb	0x31d1b4	DATA	obj_mgr::LockObjectEvenIfDeactivated(Guid)	PUSH 0x71d1b4
0x38f7	0x31d1b4	DATA	obj_mgr::LockObjectEvenIfDeactivated(Guid)	PUSH 0x71d1b4
0x6c0e	0x31d1b4	DATA	obj_mgr::LockObjectEvenIfDeactivated(Guid)	PUSH 0x71d1b4
0x7242	0x31d630	DATA	C:\projects\meridian\Support\Levels\RoastMutton\LevelRoastMutton.cpp	PUSH 0x71d630
0x7592	0x31cef0	DATA	obj_mgr::LockObject(Guid)	PUSH 0x71cef0
0x7ab7	0x31d630	DATA	C:\projects\meridian\Support\Levels\RoastMutton\LevelRoastMutton.cpp	PUSH 0x71d630
0x7b55	0x31cef0	DATA	obj_mgr::LockObject(Guid)	PUSH 0x71cef0
0x8353	0x31d890	DATA	C:\projects\meridian\Support\Levels\TrollHole\LevelTrollHole.cpp	PUSH 0x71d890
0x83f4	0x31cef0	DATA	obj_mgr::LockObject(Guid)	PUSH 0x71cef0
0x903f	0x31d998	DATA	C:\projects\meridian\Support\Levels\Mirkwood\LevelMirkwood.cpp	PUSH 0x71d998
0x907c	0x31cef0	DATA	obj_mgr::LockObject(Guid)	PUSH 0x71cef0
0x942c	0x31db5c	DATA	C:\projects\meridian\Support\Levels\Overhill\LevelOverhill.cpp	PUSH 0x71db5c
0x97e5	0x31db5c	DATA	C:\projects\meridian\Support\Levels\Overhill\LevelOverhill.cpp	PUSH 0x71db5c
0x9c19	0x31cef0	DATA	obj_mgr::LockObject(Guid)	PUSH 0x71cef0
0x9cd9	0x31cef0	DATA	obj_mgr::LockObject(Guid)	PUSH 0x71cef0
0x9d99	0x31cef0	DATA	obj_mgr::LockObject(Guid)	PUSH 0x71cef0
0xbc44	0x31cef0	DATA	obj_mgr::LockObject(Guid)	PUSH 0x71cef0
0xd58a	0x31cef0	DATA	obj_mgr::LockObject(Guid)	PUSH 0x71cef0
0xd627	0x31cef0	DATA	obj_mgr::LockObject(Guid)	PUSH 0x71cef0
0xd7a7	0x31cef0	DATA	obj_mgr::LockObject(Guid)	PUSH 0x71cef0
0xd836	0x31cef0	DATA	obj_mgr::LockObject(Guid)	PUSH 0x71cef0
0xd902	0x31cef0	DATA	obj_mgr::LockObject(Guid)	PUSH 0x71cef0
0xd9dd	0x31cef0	DATA	obj_mgr::LockObject(Guid)	PUSH 0x71cef0
0xda5b	0x31cef0	DATA	obj_mgr::LockObject(Guid)	PUSH 0x71cef0
0xdc00	0x31cef0	DATA	obj_mgr::LockObject(Guid)	PUSH 0x71cef0
0xdca9	0x31cef0	DATA	obj_mgr::LockObject(Guid)	PUSH 0x71cef0
0xdea3	0x31cef0	DATA	obj_mgr::LockObject(Guid)	PUSH 0x71cef0
0xf933	0x31d1b4	DATA	obj_mgr::LockObjectEvenIfDeactivated(Guid)	PUSH 0x71d1b4
0x10968	0x31ec18	DATA	C:\projects\meridian\Support\Levels\BarrelsOutOfBond\LevelBarrelsOutOfBond.cpp	PUSH 0x71ec18
0x10f26	0x31d1b4	DATA	obj_mgr::LockObjectEvenIfDeactivated(Guid)	PUSH 0x71d1b4
0x11018	0x31d1b4	DATA	obj_mgr::LockObjectEvenIfDeactivated(Guid)	PUSH 0x71d1b4
0x1544c	0x31d1b4	DATA	obj_mgr::LockObjectEvenIfDeactivated(Guid)	PUSH 0x71d1b4
0x1c980	0x3200c0	DATA	C:\projects\meridian\Support\Objects\Bilbo\Bilbo.cpp	PUSH 0x7200c0
0x1c9ad	0x31cef0	DATA	obj_mgr::LockObject(Guid)	PUSH 0x71cef0
0x1ce1e	0x31cef0	DATA	obj_mgr::LockObject(Guid)	PUSH 0x71cef0
0x1cf3d	0x31cef0	DATA	obj_mgr::LockObject(Guid)	PUSH 0x71cef0
0x1d047	0x31cef0	DATA	obj_mgr::LockObject(Guid)	PUSH 0x71cef0
0x1d1aa	0x31cef0	DATA	obj_mgr::LockObject(Guid)	PUSH 0x71cef0
0x1d296	0x31cef0	DATA	obj_mgr::LockObject(Guid)	PUSH 0x71cef0
0x1d398	0x31cef0	DATA	obj_mgr::LockObject(Guid)	PUSH 0x71cef0
0x1d808	0x3200c0	DATA	C:\projects\meridian\Support\Objects\Bilbo\Bilbo.cpp	MOV dword ptr [EBP + 0x9ac],0x7200c0
0x1d847	0x3200c0	DATA	C:\projects\meridian\Support\Objects\Bilbo\Bilbo.cpp	PUSH 0x7200c0
0x1df6f	0x3200c0	DATA	C:\projects\meridian\Support\Objects\Bilbo\Bilbo.cpp	PUSH 0x7200c0
0x1e020	0x3200c0	DATA	C:\projects\meridian\Support\Objects\Bilbo\Bilbo.cpp	PUSH 0x7200c0
0x1e37d	0x3202e8	DATA	bilbo::OnAdvanceLogic	PUSH 0x7202e8
0x1f17a	0x31cef0	DATA	obj_mgr::LockObject(Guid)	PUSH 0x71cef0
0x1f27c	0x3200c0	DATA	C:\projects\meridian\Support\Objects\Bilbo\Bilbo.cpp	PUSH 0x7200c0
0x1f2b6	0x31cef0	DATA	obj_mgr::LockObject(Guid)	PUSH 0x71cef0
0x1f44f	0x3200c0	DATA	C:\projects\meridian\Support\Objects\Bilbo\Bilbo.cpp	PUSH 0x7200c0
0x1f492	0x3200c0	DATA	C:\projects\meridian\Support\Objects\Bilbo\Bilbo.cpp	PUSH 0x7200c0
0x1f4ae	0x32028c	DATA	bilbo::CheckFor???	PUSH 0x72028c
0x1f81d	0x3200c0	DATA	C:\projects\meridian\Support\Objects\Bilbo\Bilbo.cpp	PUSH 0x7200c0
0x1fd51	0x320308	DATA	bilbo::UpdateProps	PUSH 0x720308
0x1fdb8	0x31cef0	DATA	obj_mgr::LockObject(Guid)	PUSH 0x71cef0
0x20187	0x31cef0	DATA	obj_mgr::LockObject(Guid)	PUSH 0x71cef0
0x210ce	0x3200c0	DATA	C:\projects\meridian\Support\Objects\Bilbo\Bilbo.cpp	PUSH 0x7200c0
0x21166	0x3200c0	DATA	C:\projects\meridian\Support\Objects\Bilbo\Bilbo.cpp	PUSH 0x7200c0
0x21465	0x3200c0	DATA	C:\projects\meridian\Support\Objects\Bilbo\Bilbo.cpp	PUSH 0x7200c0
0x22706	0x3200c0	DATA	C:\projects\meridian\Support\Objects\Bilbo\Bilbo.cpp	PUSH 0x7200c0
0x22723	0x3200c0	DATA	C:\projects\meridian\Support\Objects\Bilbo\Bilbo.cpp	PUSH 0x7200c0
0x2286d	0x3200c0	DATA	C:\projects\meridian\Support\Objects\Bilbo\Bilbo.cpp	PUSH 0x7200c0
0x22923	0x3200c0	DATA	C:\projects\meridian\Support\Objects\Bilbo\Bilbo.cpp	PUSH 0x7200c0
0x22961	0x3200c0	DATA	C:\projects\meridian\Support\Objects\Bilbo\Bilbo.cpp	PUSH 0x7200c0
0x229aa	0x3200c0	DATA	C:\projects\meridian\Support\Objects\Bilbo\Bilbo.cpp	PUSH 0x7200c0
0x22a0b	0x3200c0	DATA	C:\projects\meridian\Support\Objects\Bilbo\Bilbo.cpp	PUSH 0x7200c0
0x22b24	0x3200c0	DATA	C:\projects\meridian\Support\Objects\Bilbo\Bilbo.cpp	PUSH 0x7200c0
0x22fde	0x320700	DATA	bilbo::Water_CheckForWater	PUSH 0x720700
0x23078	0x31cef0	DATA	obj_mgr::LockObject(Guid)	PUSH 0x71cef0
0x231a7	0x31cef0	DATA	obj_mgr::LockObject(Guid)	PUSH 0x71cef0
0x23355	0x31cef0	DATA	obj_mgr::LockObject(Guid)	PUSH 0x71cef0
0x233ba	0x31cef0	DATA	obj_mgr::LockObject(Guid)	PUSH 0x71cef0
0x23429	0x31cef0	DATA	obj_mgr::LockObject(Guid)	PUSH 0x71cef0
0x234bb	0x31cef0	DATA	obj_mgr::LockObject(Guid)	PUSH 0x71cef0
0x23548	0x31cef0	DATA	obj_mgr::LockObject(Guid)	PUSH 0x71cef0
0x2375d	0x31cef0	DATA	obj_mgr::LockObject(Guid)	PUSH 0x71cef0
0x23843	0x31cef0	DATA	obj_mgr::LockObject(Guid)	PUSH 0x71cef0
0x2396e	0x3200c0	DATA	C:\projects\meridian\Support\Objects\Bilbo\Bilbo.cpp	PUSH 0x7200c0
0x239ec	0x3200c0	DATA	C:\projects\meridian\Support\Objects\Bilbo\Bilbo.cpp	PUSH 0x7200c0
0x23abc	0x32071c	DATA	bilbo::Plants_CheckForPlants	PUSH 0x72071c
0x23b58	0x31cef0	DATA	obj_mgr::LockObject(Guid)	PUSH 0x71cef0
0x24231	0x3200c0	DATA	C:\projects\meridian\Support\Objects\Bilbo\Bilbo.cpp	PUSH 0x7200c0
0x249fe	0x3200c0	DATA	C:\projects\meridian\Support\Objects\Bilbo\Bilbo.cpp	PUSH 0x7200c0
0x24d8b	0x3200c0	DATA	C:\projects\meridian\Support\Objects\Bilbo\Bilbo.cpp	PUSH 0x7200c0
0x24f6b	0x3200c0	DATA	C:\projects\meridian\Support\Objects\Bilbo\Bilbo.cpp	PUSH 0x7200c0
0x267c1	0x320b68	DATA	bilbo::FindTargets	PUSH 0x720b68
0x26805	0x320b28	DATA	C:\projects\meridian\Support\Objects\Bilbo\BilboCombatState.cpp	PUSH 0x720b28
0x274da	0x320b28	DATA	C:\projects\meridian\Support\Objects\Bilbo\BilboCombatState.cpp	PUSH 0x720b28
0x274f3	0x320b28	DATA	C:\projects\meridian\Support\Objects\Bilbo\BilboCombatState.cpp	PUSH 0x720b28
0x2753a	0x320b28	DATA	C:\projects\meridian\Support\Objects\Bilbo\BilboCombatState.cpp	PUSH 0x720b28
0x27563	0x320b28	DATA	C:\projects\meridian\Support\Objects\Bilbo\BilboCombatState.cpp	PUSH 0x720b28
0x275ca	0x320b28	DATA	C:\projects\meridian\Support\Objects\Bilbo\BilboCombatState.cpp	PUSH 0x720b28
0x28239	0x320b28	DATA	C:\projects\meridian\Support\Objects\Bilbo\BilboCombatState.cpp	PUSH 0x720b28
0x28252	0x320b28	DATA	C:\projects\meridian\Support\Objects\Bilbo\BilboCombatState.cpp	PUSH 0x720b28
0x28880	0x320b28	DATA	C:\projects\meridian\Support\Objects\Bilbo\BilboCombatState.cpp	PUSH 0x720b28
0x2889d	0x320b28	DATA	C:\projects\meridian\Support\Objects\Bilbo\BilboCombatState.cpp	PUSH 0x720b28
0x288e4	0x320b28	DATA	C:\projects\meridian\Support\Objects\Bilbo\BilboCombatState.cpp	PUSH 0x720b28
0x2890f	0x320b28	DATA	C:\projects\meridian\Support\Objects\Bilbo\BilboCombatState.cpp	PUSH 0x720b28
0x2896d	0x320b28	DATA	C:\projects\meridian\Support\Objects\Bilbo\BilboCombatState.cpp	PUSH 0x720b28
0x2898f	0x320b28	DATA	C:\projects\meridian\Support\Objects\Bilbo\BilboCombatState.cpp	PUSH 0x720b28
0x289ae	0x320b28	DATA	C:\projects\meridian\Support\Objects\Bilbo\BilboCombatState.cpp	PUSH 0x720b28
0x289d8	0x320b28	DATA	C:\projects\meridian\Support\Objects\Bilbo\BilboCombatState.cpp	PUSH 0x720b28
0x28b19	0x320b28	DATA	C:\projects\meridian\Support\Objects\Bilbo\BilboCombatState.cpp	PUSH 0x720b28
0x28bb7	0x320b28	DATA	C:\projects\meridian\Support\Objects\Bilbo\BilboCombatState.cpp	PUSH 0x720b28
0x28bd2	0x320b28	DATA	C:\projects\meridian\Support\Objects\Bilbo\BilboCombatState.cpp	PUSH 0x720b28
0x28bf5	0x320b28	DATA	C:\projects\meridian\Support\Objects\Bilbo\BilboCombatState.cpp	PUSH 0x720b28
0x28c28	0x320b28	DATA	C:\projects\meridian\Support\Objects\Bilbo\BilboCombatState.cpp	PUSH 0x720b28
0x28c6c	0x320b28	DATA	C:\projects\meridian\Support\Objects\Bilbo\BilboCombatState.cpp	PUSH 0x720b28
0x28c8f	0x320b28	DATA	C:\projects\meridian\Support\Objects\Bilbo\BilboCombatState.cpp	PUSH 0x720b28
0x28cee	0x320b28	DATA	C:\projects\meridian\Support\Objects\Bilbo\BilboCombatState.cpp	PUSH 0x720b28
0x28d19	0x320b28	DATA	C:\projects\meridian\Support\Objects\Bilbo\BilboCombatState.cpp	PUSH 0x720b28
0x29444	0x320b28	DATA	C:\projects\meridian\Support\Objects\Bilbo\BilboCombatState.cpp	PUSH 0x720b28
0x29547	0x320b28	DATA	C:\projects\meridian\Support\Objects\Bilbo\BilboCombatState.cpp	PUSH 0x720b28
0x298b2	0x320b28	DATA	C:\projects\meridian\Support\Objects\Bilbo\BilboCombatState.cpp	PUSH 0x720b28
0x299f3	0x320b28	DATA	C:\projects\meridian\Support\Objects\Bilbo\BilboCombatState.cpp	PUSH 0x720b28
0x29a4c	0x320b28	DATA	C:\projects\meridian\Support\Objects\Bilbo\BilboCombatState.cpp	PUSH 0x720b28
0x29af4	0x320b28	DATA	C:\projects\meridian\Support\Objects\Bilbo\BilboCombatState.cpp	PUSH 0x720b28
0x29b2a	0x320b28	DATA	C:\projects\meridian\Support\Objects\Bilbo\BilboCombatState.cpp	PUSH 0x720b28
0x29c1a	0x320b28	DATA	C:\projects\meridian\Support\Objects\Bilbo\BilboCombatState.cpp	PUSH 0x720b28
0x29c31	0x320b28	DATA	C:\projects\meridian\Support\Objects\Bilbo\BilboCombatState.cpp	PUSH 0x720b28
0x29dbd	0x320b28	DATA	C:\projects\meridian\Support\Objects\Bilbo\BilboCombatState.cpp	PUSH 0x720b28
0x2a018	0x320b28	DATA	C:\projects\meridian\Support\Objects\Bilbo\BilboCombatState.cpp	PUSH 0x720b28
0x2a268	0x320b28	DATA	C:\projects\meridian\Support\Objects\Bilbo\BilboCombatState.cpp	PUSH 0x720b28
0x2a538	0x320b28	DATA	C:\projects\meridian\Support\Objects\Bilbo\BilboCombatState.cpp	PUSH 0x720b28
0x2a5fe	0x320b28	DATA	C:\projects\meridian\Support\Objects\Bilbo\BilboCombatState.cpp	PUSH 0x720b28
0x2e05a	0x320e1c	DATA	C:\projects\meridian\Support\Objects\Bilbo\BilboEdge.cpp	PUSH 0x720e1c
0x2e2f5	0x320e1c	DATA	C:\projects\meridian\Support\Objects\Bilbo\BilboEdge.cpp	PUSH 0x720e1c
0x2e32d	0x320e1c	DATA	C:\projects\meridian\Support\Objects\Bilbo\BilboEdge.cpp	PUSH 0x720e1c
0x2e4f0	0x320e1c	DATA	C:\projects\meridian\Support\Objects\Bilbo\BilboEdge.cpp	PUSH 0x720e1c
0x2e5c6	0x320e1c	DATA	C:\projects\meridian\Support\Objects\Bilbo\BilboEdge.cpp	PUSH 0x720e1c
0x2e68d	0x320e1c	DATA	C:\projects\meridian\Support\Objects\Bilbo\BilboEdge.cpp	PUSH 0x720e1c
0x2e708	0x320e1c	DATA	C:\projects\meridian\Support\Objects\Bilbo\BilboEdge.cpp	PUSH 0x720e1c
0x2ee66	0x320e1c	DATA	C:\projects\meridian\Support\Objects\Bilbo\BilboEdge.cpp	PUSH 0x720e1c
0x2ee80	0x320e1c	DATA	C:\projects\meridian\Support\Objects\Bilbo\BilboEdge.cpp	PUSH 0x720e1c
0x2f02c	0x320e1c	DATA	C:\projects\meridian\Support\Objects\Bilbo\BilboEdge.cpp	PUSH 0x720e1c
0x2f05c	0x320e1c	DATA	C:\projects\meridian\Support\Objects\Bilbo\BilboEdge.cpp	PUSH 0x720e1c
0x2f135	0x320e1c	DATA	C:\projects\meridian\Support\Objects\Bilbo\BilboEdge.cpp	PUSH 0x720e1c
0x2f18f	0x320ecc	DATA	bilbo::EdgeGrab_HandleMove	PUSH 0x720ecc
0x2f495	0x320eac	DATA	Character::HandleMoveStepOver	PUSH 0x720eac
0x317ee	0x320f10	DATA	C:\projects\meridian\Support\Objects\Bilbo\BilboHoistable.cpp	PUSH 0x720f10
0x31aa1	0x320f10	DATA	C:\projects\meridian\Support\Objects\Bilbo\BilboHoistable.cpp	PUSH 0x720f10
0x31f6c	0x320f10	DATA	C:\projects\meridian\Support\Objects\Bilbo\BilboHoistable.cpp	PUSH 0x720f10
0x32042	0x320f10	DATA	C:\projects\meridian\Support\Objects\Bilbo\BilboHoistable.cpp	PUSH 0x720f10
0x33be9	0x32305c	DATA	C:\projects\meridian\Support\Objects\Bilbo\BilboInventory.cpp	PUSH 0x72305c
0x342cb	0x32305c	DATA	C:\projects\meridian\Support\Objects\Bilbo\BilboInventory.cpp	PUSH 0x72305c
0x342db	0x32305c	DATA	C:\projects\meridian\Support\Objects\Bilbo\BilboInventory.cpp	PUSH 0x72305c
0x359c1	0x323b3c	DATA	bilboInventory::InitQuestData	PUSH 0x723b3c
0x3789e	0x323c74	DATA	bilbo::Ladder_Update	PUSH 0x723c74
0x378d2	0x31cef0	DATA	obj_mgr::LockObject(Guid)	PUSH 0x71cef0
0x379d5	0x31cef0	DATA	obj_mgr::LockObject(Guid)	PUSH 0x71cef0
0x37aab	0x31cef0	DATA	obj_mgr::LockObject(Guid)	PUSH 0x71cef0
0x38c73	0x323d0c	DATA	C:\projects\meridian\Support\Objects\Bilbo\BilboLadder.cpp	PUSH 0x723d0c
0x38fbc	0x323d0c	DATA	C:\projects\meridian\Support\Objects\Bilbo\BilboLadder.cpp	PUSH 0x723d0c
0x390b8	0x323d0c	DATA	C:\projects\meridian\Support\Objects\Bilbo\BilboLadder.cpp	PUSH 0x723d0c
0x39707	0x323d0c	DATA	C:\projects\meridian\Support\Objects\Bilbo\BilboLadder.cpp	PUSH 0x723d0c
0x3971d	0x323d0c	DATA	C:\projects\meridian\Support\Objects\Bilbo\BilboLadder.cpp	PUSH 0x723d0c
0x3975b	0x323d0c	DATA	C:\projects\meridian\Support\Objects\Bilbo\BilboLadder.cpp	PUSH 0x723d0c
0x3986d	0x323d6c	DATA	bilbo::LoadTriggers_CheckForLoadTriggers	PUSH 0x723d6c
0x398b8	0x31cef0	DATA	obj_mgr::LockObject(Guid)	PUSH 0x71cef0
0x3a864	0x324060	DATA	C:\projects\meridian\Support\Objects\Bilbo\BilboLogicState.cpp	PUSH 0x724060
0x3a8ce	0x324060	DATA	C:\projects\meridian\Support\Objects\Bilbo\BilboLogicState.cpp	PUSH 0x724060
0x3a8f0	0x324060	DATA	C:\projects\meridian\Support\Objects\Bilbo\BilboLogicState.cpp	PUSH 0x724060
0x3a912	0x324060	DATA	C:\projects\meridian\Support\Objects\Bilbo\BilboLogicState.cpp	PUSH 0x724060
0x3a934	0x324060	DATA	C:\projects\meridian\Support\Objects\Bilbo\BilboLogicState.cpp	PUSH 0x724060
0x3a991	0x324060	DATA	C:\projects\meridian\Support\Objects\Bilbo\BilboLogicState.cpp	PUSH 0x724060
0x3a9ab	0x324060	DATA	C:\projects\meridian\Support\Objects\Bilbo\BilboLogicState.cpp	PUSH 0x724060
0x3a9eb	0x324060	DATA	C:\projects\meridian\Support\Objects\Bilbo\BilboLogicState.cpp	PUSH 0x724060
0x3aa36	0x324060	DATA	C:\projects\meridian\Support\Objects\Bilbo\BilboLogicState.cpp	PUSH 0x724060
0x3aa8b	0x324060	DATA	C:\projects\meridian\Support\Objects\Bilbo\BilboLogicState.cpp	PUSH 0x724060
0x3b0ae	0x324060	DATA	C:\projects\meridian\Support\Objects\Bilbo\BilboLogicState.cpp	PUSH 0x724060
0x3b0c6	0x324060	DATA	C:\projects\meridian\Support\Objects\Bilbo\BilboLogicState.cpp	PUSH 0x724060
0x3b215	0x324060	DATA	C:\projects\meridian\Support\Objects\Bilbo\BilboLogicState.cpp	PUSH 0x724060
0x3b28e	0x324060	DATA	C:\projects\meridian\Support\Objects\Bilbo\BilboLogicState.cpp	PUSH 0x724060
0x3b2b1	0x324060	DATA	C:\projects\meridian\Support\Objects\Bilbo\BilboLogicState.cpp	PUSH 0x724060
0x3b2d4	0x324060	DATA	C:\projects\meridian\Support\Objects\Bilbo\BilboLogicState.cpp	PUSH 0x724060
0x3b2f7	0x324060	DATA	C:\projects\meridian\Support\Objects\Bilbo\BilboLogicState.cpp	PUSH 0x724060
0x3b359	0x324060	DATA	C:\projects\meridian\Support\Objects\Bilbo\BilboLogicState.cpp	PUSH 0x724060
0x3b372	0x324060	DATA	C:\projects\meridian\Support\Objects\Bilbo\BilboLogicState.cpp	PUSH 0x724060
0x3b568	0x324060	DATA	C:\projects\meridian\Support\Objects\Bilbo\BilboLogicState.cpp	PUSH 0x724060
0x3b57f	0x324060	DATA	C:\projects\meridian\Support\Objects\Bilbo\BilboLogicState.cpp	PUSH 0x724060
0x3b62e	0x324060	DATA	C:\projects\meridian\Support\Objects\Bilbo\BilboLogicState.cpp	PUSH 0x724060
0x3b679	0x324060	DATA	C:\projects\meridian\Support\Objects\Bilbo\BilboLogicState.cpp	PUSH 0x724060
0x3b9fd	0x324060	DATA	C:\projects\meridian\Support\Objects\Bilbo\BilboLogicState.cpp	PUSH 0x724060
0x3ba3f	0x324060	DATA	C:\projects\meridian\Support\Objects\Bilbo\BilboLogicState.cpp	PUSH 0x724060
0x3ba64	0x324060	DATA	C:\projects\meridian\Support\Objects\Bilbo\BilboLogicState.cpp	PUSH 0x724060
0x3ba86	0x324060	DATA	C:\projects\meridian\Support\Objects\Bilbo\BilboLogicState.cpp	PUSH 0x724060
0x3badd	0x324060	DATA	C:\projects\meridian\Support\Objects\Bilbo\BilboLogicState.cpp	PUSH 0x724060
0x3bb38	0x324060	DATA	C:\projects\meridian\Support\Objects\Bilbo\BilboLogicState.cpp	PUSH 0x724060
0x3bb9e	0x324060	DATA	C:\projects\meridian\Support\Objects\Bilbo\BilboLogicState.cpp	PUSH 0x724060
0x3bc39	0x324060	DATA	C:\projects\meridian\Support\Objects\Bilbo\BilboLogicState.cpp	PUSH 0x724060
0x3bc75	0x324060	DATA	C:\projects\meridian\Support\Objects\Bilbo\BilboLogicState.cpp	PUSH 0x724060
0x3bca6	0x324060	DATA	C:\projects\meridian\Support\Objects\Bilbo\BilboLogicState.cpp	PUSH 0x724060
0x3bd24	0x324060	DATA	C:\projects\meridian\Support\Objects\Bilbo\BilboLogicState.cpp	PUSH 0x724060
0x3bd99	0x324060	DATA	C:\projects\meridian\Support\Objects\Bilbo\BilboLogicState.cpp	PUSH 0x724060
0x3be72	0x324060	DATA	C:\projects\meridian\Support\Objects\Bilbo\BilboLogicState.cpp	PUSH 0x724060
0x3cd4c	0x324060	DATA	C:\projects\meridian\Support\Objects\Bilbo\BilboLogicState.cpp	PUSH 0x724060
0x3cf10	0x324060	DATA	C:\projects\meridian\Support\Objects\Bilbo\BilboLogicState.cpp	PUSH 0x724060
0x3cf4d	0x324060	DATA	C:\projects\meridian\Support\Objects\Bilbo\BilboLogicState.cpp	PUSH 0x724060
0x3cf6f	0x324060	DATA	C:\projects\meridian\Support\Objects\Bilbo\BilboLogicState.cpp	PUSH 0x724060
0x3cfce	0x324060	DATA	C:\projects\meridian\Support\Objects\Bilbo\BilboLogicState.cpp	PUSH 0x724060
0x3d005	0x324060	DATA	C:\projects\meridian\Support\Objects\Bilbo\BilboLogicState.cpp	PUSH 0x724060
0x3d028	0x324060	DATA	C:\projects\meridian\Support\Objects\Bilbo\BilboLogicState.cpp	PUSH 0x724060
0x3d091	0x324060	DATA	C:\projects\meridian\Support\Objects\Bilbo\BilboLogicState.cpp	PUSH 0x724060
0x3d0c8	0x324060	DATA	C:\projects\meridian\Support\Objects\Bilbo\BilboLogicState.cpp	PUSH 0x724060
0x3d160	0x324060	DATA	C:\projects\meridian\Support\Objects\Bilbo\BilboLogicState.cpp	PUSH 0x724060
0x3d1d5	0x324060	DATA	C:\projects\meridian\Support\Objects\Bilbo\BilboLogicState.cpp	PUSH 0x724060
0x3d7a6	0x324060	DATA	C:\projects\meridian\Support\Objects\Bilbo\BilboLogicState.cpp	PUSH 0x724060
0x3d847	0x324060	DATA	C:\projects\meridian\Support\Objects\Bilbo\BilboLogicState.cpp	PUSH 0x724060
0x3d8da	0x324060	DATA	C:\projects\meridian\Support\Objects\Bilbo\BilboLogicState.cpp	PUSH 0x724060
0x3d972	0x324060	DATA	C:\projects\meridian\Support\Objects\Bilbo\BilboLogicState.cpp	PUSH 0x724060
0x3d9bf	0x324060	DATA	C:\projects\meridian\Support\Objects\Bilbo\BilboLogicState.cpp	PUSH 0x724060
0x3d9f8	0x324060	DATA	C:\projects\meridian\Support\Objects\Bilbo\BilboLogicState.cpp	PUSH 0x724060
0x3da64	0x324060	DATA	C:\projects\meridian\Support\Objects\Bilbo\BilboLogicState.cpp	PUSH 0x724060
0x3e346	0x324060	DATA	C:\projects\meridian\Support\Objects\Bilbo\BilboLogicState.cpp	PUSH 0x724060
0x3e49c	0x324060	DATA	C:\projects\meridian\Support\Objects\Bilbo\BilboLogicState.cpp	PUSH 0x724060
0x3e523	0x324060	DATA	C:\projects\meridian\Support\Objects\Bilbo\BilboLogicState.cpp	PUSH 0x724060
0x3e5b2	0x324060	DATA	C:\projects\meridian\Support\Objects\Bilbo\BilboLogicState.cpp	PUSH 0x724060
0x3e5ff	0x324060	DATA	C:\projects\meridian\Support\Objects\Bilbo\BilboLogicState.cpp	PUSH 0x724060
0x3e638	0x324060	DATA	C:\projects\meridian\Support\Objects\Bilbo\BilboLogicState.cpp	PUSH 0x724060
0x3e6a6	0x324060	DATA	C:\projects\meridian\Support\Objects\Bilbo\BilboLogicState.cpp	PUSH 0x724060
0x3ecdc	0x324060	DATA	C:\projects\meridian\Support\Objects\Bilbo\BilboLogicState.cpp	PUSH 0x724060
0x3ecfc	0x324060	DATA	C:\projects\meridian\Support\Objects\Bilbo\BilboLogicState.cpp	PUSH 0x724060
0x3ed39	0x324060	DATA	C:\projects\meridian\Support\Objects\Bilbo\BilboLogicState.cpp	PUSH 0x724060
0x3ed86	0x324060	DATA	C:\projects\meridian\Support\Objects\Bilbo\BilboLogicState.cpp	PUSH 0x724060
0x3eded	0x324060	DATA	C:\projects\meridian\Support\Objects\Bilbo\BilboLogicState.cpp	PUSH 0x724060
0x3ee03	0x324060	DATA	C:\projects\meridian\Support\Objects\Bilbo\BilboLogicState.cpp	PUSH 0x724060
0x3ee41	0x324060	DATA	C:\projects\meridian\Support\Objects\Bilbo\BilboLogicState.cpp	PUSH 0x724060
0x3eef3	0x324060	DATA	C:\projects\meridian\Support\Objects\Bilbo\BilboLogicState.cpp	PUSH 0x724060
0x3f085	0x324060	DATA	C:\projects\meridian\Support\Objects\Bilbo\BilboLogicState.cpp	PUSH 0x724060
0x3f0b4	0x324060	DATA	C:\projects\meridian\Support\Objects\Bilbo\BilboLogicState.cpp	PUSH 0x724060
0x3f122	0x324060	DATA	C:\projects\meridian\Support\Objects\Bilbo\BilboLogicState.cpp	PUSH 0x724060
0x3f1a0	0x324060	DATA	C:\projects\meridian\Support\Objects\Bilbo\BilboLogicState.cpp	PUSH 0x724060
0x3f2a9	0x324060	DATA	C:\projects\meridian\Support\Objects\Bilbo\BilboLogicState.cpp	PUSH 0x724060
0x3f2ef	0x324060	DATA	C:\projects\meridian\Support\Objects\Bilbo\BilboLogicState.cpp	PUSH 0x724060
0x3f33a	0x324060	DATA	C:\projects\meridian\Support\Objects\Bilbo\BilboLogicState.cpp	PUSH 0x724060
0x3f3a8	0x324060	DATA	C:\projects\meridian\Support\Objects\Bilbo\BilboLogicState.cpp	PUSH 0x724060
0x3f3d8	0x324060	DATA	C:\projects\meridian\Support\Objects\Bilbo\BilboLogicState.cpp	PUSH 0x724060
0x3f4ab	0x324060	DATA	C:\projects\meridian\Support\Objects\Bilbo\BilboLogicState.cpp	PUSH 0x724060
0x3fb1c	0x324060	DATA	C:\projects\meridian\Support\Objects\Bilbo\BilboLogicState.cpp	PUSH 0x724060
0x3fb36	0x324060	DATA	C:\projects\meridian\Support\Objects\Bilbo\BilboLogicState.cpp	PUSH 0x724060
0x3fcd8	0x324060	DATA	C:\projects\meridian\Support\Objects\Bilbo\BilboLogicState.cpp	PUSH 0x724060
0x3fcfd	0x324060	DATA	C:\projects\meridian\Support\Objects\Bilbo\BilboLogicState.cpp	PUSH 0x724060
0x3fd21	0x324060	DATA	C:\projects\meridian\Support\Objects\Bilbo\BilboLogicState.cpp	PUSH 0x724060
0x3fd45	0x324060	DATA	C:\projects\meridian\Support\Objects\Bilbo\BilboLogicState.cpp	PUSH 0x724060
0x3fd67	0x324060	DATA	C:\projects\meridian\Support\Objects\Bilbo\BilboLogicState.cpp	PUSH 0x724060
0x3fdc2	0x324060	DATA	C:\projects\meridian\Support\Objects\Bilbo\BilboLogicState.cpp	PUSH 0x724060
0x403bf	0x324060	DATA	C:\projects\meridian\Support\Objects\Bilbo\BilboLogicState.cpp	PUSH 0x724060
0x4044a	0x324060	DATA	C:\projects\meridian\Support\Objects\Bilbo\BilboLogicState.cpp	PUSH 0x724060
0x404b8	0x324060	DATA	C:\projects\meridian\Support\Objects\Bilbo\BilboLogicState.cpp	PUSH 0x724060
0x40625	0x324060	DATA	C:\projects\meridian\Support\Objects\Bilbo\BilboLogicState.cpp	PUSH 0x724060
0x40f5e	0x324060	DATA	C:\projects\meridian\Support\Objects\Bilbo\BilboLogicState.cpp	PUSH 0x724060
0x4107e	0x324060	DATA	C:\projects\meridian\Support\Objects\Bilbo\BilboLogicState.cpp	PUSH 0x724060
0x412df	0x324060	DATA	C:\projects\meridian\Support\Objects\Bilbo\BilboLogicState.cpp	PUSH 0x724060
0x41488	0x324060	DATA	C:\projects\meridian\Support\Objects\Bilbo\BilboLogicState.cpp	PUSH 0x724060
0x41ab7	0x324060	DATA	C:\projects\meridian\Support\Objects\Bilbo\BilboLogicState.cpp	PUSH 0x724060
0x42368	0x324060	DATA	C:\projects\meridian\Support\Objects\Bilbo\BilboLogicState.cpp	PUSH 0x724060
0x43d17	0x324354	DATA	C:\projects\meridian\Support\Objects\Bilbo\BilboNavState.cpp	PUSH 0x724354
0x46eee	0x3244d0	DATA	bilbo::Platform_CheckForPlatform	PUSH 0x7244d0
0x46f2c	0x31cef0	DATA	obj_mgr::LockObject(Guid)	PUSH 0x71cef0
0x47022	0x31cef0	DATA	obj_mgr::LockObject(Guid)	PUSH 0x71cef0
0x47181	0x3244f4	DATA	bilbo::Platform_CatchUpWithPlatform	PUSH 0x7244f4
0x471de	0x31cef0	DATA	obj_mgr::LockObject(Guid)	PUSH 0x71cef0
0x47c81	0x324518	DATA	bilbo::Platform_CollideWithPlatforms	PUSH 0x724518
0x47cd8	0x31cef0	DATA	obj_mgr::LockObject(Guid)	PUSH 0x71cef0
0x48572	0x324540	DATA	C:\projects\meridian\Support\Objects\Bilbo\BilboPushBlock.cpp	PUSH 0x724540
0x485ae	0x324580	DATA	bilbo::PushBox_CheckForPushBox	PUSH 0x724580
0x48678	0x31cef0	DATA	obj_mgr::LockObject(Guid)	PUSH 0x71cef0
0x4893e	0x3245a0	DATA	bilbo::PushBox_CheckForActivatePushBox	PUSH 0x7245a0
0x48995	0x31cef0	DATA	obj_mgr::LockObject(Guid)	PUSH 0x71cef0
0x48ab3	0x324540	DATA	C:\projects\meridian\Support\Objects\Bilbo\BilboPushBlock.cpp	PUSH 0x724540
0x48ddc	0x324540	DATA	C:\projects\meridian\Support\Objects\Bilbo\BilboPushBlock.cpp	PUSH 0x724540
0x49bc8	0x31cef0	DATA	obj_mgr::LockObject(Guid)	PUSH 0x71cef0
0x49c49	0x31cef0	DATA	obj_mgr::LockObject(Guid)	PUSH 0x71cef0
0x4af32	0x324604	DATA	C:\projects\meridian\Support\Objects\Bilbo\BilboRope.cpp	PUSH 0x724604
0x4b3ee	0x324604	DATA	C:\projects\meridian\Support\Objects\Bilbo\BilboRope.cpp	PUSH 0x724604
0x4b56b	0x324604	DATA	C:\projects\meridian\Support\Objects\Bilbo\BilboRope.cpp	PUSH 0x724604
0x4b64f	0x324604	DATA	C:\projects\meridian\Support\Objects\Bilbo\BilboRope.cpp	PUSH 0x724604
0x4b7c0	0x324604	DATA	C:\projects\meridian\Support\Objects\Bilbo\BilboRope.cpp	PUSH 0x724604
0x4b7ef	0x324604	DATA	C:\projects\meridian\Support\Objects\Bilbo\BilboRope.cpp	PUSH 0x724604
0x4d1e6	0x3248b0	DATA	C:\projects\meridian\Support\Objects\Bilbo\BilboSwitches.cpp	PUSH 0x7248b0
0x4d30b	0x3248f0	DATA	bilbo::Triggers_CheckForTriggers	PUSH 0x7248f0
0x4d3bb	0x324914	DATA	bilbo::Triggers_CheckForActivate	PUSH 0x724914
0x4d42b	0x324938	DATA	bilbo::Switches_CheckForSwitches	PUSH 0x724938
0x4d4ab	0x32495c	DATA	bilbo::Switches_CheckForActivateSwitch	PUSH 0x72495c
0x4d54b	0x324984	DATA	bilbo::Treasure_CheckForTreasureChests	PUSH 0x724984
0x4d5cb	0x3249ac	DATA	bilbo::Treasure_CheckForActivateChest	PUSH 0x7249ac
0x4d66b	0x3249d4	DATA	bilbo::Save_CheckForSavePedestal	PUSH 0x7249d4
0x4d6eb	0x3249f8	DATA	bilbo::Save_CheckForActivateSave	PUSH 0x7249f8
0x4d78b	0x324a1c	DATA	bilbo::Hoistables_CheckForHoistables	PUSH 0x724a1c
0x4d8eb	0x324a44	DATA	bilbo::Hoistables_CheckForActivate	PUSH 0x724a44
0x4d95d	0x324a68	DATA	bilbo::Conversation_CheckForParticipants	PUSH 0x724a68
0x4d970	0x3248b0	DATA	C:\projects\meridian\Support\Objects\Bilbo\BilboSwitches.cpp	PUSH 0x7248b0
0x4d9f0	0x31cef0	DATA	obj_mgr::LockObject(Guid)	PUSH 0x71cef0
0x4dd3e	0x324a94	DATA	bilbo::Conversation_CheckForStart	PUSH 0x724a94
0x4ddac	0x31cef0	DATA	obj_mgr::LockObject(Guid)	PUSH 0x71cef0
0x4dea1	0x31cef0	DATA	obj_mgr::LockObject(Guid)	PUSH 0x71cef0
0x4e05e	0x3248b0	DATA	C:\projects\meridian\Support\Objects\Bilbo\BilboSwitches.cpp	PUSH 0x7248b0
0x4f49a	0x31cef0	DATA	obj_mgr::LockObject(Guid)	PUSH 0x71cef0
0x4f7fc	0x324b74	DATA	eel_colony::OnAdvanceLogic	PUSH 0x724b74
0x4f960	0x31cef0	DATA	obj_mgr::LockObject(Guid)	PUSH 0x71cef0
0x4fcae	0x324d28	DATA	eel_colony::OnImport	PUSH 0x724d28
0x4fef0	0x31d1b4	DATA	obj_mgr::LockObjectEvenIfDeactivated(Guid)	PUSH 0x71d1b4
0x521bc	0x324f20	DATA	eel_hole::OnAdvanceLogic	PUSH 0x724f20
0x5259c	0x324f4c	DATA	eel_hole::OnImport	PUSH 0x724f4c
0x535c6	0x324fec	DATA	AmbientAudioMgr::OnAdvanceLogic	PUSH 0x724fec
0x5410f	0x3250a4	DATA	AmbientAudioMgr::OnImport	PUSH 0x7250a4
0x55138	0x32518c	DATA	ambient_audio_trigger::RenderCustom	PUSH 0x72518c
0x55176	0x3251b0	DATA	ambient_audio_trigger::OnAdvanceLogic	PUSH 0x7251b0
0x56da0	0x325764	DATA	ambient_audio_trigger::OnImport	PUSH 0x725764
0x577ce	0x325794	DATA	audio_emitter::OnAdvanceLogic	PUSH 0x725794
0x5780a	0x31cef0	DATA	obj_mgr::LockObject(Guid)	PUSH 0x71cef0
0x57f81	0x325868	DATA	audio_emitter::OnImport 	PUSH 0x725868
0x5a2cc	0x325a18	DATA	boulder_run::OnAdvanceLogic	PUSH 0x725a18
0x5a681	0x325aa4	DATA	boulder_run::OnImport	PUSH 0x725aa4
0x5b56b	0x325b68	DATA	breakaway::OnAdvanceLogic	PUSH 0x725b68
0x5b8fc	0x325bb4	DATA	breakaway::OnImport	PUSH 0x725bb4
0x5be6c	0x325bd4	DATA	camera::OnAdvanceLogic	PUSH 0x725bd4
0x5bf2e	0x325bf0	DATA	camera::RenderCustom	PUSH 0x725bf0
0x5c61c	0x325c08	DATA	camera::MoveTowardsDesired	PUSH 0x725c08
0x5cbfc	0x325c24	DATA	camera::CollectBlockingObjectList	PUSH 0x725c24
0x5cd7b	0x31cef0	DATA	obj_mgr::LockObject(Guid)	PUSH 0x71cef0
0x5ce5b	0x31cef0	DATA	obj_mgr::LockObject(Guid)	PUSH 0x71cef0
0x5d370	0x325c9c	DATA	camera_influence::OnImport	PUSH 0x725c9c
0x5d52c	0x325cb8	DATA	camera_influence::RenderCustom	PUSH 0x725cb8
0x5e67c	0x325fa8	DATA	camera_modifier::OnImport	PUSH 0x725fa8
0x60663	0x326004	DATA	camera_path::OnAdvanceLogic	PUSH 0x726004
0x61181	0x326044	DATA	camera_path::RenderCustom	PUSH 0x726044
0x6178d	0x326128	DATA	camera_path::OnImport	PUSH 0x726128
0x67eed	0x3267dc	DATA	CharacterObject::OnAdvanceLogic	PUSH 0x7267dc
0x6847e	0x3267fc	DATA	Character::FindGround	PUSH 0x7267fc
0x688fe	0x32685c	DATA	CharacterObject::SolvePersonalSpace	PUSH 0x72685c
0x68a6a	0x326818	DATA	C:\projects\meridian\Support\Objects\Character\CharacterObject.cpp	PUSH 0x726818
0x68d3e	0x320eac	DATA	Character::HandleMoveStepOver	PUSH 0x720eac
0x69080	0x326880	DATA	Character::HandleMove	PUSH 0x726880
0x69d9d	0x326bfc	DATA	cinema::cinema()	PUSH 0x726bfc
0x6a20c	0x326c6c	DATA	cinema::OnAdvanceLogic	PUSH 0x726c6c
0x6be21	0x327300	DATA	camera::OnImport	PUSH 0x727300
0x752ee	0x327c50	DATA	cinema_action::OnImport	PUSH 0x727c50
0x75527	0x31cef0	DATA	obj_mgr::LockObject(Guid)	PUSH 0x71cef0
0x755dc	0x31cef0	DATA	obj_mgr::LockObject(Guid)	PUSH 0x71cef0
0x75639	0x31cef0	DATA	obj_mgr::LockObject(Guid)	PUSH 0x71cef0
0x763fe	0x327d44	DATA	cinema_popto::OnImport	PUSH 0x727d44
0x7747e	0x327e88	DATA	cinema_dialog::OnImport	PUSH 0x727e88
0x78684	0x31cef0	DATA	obj_mgr::LockObject(Guid)	PUSH 0x71cef0
0x79ffe	0x32814c	DATA	cinema_camera::OnImport	PUSH 0x72814c
0x7a7ee	0x328204	DATA	cinema_fx::OnImport	PUSH 0x728204
0x7bced	0x3282e8	DATA	cinema_fxobj_trigger::OnImport	PUSH 0x7282e8
0x7cabd	0x32838c	DATA	cinema_audio::OnImport	PUSH 0x72838c
0x7d19d	0x328404	DATA	cinema_script::OnImport	PUSH 0x728404
0x7d2ab	0x32841c	DATA	cinema_ai::OnImport	PUSH 0x72841c
0x7da2d	0x328498	DATA	cinema_ai_trigger::OnImport	PUSH 0x728498
0x7dae4	0x31cef0	DATA	obj_mgr::LockObject(Guid)	PUSH 0x71cef0
0x7edd1	0x328708	DATA	cinema_anim::OnImport	PUSH 0x728708
0x7f22c	0x31cef0	DATA	obj_mgr::LockObject(Guid)	PUSH 0x71cef0
0x8055e	0x32884c	DATA	cinema_anim_inst::OnImport	PUSH 0x72884c
0x80cdd	0x3288d4	DATA	cinema_music::OnImport	PUSH 0x7288d4
0x819ab	0x3288fc	DATA	fog_plane::OnAdvanceLogic	PUSH 0x7288fc
0x81fb1	0x328a04	DATA	fog_plane::OnImport	PUSH 0x728a04
0x83d51	0x328ca4	DATA	fog_plane::RenderCustom	PUSH 0x728ca4
0x84700	0x328d24	DATA	fog_volume::OnAdvanceLogic	PUSH 0x728d24
0x84856	0x31cef0	DATA	obj_mgr::LockObject(Guid)	PUSH 0x71cef0
0x85214	0x328d40	DATA	C:\projects\meridian\Support\Objects\FogVolume\FogVolume.cpp	PUSH 0x728d40
0x857bb	0x328d9c	DATA	fog_volume::RenderCustom	PUSH 0x728d9c
0x862fd	0x328eb8	DATA	fog_volume::OnImport	PUSH 0x728eb8
0x8816e	0x3291b4	DATA	fog_volume::RenderParticles	PUSH 0x7291b4
0x887f9	0x329214	DATA	fx_object_loader::Load	PUSH 0x729214
0x88d58	0x32922c	DATA	fx_object::FireAndForget:%s	PUSH 0x72922c
0x88da1	0x31cef0	DATA	obj_mgr::LockObject(Guid)	PUSH 0x71cef0
0x8905c	0x329284	DATA	fx_object::OnAdvanceLogic	PUSH 0x729284
0x8968b	0x3292a0	DATA	fx_object::Render	PUSH 0x7292a0
0x896eb	0x3292b4	DATA	fx_object::RenderCustom	PUSH 0x7292b4
0x89870	0x329310	DATA	fx_object::OnImport	PUSH 0x729310
0x8a094	0x31cef0	DATA	obj_mgr::LockObject(Guid)	PUSH 0x71cef0
0x8a78f	0x31cef0	DATA	obj_mgr::LockObject(Guid)	PUSH 0x71cef0
0x8b5a6	0x3293d0	DATA	C:\projects\meridian\Support\Objects\FXObject\FXObject.cpp	PUSH 0x7293d0
0x8b638	0x3293d0	DATA	C:\projects\meridian\Support\Objects\FXObject\FXObject.cpp	PUSH 0x7293d0
0x8c063	0x329438	DATA	globals::OnAdvanceLogic	PUSH 0x729438
0x8c0bf	0x3294d8	DATA	globals::OnImport	PUSH 0x7294d8
0x8ee01	0x329834	DATA	internal::OnAdvanceLogic	PUSH 0x729834
0x8eee8	0x31cef0	DATA	obj_mgr::LockObject(Guid)	PUSH 0x71cef0
0x90981	0x32991c	DATA	internal::OnImport	PUSH 0x72991c
0x9414c	0x329adc	DATA	light::OnImport	PUSH 0x729adc
0x942eb	0x329aec	DATA	light::OnAdvanceLogic	PUSH 0x729aec
0x961fc	0x329c0c	DATA	light_beam::OnImport	PUSH 0x729c0c
0x9671c	0x329c28	DATA	line_seg::OnImport	PUSH 0x729c28
0x977fd	0x329ce4	DATA	load_trigger::RenderCustom	PUSH 0x729ce4
0x978c3	0x329d00	DATA	load_trigger::OnAdvanceLogic	PUSH 0x729d00
0x99951	0x329ef8	DATA	load_trigger::OnImport	PUSH 0x729ef8
0x9a1e3	0x329f48	DATA	marker::OnAdvanceLogic	PUSH 0x729f48
0x9a35c	0x329f60	DATA	marker::RenderCustom	PUSH 0x729f60
0x9a480	0x329f80	DATA	marker::OnImport	PUSH 0x729f80
0x9b211	0x32a04c	DATA	C:\projects\meridian\Support\Objects\Meridian\MeridianObj.cpp	PUSH 0x72a04c
0x9b6c3	0x32a04c	DATA	C:\projects\meridian\Support\Objects\Meridian\MeridianObj.cpp	PUSH 0x72a04c
0x9d061	0x32a4f4	DATA	MotionLinear::OnAdvanceLogic	PUSH 0x72a4f4
0x9d97e	0x32a528	DATA	nav_point::RenderCustom	PUSH 0x72a528
0x9d9c5	0x31cef0	DATA	obj_mgr::LockObject(Guid)	PUSH 0x71cef0
0x9dd6e	0x32a560	DATA	nav_point::CalculateLinks	PUSH 0x72a560
0x9de8d	0x31cef0	DATA	obj_mgr::LockObject(Guid)	PUSH 0x71cef0
0x9e1bc	0x32a5a0	DATA	nav_point::OnImport	PUSH 0x72a5a0
0x9f07c	0x32ac68	DATA	NPCObject::NPCObject()	PUSH 0x72ac68
0x9f4dd	0x32ac80	DATA	NPCObject::OnInit	PUSH 0x72ac80
0x9ff03	0x32addc	DATA	NPCObject::SetProp()	PUSH 0x72addc
0x9fff1	0x31cef0	DATA	obj_mgr::LockObject(Guid)	PUSH 0x71cef0
0xa0082	0x31cef0	DATA	obj_mgr::LockObject(Guid)	PUSH 0x71cef0
0xa0291	0x31cef0	DATA	obj_mgr::LockObject(Guid)	PUSH 0x71cef0
0xa031f	0x31cef0	DATA	obj_mgr::LockObject(Guid)	PUSH 0x71cef0
0xa04c0	0x31cef0	DATA	obj_mgr::LockObject(Guid)	PUSH 0x71cef0
0xa05bc	0x31cef0	DATA	obj_mgr::LockObject(Guid)	PUSH 0x71cef0
0xa07da	0x31cef0	DATA	obj_mgr::LockObject(Guid)	PUSH 0x71cef0
0xa08dc	0x31cef0	DATA	obj_mgr::LockObject(Guid)	PUSH 0x71cef0
0xa14db	0x32adf4	DATA	NPCObject::OnAdvanceLogic	PUSH 0x72adf4
0xa176c	0x32ae80	DATA	NPCObject::AdvanceFullUpdate	PUSH 0x72ae80
0xa178b	0x32ae58	DATA	NPCObject::AdvanceFullUpdate-fireflies	PUSH 0x72ae58
0xa17ce	0x32ae34	DATA	NPCObject::AdvanceFullUpdate-wisp	PUSH 0x72ae34
0xa1993	0x32ae10	DATA	NPCObject::AdvanceFullUpdate-drown	PUSH 0x72ae10
0xa1a1b	0x32aea0	DATA	NPCObject::AdvanceMove	PUSH 0x72aea0
0xa1aeb	0x32aeb8	DATA	NPCObject::AdvanceSleep	PUSH 0x72aeb8
0xa1c4b	0x32aed0	DATA	NPCObject::AdvanceDeathTimer	PUSH 0x72aed0
0xa1c83	0x31cef0	DATA	obj_mgr::LockObject(Guid)	PUSH 0x71cef0
0xa1e6d	0x32aef0	DATA	NPCObject::AdvanceHealthMeter	PUSH 0x72aef0
0xa200d	0x32af10	DATA	NPCObject::AdvanceEventProcessing	PUSH 0x72af10
0xa202e	0x31cef0	DATA	obj_mgr::LockObject(Guid)	PUSH 0x71cef0
0xa238b	0x32af34	DATA	NPCObject::FindGround	PUSH 0x72af34
0xa242e	0x32af4c	DATA	NPCObject::SpiderFindGround	PUSH 0x72af4c
0xa29d1	0x32afa4	DATA	NPCObject::UpdateProps	PUSH 0x72afa4
0xa2a5a	0x31cef0	DATA	obj_mgr::LockObject(Guid)	PUSH 0x71cef0
0xa2b87	0x31cef0	DATA	obj_mgr::LockObject(Guid)	PUSH 0x71cef0
0xa2d08	0x31cef0	DATA	obj_mgr::LockObject(Guid)	PUSH 0x71cef0
0xa2e90	0x31cef0	DATA	obj_mgr::LockObject(Guid)	PUSH 0x71cef0
0xa2ff4	0x31cef0	DATA	obj_mgr::LockObject(Guid)	PUSH 0x71cef0
0xa3810	0x32afbc	DATA	NPCObject::RenderGeometry	PUSH 0x72afbc
0xa429b	0x32b034	DATA	NPCObject::EmitPain	PUSH 0x72b034
0xa4631	0x31cef0	DATA	obj_mgr::LockObject(Guid)	PUSH 0x71cef0
0xa5a90	0x32b228	DATA	NPCObject::OnImport	PUSH 0x72b228
0xa645b	0x32b23c	DATA	NPCObject::Move	PUSH 0x72b23c
0xa6556	0x32b24c	DATA	NPCObject::OnRotate	PUSH 0x72b24c
0xa65cc	0x32b260	DATA	NPCObject::SetRotation	PUSH 0x72b260
0xa68cc	0x32b284	DATA	NPCObject::BuildMatrices	PUSH 0x72b284
0xa6b38	0x32b2a0	DATA	NPCObject::FastChickenMove	PUSH 0x72b2a0
0xa6c3b	0x32b2bc	DATA	NPCObject::HandleMove	PUSH 0x72b2bc
0xa9669	0x31cef0	DATA	obj_mgr::LockObject(Guid)	PUSH 0x71cef0
0xa973d	0x31cef0	DATA	obj_mgr::LockObject(Guid)	PUSH 0x71cef0
0xa9aee	0x32b72c	DATA	NPCObject::FireFlyData::OnAdvanceLogic	PUSH 0x72b72c
0xaa3ae	0x32b7a4	DATA	C:\projects\meridian\Support\ObjectMgr\Object.cpp	PUSH 0x72b7a4
0xaa423	0x32b7d8	DATA	object::OnAdvanceLogic	PUSH 0x72b7d8
0xaa761	0x32b8a4	DATA	object::OnImport	PUSH 0x72b8a4
0xaa934	0x32b7a4	DATA	C:\projects\meridian\Support\ObjectMgr\Object.cpp	PUSH 0x72b7a4
0xaa965	0x32b7a4	DATA	C:\projects\meridian\Support\ObjectMgr\Object.cpp	PUSH 0x72b7a4
0xaac89	0x32b7a4	DATA	C:\projects\meridian\Support\ObjectMgr\Object.cpp	PUSH 0x72b7a4
0xaadad	0x32b8d8	DATA	object::MakeSplash	PUSH 0x72b8d8
0xaae02	0x31cef0	DATA	obj_mgr::LockObject(Guid)	PUSH 0x71cef0
0xab2bf	0x32b7a4	DATA	C:\projects\meridian\Support\ObjectMgr\Object.cpp	PUSH 0x72b7a4
0xad58b	0x32ba18	DATA	one_shot_light::OnAdvanceLogic	PUSH 0x72ba18
0xadb73	0x32ba68	DATA	path::OnAdvanceLogic	PUSH 0x72ba68
0xae17e	0x32ba80	DATA	path::RenderCustom	PUSH 0x72ba80
0xae52e	0x32ba94	DATA	path::OnImport	PUSH 0x72ba94
0xafb41	0x31cef0	DATA	obj_mgr::LockObject(Guid)	PUSH 0x71cef0
0xafe1e	0x32bb3c	DATA	pickup::OnAdvanceLogic	PUSH 0x72bb3c
0xb0c50	0x32bbdc	DATA	pickup::OnImport	PUSH 0x72bbdc
0xb2a7f	0x32bd18	DATA	pickup::SpawnCouragePickups	PUSH 0x72bd18
0xb353c	0x31cef0	DATA	obj_mgr::LockObject(Guid)	PUSH 0x71cef0
0xb3afb	0x32bd6c	DATA	plant::Render	PUSH 0x72bd6c
0xb3b6b	0x32bd7c	DATA	plant::RenderCustom	PUSH 0x72bd7c
0xb3fc3	0x32bdcc	DATA	play_surface::OnAdvanceLogic	PUSH 0x72bdcc
0xb4360	0x32be18	DATA	play_surface::OnImport	PUSH 0x72be18
0xb53d3	0x31cef0	DATA	obj_mgr::LockObject(Guid)	PUSH 0x71cef0
0xb5b50	0x31cef0	DATA	obj_mgr::LockObject(Guid)	PUSH 0x71cef0
0xb6701	0x32c3a0	DATA	Projectile::OnAdvanceLogic	PUSH 0x72c3a0
0xb6a37	0x32c360	DATA	C:\projects\meridian\Support\Objects\Projectiles\Projectile.cpp	PUSH 0x72c360
0xb6dd8	0x32c360	DATA	C:\projects\meridian\Support\Objects\Projectiles\Projectile.cpp	PUSH 0x72c360
0xb7003	0x31cef0	DATA	obj_mgr::LockObject(Guid)	PUSH 0x71cef0
0xb7251	0x31cef0	DATA	obj_mgr::LockObject(Guid)	PUSH 0x71cef0
0xb7321	0x31cef0	DATA	obj_mgr::LockObject(Guid)	PUSH 0x71cef0
0xb7d13	0x31cef0	DATA	obj_mgr::LockObject(Guid)	PUSH 0x71cef0
0xb8e83	0x32c3ec	DATA	prop::OnAdvanceLogic	PUSH 0x72c3ec
0xb8ebb	0x32c404	DATA	prop::MoveAndUpdate	PUSH 0x72c404
0xb92bb	0x32c418	DATA	prop::OnImport	PUSH 0x72c418
0xb9321	0x32c428	DATA	prop::PropSetL2W	PUSH 0x72c428
0xba72c	0x32c514	DATA	push_box::OnAdvanceLogic	PUSH 0x72c514
0xba777	0x31cef0	DATA	obj_mgr::LockObject(Guid)	PUSH 0x71cef0
0xbb15c	0x32c550	DATA	push_box::OnImport	PUSH 0x72c550
0xbbfb2	0x32c564	DATA	PushBox::HandleMoveStepOver	PUSH 0x72c564
0xc06db	0x32c818	DATA	rigid_instance::UpdateL2W	PUSH 0x72c818
0xc0a5b	0x32c834	DATA	rigid_instance::OnInit	PUSH 0x72c834
0xc0b4c	0x32c84c	DATA	rigid_instance::GetL2W	PUSH 0x72c84c
0xc0cfc	0x32c864	DATA	rigid_instance::OnAdvanceLogic	PUSH 0x72c864
0xc0e2f	0x32c9e0	DATA	rigid_instance::AdvanceAnim	PUSH 0x72c9e0
0xc0e82	0x32c9bc	DATA	rigid_instance::AdvanceAnim - start	PUSH 0x72c9bc
0xc0eec	0x32c994	DATA	rigid_instance::AdvanceAnim - advance	PUSH 0x72c994
0xc0f88	0x32c96c	DATA	rigid_instance::AdvanceAnim - lastframe	PUSH 0x72c96c
0xc0ff8	0x32c948	DATA	rigid_instance::AdvanceAnim - bbox	PUSH 0x72c948
0xc1161	0x32c920	DATA	rigid_instance::AdvanceAnim - sdbase	PUSH 0x72c920
0xc11a5	0x32c8fc	DATA	rigid_instance::AdvanceAnim - cache	PUSH 0x72c8fc
0xc11e9	0x32c8d4	DATA	rigid_instance::AdvanceAnim - events	PUSH 0x72c8d4
0xc1242	0x32c8b0	DATA	rigid_instance::AdvanceAnim - fade	PUSH 0x72c8b0
0xc12f6	0x32c88c	DATA	rigid_instance::AdvanceAnim - done	PUSH 0x72c88c
0xc1381	0x31cef0	DATA	obj_mgr::LockObject(Guid)	PUSH 0x71cef0
0xc14bb	0x32ca90	DATA	rigid_instance::AdvanceFloat	PUSH 0x72ca90
0xc1568	0x31cef0	DATA	obj_mgr::LockObject(Guid)	PUSH 0x71cef0
0xc176b	0x32cab0	DATA	rigid_instance::AdvanceDestruct	PUSH 0x72cab0
0xc2451	0x32ccdc	DATA	rigid_instance::OnImport	PUSH 0x72ccdc
0xc249a	0x32ccb8	DATA	rigid_instance::OnImport--part 0	PUSH 0x72ccb8
0xc2613	0x32cc94	DATA	rigid_instance::OnImport--part 1	PUSH 0x72cc94
0xc2bc6	0x32cc70	DATA	rigid_instance::OnImport--part 2	PUSH 0x72cc70
0xc2c81	0x32cc44	DATA	rigid_instance::OnImport--WriteVertBuffer	PUSH 0x72cc44
0xc3522	0x32ccf8	DATA	rigid_instance::InvalidatePolyCache	PUSH 0x72ccf8
0xc377f	0x32cd6c	DATA	rigid_instance::MoveAndUpdate	PUSH 0x72cd6c
0xc37d0	0x32cd44	DATA	rigid_instance::MoveAndUpdate - safety	PUSH 0x72cd44
0xc3843	0x32cd1c	DATA	rigid_instance::MoveAndUpdate - move	PUSH 0x72cd1c
0xc3d40	0x32cd8c	DATA	rigid_instance::UpdateBBoxAndMove	PUSH 0x72cd8c
0xc3fa0	0x32d020	DATA	rigid_instance::EnumerateProperties	PUSH 0x72d020
0xc5bc1	0x32d064	DATA	rigid_instance::GetProperty	PUSH 0x72d064
0xc71bd	0x32d080	DATA	rigid_instance::AnimDataAvailable	PUSH 0x72d080
0xc7ee4	0x32d0f8	DATA	C:\projects\meridian\Support\Objects\Rope\Rope.cpp	PUSH 0x72d0f8
0xc8905	0x32d0f8	DATA	C:\projects\meridian\Support\Objects\Rope\Rope.cpp	PUSH 0x72d0f8
0xc8ce8	0x32d0f8	DATA	C:\projects\meridian\Support\Objects\Rope\Rope.cpp	PUSH 0x72d0f8
0xc8d01	0x32d0f8	DATA	C:\projects\meridian\Support\Objects\Rope\Rope.cpp	PUSH 0x72d0f8
0xc8e90	0x32d0f8	DATA	C:\projects\meridian\Support\Objects\Rope\Rope.cpp	PUSH 0x72d0f8
0xc8f27	0x32d0f8	DATA	C:\projects\meridian\Support\Objects\Rope\Rope.cpp	PUSH 0x72d0f8
0xc8ff5	0x32d0f8	DATA	C:\projects\meridian\Support\Objects\Rope\Rope.cpp	PUSH 0x72d0f8
0xc9120	0x32d0f8	DATA	C:\projects\meridian\Support\Objects\Rope\Rope.cpp	PUSH 0x72d0f8
0xc92ad	0x32d0f8	DATA	C:\projects\meridian\Support\Objects\Rope\Rope.cpp	PUSH 0x72d0f8
0xc9305	0x32d0f8	DATA	C:\projects\meridian\Support\Objects\Rope\Rope.cpp	PUSH 0x72d0f8
0xc983b	0x32d190	DATA	rope::DrawStrand	PUSH 0x72d190
0xca44b	0x32d1a4	DATA	rope::Render	PUSH 0x72d1a4
0xca61b	0x32d1b4	DATA	rope::RenderCustom	PUSH 0x72d1b4
0xca960	0x32d324	DATA	rope::OnImport	PUSH 0x72d324
0xcb049	0x31cef0	DATA	obj_mgr::LockObject(Guid)	PUSH 0x71cef0
0xcb3ad	0x32d33c	DATA	rope::OnAdvanceLogic	PUSH 0x72d33c
0xcb4bb	0x32d354	DATA	rope::Simulate	PUSH 0x72d354
0xcd5e8	0x31cef0	DATA	obj_mgr::LockObject(Guid)	PUSH 0x71cef0
0xcdabe	0x32d4e8	DATA	save_pedestal::OnAdvanceLogic	PUSH 0x72d4e8
0xcdad8	0x31cef0	DATA	obj_mgr::LockObject(Guid)	PUSH 0x71cef0
0xcdeeb	0x32d508	DATA	save_pedestal::OnImport	PUSH 0x72d508
0xce26b	0x32d558	DATA	skybox::OnAdvanceLogic	PUSH 0x72d558
0xce64c	0x32d584	DATA	skybox::OnImport	PUSH 0x72d584
0xcf1ab	0x32d5ec	DATA	slider::OnAdvanceLogic	PUSH 0x72d5ec
0xcfa2c	0x32d65c	DATA	slider::OnImport	PUSH 0x72d65c
0xd0e2d	0x32d6e8	DATA	special_surfaces::OnImport	PUSH 0x72d6e8
0xd1741	0x32d784	DATA	special_surfaces::GetProperty	PUSH 0x72d784
0xd200d	0x32d7f0	DATA	special_surfaces::GetCollisionBBox	PUSH 0x72d7f0
0xd280b	0x32d854	DATA	Switch::OnAdvanceLogic	PUSH 0x72d854
0xd2d6e	0x32d8c0	DATA	Switch::OnImport	PUSH 0x72d8c0
0xd30b6	0x32d914	DATA	Switch::EnumerateProperties	PUSH 0x72d914
0xd3e23	0x31cef0	DATA	obj_mgr::LockObject(Guid)	PUSH 0x71cef0
0xd437e	0x32d9c8	DATA	treasure_chest::OnAdvanceLogic	PUSH 0x72d9c8
0xd43ac	0x31cef0	DATA	obj_mgr::LockObject(Guid)	PUSH 0x71cef0
0xd4418	0x31cef0	DATA	obj_mgr::LockObject(Guid)	PUSH 0x71cef0
0xd51a1	0x32dad4	DATA	treasure_chest::OnImport	PUSH 0x72dad4
0xd990c	0x32dd54	DATA	treeleaf_cluster::RenderCustom	PUSH 0x72dd54
0xd99eb	0x32dd8c	DATA	treeleaf_cluster::RenderCluster	PUSH 0x72dd8c
0xda47f	0x32de84	DATA	treeleaf_cluster::OnImport	PUSH 0x72de84
0xda6db	0x32dea0	DATA	treeleaf_cluster::OnAdvanceLogic	PUSH 0x72dea0
0xdb9b3	0x32e004	DATA	C:\projects\meridian\Support\Objects\Trigger\Trigger.cpp	PUSH 0x72e004
0xdbb77	0x32e004	DATA	C:\projects\meridian\Support\Objects\Trigger\Trigger.cpp	PUSH 0x72e004
0xdd4a1	0x32e48c	DATA	trigger::OnAdvanceLogic	PUSH 0x72e48c
0xdd69a	0x31cef0	DATA	obj_mgr::LockObject(Guid)	PUSH 0x71cef0
0xddd0b	0x31cef0	DATA	obj_mgr::LockObject(Guid)	PUSH 0x71cef0
0xddf4f	0x31cef0	DATA	obj_mgr::LockObject(Guid)	PUSH 0x71cef0
0xde9fe	0x32e5d8	DATA	trigger::OnImport	PUSH 0x72e5d8
0xdf600	0x32e7b4	DATA	trigger::EnumerateProperties	PUSH 0x72e7b4
0xe2990	0x32e8ac	DATA	volume::RenderCustom	PUSH 0x72e8ac
0xe2c21	0x32e8dc	DATA	volume::OnImport	PUSH 0x72e8dc
0xe47c0	0x32ea58	DATA	wall::OnImport	PUSH 0x72ea58
0xe827b	0x32eb68	DATA	water::Render	PUSH 0x72eb68
0xe8350	0x32eb78	DATA	water::Render - BuildNormals	PUSH 0x72eb78
0xe88ae	0x32eb98	DATA	water::Render - BuildPositions	PUSH 0x72eb98
0xe8d2b	0x32ebb8	DATA	water::ApplyWaterForces	PUSH 0x72ebb8
0xe8e4b	0x32ebec	DATA	water::ApplyWaterPain	PUSH 0x72ebec
0xe8e6f	0x32ebd0	DATA	water::Logic - PainEmission	PUSH 0x72ebd0
0xe8f9d	0x32ec28	DATA	water::OnAdvanceLogic	PUSH 0x72ec28
0xe9209	0x32ec04	DATA	water::Logic - ProcessHeightfield	PUSH 0x72ec04
0xe9de1	0x32ed64	DATA	water::OnImport	PUSH 0x72ed64
0xeabae	0x32ed88	DATA	water::RenderCustom	PUSH 0x72ed88
0xeec0d	0x32f064	DATA	web_wall::OnAdvanceLogic	PUSH 0x72f064
0xeef4e	0x32f080	DATA	web_wall::RenderCustom	PUSH 0x72f080
0xefdf1	0x32f130	DATA	web_wall::OnImport	PUSH 0x72f130
0xf18be	0x32f274	DATA	web_wall::EnumerateProperties	PUSH 0x72f274
0xf6ed1	0x32f95c	DATA	hud::InitHudRIPool	PUSH 0x72f95c
0xf6f71	0x31cef0	DATA	obj_mgr::LockObject(Guid)	PUSH 0x71cef0
0xf7125	0x31cef0	DATA	obj_mgr::LockObject(Guid)	PUSH 0x71cef0
0xf737a	0x31cef0	DATA	obj_mgr::LockObject(Guid)	PUSH 0x71cef0
0xf73f5	0x31cef0	DATA	obj_mgr::LockObject(Guid)	PUSH 0x71cef0
0xf76bc	0x31cef0	DATA	obj_mgr::LockObject(Guid)	PUSH 0x71cef0
0xf771c	0x31cef0	DATA	obj_mgr::LockObject(Guid)	PUSH 0x71cef0
0xf786b	0x31cef0	DATA	obj_mgr::LockObject(Guid)	PUSH 0x71cef0
0xf7e31	0x32f984	DATA	hud::RenderTarget	PUSH 0x72f984
0xf7ef8	0x31cef0	DATA	obj_mgr::LockObject(Guid)	PUSH 0x71cef0
0xf8160	0x31cef0	DATA	obj_mgr::LockObject(Guid)	PUSH 0x71cef0
0xf8ec1	0x32f998	DATA	hud::RenderScreenColorizer	PUSH 0x72f998
0xf8fc0	0x32f9b4	DATA	hud::BlackOutScreen	PUSH 0x72f9b4
0xf993b	0x32fd08	DATA	LoadScreen::Init	PUSH 0x72fd08
0xf9d3d	0x32fd34	DATA	LoadScreen::Render	PUSH 0x72fd34
0xfa2b1	0x32fd48	DATA	LoadScreen::Kill	PUSH 0x72fd48
0xfcd61	0x330874	DATA	C:\projects\meridian\apps\meridian\Main.cpp	PUSH 0x730874
0xfe1c0	0x330874	DATA	C:\projects\meridian\apps\meridian\Main.cpp	PUSH 0x730874
0xfe283	0x330874	DATA	C:\projects\meridian\apps\meridian\Main.cpp	PUSH 0x730874
0xfe8b5	0x31cef0	DATA	obj_mgr::LockObject(Guid)	PUSH 0x71cef0
0xfe976	0x330874	DATA	C:\projects\meridian\apps\meridian\Main.cpp	PUSH 0x730874
0x100ba6	0x331a44	DATA	C:\projects\meridian\apps\meridian\SystemMenu.cpp	PUSH 0x731a44
0x100be0	0x31cef0	DATA	obj_mgr::LockObject(Guid)	PUSH 0x71cef0
0x101368	0x331a44	DATA	C:\projects\meridian\apps\meridian\SystemMenu.cpp	PUSH 0x731a44
0x101393	0x31cef0	DATA	obj_mgr::LockObject(Guid)	PUSH 0x71cef0
0x101738	0x331a44	DATA	C:\projects\meridian\apps\meridian\SystemMenu.cpp	PUSH 0x731a44
0x102e1f	0x331c48	DATA	C:\projects\meridian\apps\meridian\VRAM_Viewer.cpp	PUSH 0x731c48
0x1033b9	0x331d1c	DATA	script_rsc_loader::Load	PUSH 0x731d1c
0x106dd1	0x332254	DATA	dlg_buy_sale::OnUpdate	PUSH 0x732254
0x10a09a	0x3328e8	DATA	dlg_credits::OnUpdate	PUSH 0x7328e8
0x1117ec	0x33337c	DATA	dlg_pause_inventory::OnUpdate	PUSH 0x73337c
0x114abb	0x333d90	DATA	dlg_main_menu::OnUpdate	PUSH 0x733d90
0x115919	0x333e5c	DATA	dlg_mcmessage::OnUpdate	PUSH 0x733e5c
0x1163c9	0x333f70	DATA	dlg_message::OnUpdate	PUSH 0x733f70
0x11734d	0x3341c4	DATA	dlg_OptAudio::OnUpdate	PUSH 0x7341c4
0x11a60f	0x334904	DATA	dlg_pause_options::OnUpdate	PUSH 0x734904
0x11dbd7	0x334f40	DATA	dlg_pickLock::OnUpdate	PUSH 0x734f40
0x11ebe9	0x334fcc	DATA	dlg_press_start::OnUpdate	PUSH 0x734fcc
0x12291d	0x335194	DATA	dlg_pause_questlog::OnUpdate	PUSH 0x735194
0x1246ba	0x335540	DATA	C:\projects\meridian\Support\Dialogs\dlg_TextBox.cpp	PUSH 0x735540
0x1246d3	0x335540	DATA	C:\projects\meridian\Support\Dialogs\dlg_TextBox.cpp	PUSH 0x735540
0x12b580	0x335f54	DATA	FrontEnd_Mgr::Update()	PUSH 0x735f54
0x12cba3	0x336a90	DATA	Pause_Mgr::UpdateSummaryStats	PUSH 0x736a90
0x12e6be	0x336e24	DATA	C:\projects\meridian\Support\LoadSaveMgr\LoadSaveMgr_PC.cpp	PUSH 0x736e24
0x12e78c	0x336e24	DATA	C:\projects\meridian\Support\LoadSaveMgr\LoadSaveMgr_PC.cpp	PUSH 0x736e24
0x1314fa	0x336eb0	DATA	music_mgr::UnLoadPackage:%s	PUSH 0x736eb0
0x13192f	0x336ee4	DATA	music_mgr::LoadPackage	PUSH 0x736ee4
0x13300b	0x336f6c	DATA	music_mgr::OnUpdate	PUSH 0x736f6c
0x1333c4	0x337098	DATA	music_mgr::Start	PUSH 0x737098
0x134352	0x337238	DATA	C:\projects\meridian\Support\Objects\MusicLogic\MusicLogic.cpp	PUSH 0x737238
0x13452b	0x337238	DATA	C:\projects\meridian\Support\Objects\MusicLogic\MusicLogic.cpp	PUSH 0x737238
0x13532e	0x33736c	DATA	MusicLogic::OnAdvanceLogic	PUSH 0x73736c
0x135b01	0x337238	DATA	C:\projects\meridian\Support\Objects\MusicLogic\MusicLogic.cpp	PUSH 0x737238
0x135b70	0x31cef0	DATA	obj_mgr::LockObject(Guid)	PUSH 0x71cef0
0x1360f4	0x337238	DATA	C:\projects\meridian\Support\Objects\MusicLogic\MusicLogic.cpp	PUSH 0x737238
0x136421	0x337490	DATA	MusicLogic::OnImport	PUSH 0x737490
0x138bec	0x3376fc	DATA	music_trigger::Init	PUSH 0x7376fc
0x138f28	0x337710	DATA	music_trigger::RenderCustom	PUSH 0x737710
0x138f66	0x33772c	DATA	music_trigger::OnAdvanceLogic	PUSH 0x73772c
0x13b1c0	0x33774c	DATA	music_trigger::OnImport	PUSH 0x73774c
0x13c12d	0x337764	DATA	simple_anim_player::ComputeBoneL2W	PUSH 0x737764
0x13c7d9	0x3377b4	DATA	anim_loader::Load	PUSH 0x7377b4
0x13cb15	0x3377c8	DATA	C:\projects\meridian\Support\Animation\AnimGroup.cpp	PUSH 0x7377c8
0x13cbf3	0x337800	DATA	C:\projects\meridian\Support\Animation\AnimGroup.cpp	PUSH 0x737800
0x13cc59	0x337838	DATA	C:\projects\meridian\Support\Animation\AnimGroup.cpp	PUSH 0x737838
0x13cd3e	0x337870	DATA	anim_group::ComputeBonesL2W	PUSH 0x737870
0x13d013	0x33788c	DATA	anim_group::ComputeBoneL2W	PUSH 0x73788c
0x13d73b	0x337938	DATA	C:\projects\meridian\Support\Animation\AnimGroup.cpp	PUSH 0x737938
0x13dac3	0x337970	DATA	C:\projects\meridian\Support\Animation\AnimGroup.cpp	PUSH 0x737970
0x13dc2d	0x3379a8	DATA	C:\projects\meridian\Support\Animation\AnimGroup.cpp	PUSH 0x7379a8
0x13dc46	0x3379e0	DATA	C:\projects\meridian\Support\Animation\AnimGroup.cpp	PUSH 0x7379e0
0x13ee2e	0x337a5c	DATA	anim_event::SetData	PUSH 0x737a5c
0x13f39c	0x337a70	DATA	anim_event::SaveTypeNameString	PUSH 0x737a70
0x13f55c	0x337adc	DATA	anim_key_block::AcquireStreams	PUSH 0x737adc
0x13f655	0x337afc	DATA	C:\projects\meridian\Support\Animation\AnimKeyData.cpp	PUSH 0x737afc
0x13f739	0x337b34	DATA	C:\projects\meridian\Support\Animation\AnimKeyData.cpp	PUSH 0x737b34
0x13fb3d	0x337b6c	DATA	anim_keys::GetRawKeys	PUSH 0x737b6c
0x13fe6d	0x337b84	DATA	anim_keys::GetInterpKeys	PUSH 0x737b84
0x1405f5	0x337ba0	DATA	C:\projects\meridian\Support\Animation\CharAnimPlayer.cpp	PUSH 0x737ba0
0x140610	0x337bdc	DATA	C:\projects\meridian\Support\Animation\CharAnimPlayer.cpp	PUSH 0x737bdc
0x140700	0x337c18	DATA	C:\projects\meridian\Support\Animation\CharAnimPlayer.cpp	PUSH 0x737c18
0x14072c	0x337c54	DATA	C:\projects\meridian\Support\Animation\CharAnimPlayer.cpp	PUSH 0x737c54
0x14091f	0x337c90	DATA	char_anim_player::Advance	PUSH 0x737c90
0x140eb1	0x337cac	DATA	char_anim_player::GetPropL2W	PUSH 0x737cac
0x1412a1	0x337ccc	DATA	char_anim_player::PrepareRootKey	PUSH 0x737ccc
0x1415ce	0x337cf0	DATA	char_anim_player::GetInterpKeys	PUSH 0x737cf0
0x141d91	0x337d10	DATA	char_anim_player::ComputeAnimToWorldM	PUSH 0x737d10
0x14204b	0x337d38	DATA	char_anim_player::CalcBasisVectors	PUSH 0x737d38
0x14224b	0x337d5c	DATA	char_anim_player::UpdateCachedL2W	PUSH 0x737d5c
0x1422ba	0x337d80	DATA	C:\projects\meridian\Support\Animation\CharAnimPlayer.cpp	PUSH 0x737d80
0x1423ec	0x337dbc	DATA	char_anim_player::UpdateCachedBonePos	PUSH 0x737dbc
0x14245c	0x337de4	DATA	C:\projects\meridian\Support\Animation\CharAnimPlayer.cpp	PUSH 0x737de4
0x14258f	0x337e20	DATA	C:\projects\meridian\Support\Animation\CharAnimPlayer.cpp	PUSH 0x737e20
0x1425b0	0x337e5c	DATA	C:\projects\meridian\Support\Animation\CharAnimPlayer.cpp	PUSH 0x737e5c
0x14275e	0x337edc	DATA	head_track_controller::MixKeys	PUSH 0x737edc
0x1434d1	0x337f20	DATA	anim_track_controller::SetAnim	PUSH 0x737f20
0x1438cc	0x337f40	DATA	anim_track_controller::Advance	PUSH 0x737f40
0x143a5e	0x337f60	DATA	anim_track_controller::GetInterpKeys	PUSH 0x737f60
0x143dec	0x337f88	DATA	anim_track_controller::GetInterpKey	PUSH 0x737f88
0x14412e	0x337fac	DATA	anim_track_controller::MixKeys	PUSH 0x737fac
0x1441f5	0x337fcc	DATA	anim_track_controller::MixKeys::BlendPrevAnim	PUSH 0x737fcc
0x144376	0x337ffc	DATA	anim_track_controller::MixKeys::BlendIntoAnim	PUSH 0x737ffc
0x14461b	0x33802c	DATA	anim_track_controller::MixKey	PUSH 0x73802c
0x144b4d	0x33804c	DATA	anim_info::GetPropChannel	PUSH 0x73804c
0x145544	0x3380bc	DATA	C:\projects\meridian\Support\Animation\AnimDecompress.cpp	PUSH 0x7380bc
0x145561	0x3380f8	DATA	C:\projects\meridian\Support\Animation\AnimDecompress.cpp	PUSH 0x7380f8
0x145582	0x338134	DATA	C:\projects\meridian\Support\Animation\AnimDecompress.cpp	PUSH 0x738134
0x1456aa	0x338170	DATA	C:\projects\meridian\Support\Animation\AnimDecompress.cpp	PUSH 0x738170
0x1456ba	0x3381ac	DATA	C:\projects\meridian\Support\Animation\AnimDecompress.cpp	PUSH 0x7381ac
0x1456d1	0x3381e8	DATA	C:\projects\meridian\Support\Animation\AnimDecompress.cpp	PUSH 0x7381e8
0x148e01	0x33cae0	DATA	rsc_mgr::Load	PUSH 0x73cae0
0x148e0f	0x33cae0	DATA	rsc_mgr::Load	PUSH 0x73cae0
0x14948c	0x33cb04	DATA	rsc_mgr::LockRHandle	PUSH 0x73cb04
0x149512	0x33cb04	DATA	rsc_mgr::LockRHandle	PUSH 0x73cb04
0x149c5c	0x33cc4c	DATA	static_bitmap_loader::Load	PUSH 0x73cc4c
0x149d9c	0x33cc98	DATA	static_textin_loader::Load	PUSH 0x73cc98
0x14b7e6	0x33ccfc	DATA	obj_mgr::CreateObject	PUSH 0x73ccfc
0x14b8bb	0x33cd34	DATA	obj_mgr::AllocateSlot	PUSH 0x73cd34
0x14bb12	0x33ccfc	DATA	obj_mgr::CreateObject	PUSH 0x73ccfc
0x14bb20	0x33ccfc	DATA	obj_mgr::CreateObject	PUSH 0x73ccfc
0x14bd52	0x31cef0	DATA	obj_mgr::LockObject(Guid)	PUSH 0x71cef0
0x14be4e	0x33cd6c	DATA	obj_mgr::DestroyObject	PUSH 0x73cd6c
0x14ceb9	0x33d010	DATA	SDBASE_SelectFunc::pFunc	PUSH 0x73d010
0x14d03c	0x33d054	DATA	obj_mgr::ApplyPain	PUSH 0x73d054
0x14d2ab	0x33d068	DATA	obj_mgr::ApplyNoise	PUSH 0x73d068
0x14d50e	0x33d07c	DATA	obj_mgr::SelectBBox	PUSH 0x73d07c
0x14dd13	0x33d0c0	DATA	obj_mgr::SolveVisibleObjects	PUSH 0x73d0c0
0x14e79c	0x33d1ac	DATA	subtitle_mgr::StartSubTitle	PUSH 0x73d1ac
0x14e95e	0x33d270	DATA	subtitle_mgr::StartSUBTITLE	PUSH 0x73d270
0x14f38e	0x33d29c	DATA	decal_mgr::Render	PUSH 0x73d29c
0x14fa3b	0x33d2b0	DATA	decal_mgr::OnAdvanceLogic	PUSH 0x73d2b0
0x14fc81	0x33d2cc	DATA	decal_mgr::UpdateDecal	PUSH 0x73d2cc
0x151ac4	0x33d310	DATA	C:\projects\meridian\Support\WeatherMgr\WeatherMgr.cpp	PUSH 0x73d310
0x151c3e	0x33d348	DATA	weather_mgr::OnAdvanceLogic	PUSH 0x73d348
0x151d8d	0x33d310	DATA	C:\projects\meridian\Support\WeatherMgr\WeatherMgr.cpp	PUSH 0x73d310
0x1537c6	0x33d38c	DATA	material_mgr::GetMaterialType	PUSH 0x73d38c
0x153816	0x33d3ac	DATA	material_mgr::GetMaterial	PUSH 0x73d3ac
0x15390e	0x33d3c8	DATA	material_mgr::RebuildSortedList	PUSH 0x73d3c8
0x153a5b	0x33d3e8	DATA	material_mgr::GetMaterialOrder	PUSH 0x73d3e8
0x153b0e	0x33d408	DATA	material_mgr::GetSortedIndicesByHandle	PUSH 0x73d408
0x153fbd	0x33d438	DATA	material_mgr::ActivateMaterialPass	PUSH 0x73d438
0x15422b	0x33d45c	DATA	material_mgr::PostMaterialSetup	PUSH 0x73d45c
0x1543e1	0x33d47c	DATA	material_mgr::RegisterMaterial	PUSH 0x73d47c
0x15771c	0x33d9b4	DATA	logic_mgr::Init	PUSH 0x73d9b4
0x1578ab	0x33d9c4	DATA	logic_mgr::Execute	PUSH 0x73d9c4
0x157a18	0x33d9d8	DATA	logic_mgr::SingleStep	PUSH 0x73d9d8
0x157a26	0x33d9d8	DATA	logic_mgr::SingleStep	PUSH 0x73d9d8
0x15886d	0x33e074	DATA	material2::EvaluatePackage	PUSH 0x73e074
0x15899c	0x33e090	DATA	material2::EvaluateMap	PUSH 0x73e090
0x158a2b	0x33e0a8	DATA	material2::Evaluate	PUSH 0x73e0a8
0x1598bc	0x33e16c	DATA	layer_mgr::LoadResources( const char* pLayerName )	PUSH 0x73e16c
0x15996c	0x33e1a0	DATA	layer_mgr::UnloadResources	PUSH 0x73e1a0
0x159a19	0x33e1bc	DATA	layer_mgr::ActivateObjects	PUSH 0x73e1bc
0x159ada	0x33e1d8	DATA	layer_mgr::DeactivateObjects	PUSH 0x73e1d8
0x159b8f	0x33e1f8	DATA	layer_mgr::LoadResourcesFromFile	PUSH 0x73e1f8
0x159d4b	0x33e21c	DATA	layer_mgr::UnloadResourcesFromFile	PUSH 0x73e21c
0x159e8c	0x33e250	DATA	layer_mgr::LoadResources( s32 Index )	PUSH 0x73e250
0x159f5c	0x33e278	DATA	layer_mgr::UnloadResources( s32 Index )	PUSH 0x73e278
0x15a184	0x33e2a0	DATA	layer_mgr::Kill	PUSH 0x73e2a0
0x15a1e9	0x33e2b0	DATA	layer_mgr::Init	PUSH 0x73e2b0
0x15a1f9	0x33e2b0	DATA	layer_mgr::Init	PUSH 0x73e2b0
0x15a30a	0x33e2c0	DATA	layer_mgr::CalcNavConnections	PUSH 0x73e2c0
0x15a41c	0x33e398	DATA	layer_mgr::LoadObjects	PUSH 0x73e398
0x15a42c	0x33e398	DATA	layer_mgr::LoadObjects	PUSH 0x73e398
0x15a6bf	0x31cef0	DATA	obj_mgr::LockObject(Guid)	PUSH 0x71cef0
0x15a978	0x33e3b0	DATA	layer_mgr::SaveState	PUSH 0x73e3b0
0x15ab68	0x33e3c8	DATA	layer_mgr::NotifySystems	PUSH 0x73e3c8
0x15abe3	0x33e5e0	DATA	layer_mgr::LoadLevel	PUSH 0x73e5e0
0x15abf3	0x33e5e0	DATA	layer_mgr::LoadLevel	PUSH 0x73e5e0
0x15b449	0x33e7f4	DATA	layer_mgr::Flush	PUSH 0x73e7f4
0x15b4cc	0x33e7dc	DATA	layer_mgr::Flush::Start	PUSH 0x73e7dc
0x15ba61	0x33e6c0	DATA	layer_mgr::Flush::Finished	PUSH 0x73e6c0
0x15bb98	0x33e808	DATA	layer_mgr::SaveLayerSate	PUSH 0x73e808
0x15cd3d	0x33e888	DATA	AIManager::OnAdvanceLogic	PUSH 0x73e888
0x15cd4d	0x33e888	DATA	AIManager::OnAdvanceLogic	PUSH 0x73e888
0x15d29d	0x33e8a4	DATA	AIManager::FindLinkByName	PUSH 0x73e8a4
0x15d37d	0x33e8f0	DATA	AIManager::SetLinkState	PUSH 0x73e8f0
0x15eb2e	0x33e924	DATA	AIManager::MakeLinkName	PUSH 0x73e924
0x166e08	0x33f528	DATA	AIGoal::InitStatics	PUSH 0x73f528
0x167099	0x33f580	DATA	AIGoal::EnumerateProperties	PUSH 0x73f580
0x167cce	0x33f604	DATA	GoalFace::EnumerateProperties	PUSH 0x73f604
0x16891e	0x33f748	DATA	GoalGotoTarget::EnumerateProperties	PUSH 0x73f748
0x1697be	0x33f7d8	DATA	GoalAction::EnumerateProperties	PUSH 0x73f7d8
0x16a4be	0x33f84c	DATA	GoalSendMessage::EnumerateProperties	PUSH 0x73f84c
0x16b2dd	0x33f878	DATA	camera_mgr::OnAdvanceLogic	PUSH 0x73f878
0x16f5ce	0x33f94c	DATA	camera_mgr::AdvanceManualControl	PUSH 0x73f94c
0x16fb85	0x31cef0	DATA	obj_mgr::LockObject(Guid)	PUSH 0x71cef0
0x16fe5b	0x33f970	DATA	camera_mgr::GetLookAhead	PUSH 0x73f970
0x17002f	0x33f98c	DATA	camera_mgr::MoveDesiredPosition	PUSH 0x73f98c
0x1701c8	0x31cef0	DATA	obj_mgr::LockObject(Guid)	PUSH 0x71cef0
0x17032d	0x31cef0	DATA	obj_mgr::LockObject(Guid)	PUSH 0x71cef0
0x17098c	0x33f9ac	DATA	camera_mgr::CorrectCameraPosition	PUSH 0x73f9ac
0x170ab6	0x31cef0	DATA	obj_mgr::LockObject(Guid)	PUSH 0x71cef0
0x170bdb	0x31cef0	DATA	obj_mgr::LockObject(Guid)	PUSH 0x71cef0
0x170f43	0x33fa04	DATA	C:\projects\meridian\Support\CameraMgr\CameraMgr.cpp	PUSH 0x73fa04
0x1710f4	0x33fa04	DATA	C:\projects\meridian\Support\CameraMgr\CameraMgr.cpp	PUSH 0x73fa04
0x17298e	0x33fd3c	DATA	event_mgr::OnAdvanceLogic	PUSH 0x73fd3c
0x1729d1	0x31cef0	DATA	obj_mgr::LockObject(Guid)	PUSH 0x71cef0
0x173041	0x33fd7c	DATA	event_mgr::HandleEffectsEvent	PUSH 0x73fd7c
0x1730aa	0x31cef0	DATA	obj_mgr::LockObject(Guid)	PUSH 0x71cef0
0x17335d	0x31cef0	DATA	obj_mgr::LockObject(Guid)	PUSH 0x71cef0
0x1734dc	0x33fdbc	DATA	event_mgr::HandleLightningEvent	PUSH 0x73fdbc
0x1735b8	0x33fddc	DATA	event_mgr::HandleProjectileEvent	PUSH 0x73fddc
0x17366c	0x31cef0	DATA	obj_mgr::LockObject(Guid)	PUSH 0x71cef0
0x1737af	0x33fe6c	DATA	event_mgr::HandleOneShotAudioEvent	PUSH 0x73fe6c
0x17387f	0x31cef0	DATA	obj_mgr::LockObject(Guid)	PUSH 0x71cef0
0x173984	0x31cef0	DATA	obj_mgr::LockObject(Guid)	PUSH 0x71cef0
0x173a9f	0x33feb8	DATA	event_mgr::HandleLoopedAudioEvent	PUSH 0x73feb8
0x173b83	0x31cef0	DATA	obj_mgr::LockObject(Guid)	PUSH 0x71cef0
0x173c92	0x31cef0	DATA	obj_mgr::LockObject(Guid)	PUSH 0x71cef0
0x173eef	0x33ffa8	DATA	event_mgr::HandleContactAudioEvent	PUSH 0x73ffa8
0x173f41	0x31cef0	DATA	obj_mgr::LockObject(Guid)	PUSH 0x71cef0
0x173ffb	0x31cef0	DATA	obj_mgr::LockObject(Guid)	PUSH 0x71cef0
0x174191	0x31cef0	DATA	obj_mgr::LockObject(Guid)	PUSH 0x71cef0
0x174427	0x31cef0	DATA	obj_mgr::LockObject(Guid)	PUSH 0x71cef0
0x17451c	0x31cef0	DATA	obj_mgr::LockObject(Guid)	PUSH 0x71cef0
0x17460a	0x31cef0	DATA	obj_mgr::LockObject(Guid)	PUSH 0x71cef0
0x1747c0	0x31cef0	DATA	obj_mgr::LockObject(Guid)	PUSH 0x71cef0
0x17499e	0x34006c	DATA	event_mgr::HandleCinematicEvent	PUSH 0x74006c
0x1749ed	0x31cef0	DATA	obj_mgr::LockObject(Guid)	PUSH 0x71cef0
0x174c23	0x3400d4	DATA	event_mgr::HandlePainEvent	PUSH 0x7400d4
0x174c65	0x31cef0	DATA	obj_mgr::LockObject(Guid)	PUSH 0x71cef0
0x174e33	0x31cef0	DATA	obj_mgr::LockObject(Guid)	PUSH 0x71cef0
0x175103	0x34011c	DATA	event_mgr::GeneratePain	PUSH 0x74011c
0x175125	0x31cef0	DATA	obj_mgr::LockObject(Guid)	PUSH 0x71cef0
0x175463	0x34013c	DATA	event_mgr::HandleAllEvents	PUSH 0x74013c
0x175692	0x31cef0	DATA	obj_mgr::LockObject(Guid)	PUSH 0x71cef0
0x1757a7	0x31cef0	DATA	obj_mgr::LockObject(Guid)	PUSH 0x71cef0
0x175851	0x31cef0	DATA	obj_mgr::LockObject(Guid)	PUSH 0x71cef0
0x1758fd	0x31cef0	DATA	obj_mgr::LockObject(Guid)	PUSH 0x71cef0
0x1759ff	0x31cef0	DATA	obj_mgr::LockObject(Guid)	PUSH 0x71cef0
0x175afc	0x31cef0	DATA	obj_mgr::LockObject(Guid)	PUSH 0x71cef0
0x175cb9	0x31cef0	DATA	obj_mgr::LockObject(Guid)	PUSH 0x71cef0
0x176073	0x34013c	DATA	event_mgr::HandleAllEvents	PUSH 0x74013c
0x1762a2	0x31cef0	DATA	obj_mgr::LockObject(Guid)	PUSH 0x71cef0
0x17644e	0x31cef0	DATA	obj_mgr::LockObject(Guid)	PUSH 0x71cef0
0x176551	0x31cef0	DATA	obj_mgr::LockObject(Guid)	PUSH 0x71cef0
0x176698	0x31cef0	DATA	obj_mgr::LockObject(Guid)	PUSH 0x71cef0
0x176a6b	0x3401a8	DATA	event_mgr::EndCinemaEvents	PUSH 0x7401a8
0x177ba8	0x31cef0	DATA	obj_mgr::LockObject(Guid)	PUSH 0x71cef0
0x177f8c	0x31cef0	DATA	obj_mgr::LockObject(Guid)	PUSH 0x71cef0
0x1789b5	0x3402c8	DATA	C:\projects\meridian\Support\CollisionMgr\CollisionMgr.cpp	PUSH 0x7402c8
0x17ae71	0x340438	DATA	Coll::T2C	PUSH 0x740438
0x17b721	0x340444	DATA	Coll::PC_T2C	PUSH 0x740444
0x17c081	0x340454	DATA	Coll::HorizT2C	PUSH 0x740454
0x180c4e	0x3405fc	DATA	npc_ri::Render	PUSH 0x7405fc
0x18152b	0x34060c	DATA	npc_ri::RenderTask	PUSH 0x74060c
0x1815cd	0x34060c	DATA	npc_ri::RenderTask	PUSH 0x74060c
0x181f50	0x3406c4	DATA	lighting_mgr::ActivateLights	PUSH 0x7406c4
0x182ec0	0x340710	DATA	lighting_mgr::GetEffectiveLights	PUSH 0x740710
0x1832d8	0x340734	DATA	lighting_mgr::TouchObjects	PUSH 0x740734
0x183348	0x31cef0	DATA	obj_mgr::LockObject(Guid)	PUSH 0x71cef0
0x183648	0x340760	DATA	lighting_mgr::TouchObjects ver2	PUSH 0x740760
0x183bfb	0x3407cc	DATA	render_mgr::Kill	PUSH 0x7407cc
0x183d1b	0x340818	DATA	render_mgr::Init	PUSH 0x740818
0x183de6	0x340848	DATA	render_mgr::Clear	PUSH 0x740848
0x18400b	0x34085c	DATA	render_mgr::AccumulateTriangleStats	PUSH 0x74085c
0x18407b	0x340964	DATA	render_mgr::DisplayTriangleStats	PUSH 0x740964
0x1841ad	0x34099c	DATA	render_mgr::RenderVisibleObjectsOfType	PUSH 0x74099c
0x18430b	0x3409d8	DATA	render_mgr::RenderRigidInstances	PUSH 0x7409d8
0x18437b	0x340a0c	DATA	render_mgr::RenderInternals	PUSH 0x740a0c
0x1843eb	0x340a38	DATA	render_mgr::RenderPlatformObjects	PUSH 0x740a38
0x18445b	0x340a5c	DATA	render_mgr::RenderPlatformMgr	PUSH 0x740a5c
0x1844cb	0x340a88	DATA	render_mgr::RenderProps	PUSH 0x740a88
0x18452b	0x340ab0	DATA	render_mgr::RenderPickups	PUSH 0x740ab0
0x18458b	0x340adc	DATA	render_mgr::RenderSwitches	PUSH 0x740adc
0x1845eb	0x340b10	DATA	render_mgr::RenderTreasureChests	PUSH 0x740b10
0x18464b	0x340b44	DATA	render_mgr::RenderPushBoxes	PUSH 0x740b44
0x1846ab	0x340b78	DATA	render_mgr::RenderSavePedestals	PUSH 0x740b78
0x18470b	0x340bac	DATA	render_mgr::RenderBoulderRuns	PUSH 0x740bac
0x18476b	0x340bdc	DATA	render_mgr::RenderEelHoles	PUSH 0x740bdc
0x1847db	0x340c04	DATA	render_mgr::RenderEels	PUSH 0x740c04
0x18484b	0x340c30	DATA	render_mgr::RenderBreakaways	PUSH 0x740c30
0x1848ab	0x340c60	DATA	render_mgr::RenderSliders	PUSH 0x740c60
0x18490b	0x340c88	DATA	render_mgr::RenderBatInstances	PUSH 0x740c88
0x18496b	0x340cc0	DATA	render_mgr::RenderAudioEmitters	PUSH 0x740cc0
0x1849cb	0x340cf0	DATA	render_mgr::RenderPlaySurfaces	PUSH 0x740cf0
0x184a6b	0x340d2c	DATA	render_mgr::RenderBilbo	PUSH 0x740d2c
0x184ace	0x340d54	DATA	render_mgr::RenderCharacters	PUSH 0x740d54
0x184b05	0x31cef0	DATA	obj_mgr::LockObject(Guid)	PUSH 0x71cef0
0x184d2b	0x340db4	DATA	render_mgr::RenderVolumes	PUSH 0x740db4
0x184dab	0x340ddc	DATA	render_mgr::RenderWalls	PUSH 0x740ddc
0x184e0b	0x340e04	DATA	render_mgr::RenderWater	PUSH 0x740e04
0x184e7b	0x340e30	DATA	render_mgr::RenderLoadTriggers	PUSH 0x740e30
0x184edb	0x340e60	DATA	render_mgr::RenderTriggers	PUSH 0x740e60
0x184f3c	0x340ec0	DATA	render_mgr::RenderLights	PUSH 0x740ec0
0x184f6e	0x340e7c	DATA	C:\projects\meridian\Support\GameLib\RenderMgr.cpp	PUSH 0x740e7c
0x184fa0	0x31cef0	DATA	obj_mgr::LockObject(Guid)	PUSH 0x71cef0
0x1850eb	0x340eec	DATA	render_mgr::RenderStones	PUSH 0x740eec
0x18514b	0x340f1c	DATA	render_mgr::RenderProjectiles	PUSH 0x740f1c
0x1851ab	0x340f3c	DATA	render_mgr::RenderSkybox	PUSH 0x740f3c
0x1851fc	0x340e7c	DATA	C:\projects\meridian\Support\GameLib\RenderMgr.cpp	PUSH 0x740e7c
0x1852cb	0x340f6c	DATA	render_mgr::RenderFogVolumes	PUSH 0x740f6c
0x18532b	0x340f9c	DATA	render_mgr::RenderCamera	PUSH 0x740f9c
0x18538b	0x340fd0	DATA	render_mgr::RenderCameraInfluencers	PUSH 0x740fd0
0x1853eb	0x34100c	DATA	render_mgr::RenderCameraModifiers	PUSH 0x74100c
0x18544b	0x341040	DATA	render_mgr::RenderWebWalls	PUSH 0x741040
0x1854ab	0x34106c	DATA	render_mgr::RenderFogPlanes	PUSH 0x74106c
0x18550b	0x341098	DATA	render_mgr::RenderTreeLeafClusters	PUSH 0x741098
0x18557b	0x3410cc	DATA	render_mgr::RenderFXObjects	PUSH 0x7410cc
0x1855fe	0x34177c	DATA	render_mgr::SetupRender	PUSH 0x74177c
0x185d1b	0x341748	DATA	render_mgr::Render - PreRenderBilbo	PUSH 0x741748
0x185d47	0x341714	DATA	render_mgr::Render - g_WeatherMgr.PreSceneRender	PUSH 0x741714
0x185e56	0x3416ec	DATA	render_mgr::Render - Tracking and Stuff	PUSH 0x7416ec
0x185eb3	0x3416c8	DATA	render_mgr::Render - RenderSkybox	PUSH 0x7416c8
0x185f07	0x3416a4	DATA	render_mgr::Render - RenderBilbo	PUSH 0x7416a4
0x185f3d	0x34167c	DATA	render_mgr::Render - RenderCharacters	PUSH 0x74167c
0x185f7f	0x34165c	DATA	render_mgr::Render - RenderEels	PUSH 0x74165c
0x185fbb	0x341634	DATA	render_mgr::Render - RenderPlaySurfaces	PUSH 0x741634
0x185fee	0x341608	DATA	render_mgr::Render - RenderRigidInstances	PUSH 0x741608
0x186024	0x3415e0	DATA	render_mgr::Render - RenderPushBoxes	PUSH 0x7415e0
0x18605a	0x3415b4	DATA	render_mgr::Render - RenderSavePedestals	PUSH 0x7415b4
0x186090	0x341588	DATA	render_mgr::Render - RenderTreasureChests	PUSH 0x741588
0x1860c6	0x341560	DATA	render_mgr::Render - RenderBoulderRuns	PUSH 0x741560
0x1860fc	0x34153c	DATA	render_mgr::Render - RenderEelHoles	PUSH 0x74153c
0x186133	0x341518	DATA	render_mgr::Render - RenderStones	PUSH 0x741518
0x186169	0x3414f0	DATA	render_mgr::Render - RenderProjectiles	PUSH 0x7414f0
0x18619c	0x3414c8	DATA	render_mgr::Render - RenderBatInstances	PUSH 0x7414c8
0x1861d2	0x3414a0	DATA	render_mgr::Render - RenderInternals	PUSH 0x7414a0
0x18620d	0x341474	DATA	render_mgr::Render - RenderPlatformObjects	PUSH 0x741474
0x186248	0x34144c	DATA	render_mgr::Render - RenderPlatformMgr	PUSH 0x74144c
0x186283	0x341428	DATA	render_mgr::Render - RenderProps	PUSH 0x741428
0x1862b9	0x341404	DATA	render_mgr::Render - RenderPickups	PUSH 0x741404
0x1862ef	0x3413e0	DATA	render_mgr::Render - RenderSwitches	PUSH 0x7413e0
0x186325	0x3413b8	DATA	render_mgr::Render - RenderBreakaways	PUSH 0x7413b8
0x18635b	0x341394	DATA	render_mgr::Render - RenderSliders	PUSH 0x741394
0x186391	0x341364	DATA	render_mgr::Render - RenderVisibleObjectsOfType	PUSH 0x741364
0x1863ce	0x34132c	DATA	render_mgr::Render - RenderTreeLeafClusters	PUSH 0x74132c
0x18640d	0x341308	DATA	render_mgr::Render - RenderLights	PUSH 0x741308
0x186440	0x3412dc	DATA	render_mgr::Render - g_SpatialDBase.Render	PUSH 0x7412dc
0x1864a9	0x3412a0	DATA	render_mgr::Render - RenderAudioEmitters	PUSH 0x7412a0
0x1864df	0x34127c	DATA	render_mgr::Render - RenderVolumes	PUSH 0x74127c
0x186515	0x341250	DATA	render_mgr::Render - RenderCameraModifiers	PUSH 0x741250
0x18654b	0x34122c	DATA	render_mgr::Render - RenderCamera	PUSH 0x74122c
0x186581	0x3411fc	DATA	render_mgr::Render - RenderCameraInfluencers	PUSH 0x7411fc
0x1865b7	0x3411d8	DATA	render_mgr::Render - RenderWalls	PUSH 0x7411d8
0x1865ed	0x3411b4	DATA	render_mgr::Render - RenderWater	PUSH 0x7411b4
0x186623	0x34118c	DATA	render_mgr::Render - RenderFogVolumes	PUSH 0x74118c
0x186659	0x341164	DATA	render_mgr::Render - RenderLoadTriggers	PUSH 0x741164
0x18668f	0x341140	DATA	render_mgr::Render - RenderTriggers	PUSH 0x741140
0x1866c5	0x34153c	DATA	render_mgr::Render - RenderEelHoles	PUSH 0x74153c
0x1866fd	0x34165c	DATA	render_mgr::Render - RenderEels	PUSH 0x74165c
0x186746	0x341110	DATA	render_mgr::Render - RenderWebWalls	PUSH 0x741110
0x18677c	0x3410e8	DATA	render_mgr::Render - RenderFogPlanes	PUSH 0x7410e8
0x18689c	0x341c94	DATA	render_mgr::Render	PUSH 0x741c94
0x1868ba	0x341c60	DATA	render_mgr::Render - g_RenderTaskMgr.RenderUnsorted	PUSH 0x741c60
0x18690b	0x341c0c	DATA	render_mgr::Render - g_RenderTaskMgr.RenderUnsortedNonMaterial	PUSH 0x741c0c
0x186953	0x341bcc	DATA	render_mgr::Render - g_DecalMgr.Render	PUSH 0x741bcc
0x1869ac	0x341b90	DATA	render_mgr::Render - RenderSwooshes	PUSH 0x741b90
0x1869e4	0x341b60	DATA	render_mgr::Render - g_WaterSplashMgr.Render	PUSH 0x741b60
0x186a16	0x341b2c	DATA	render_mgr::Render - g_RenderTaskMgr.RenderSorted	PUSH 0x741b2c
0x186a60	0x341af8	DATA	render_mgr::Render - End Tracking	PUSH 0x741af8
0x186a9c	0x341acc	DATA	render_mgr::Render - g_WeatherMgr.Render	PUSH 0x741acc
0x186ace	0x341aa8	DATA	render_mgr::Render - shadow_Render	PUSH 0x741aa8
0x186afb	0x341a78	DATA	render_mgr::Render - RenderTreasureChestGlows	PUSH 0x741a78
0x186b2a	0x341a4c	DATA	render_mgr::Render - RenderSpecialFXVolumes	PUSH 0x741a4c
0x186b59	0x341a24	DATA	render_mgr::Render - PostRenderBilbo	PUSH 0x741a24
0x186b86	0x3419fc	DATA	render_mgr::Render - RenderStingGlow	PUSH 0x7419fc
0x186bb5	0x3419d4	DATA	render_mgr::Render - RenderFXObjects	PUSH 0x7419d4
0x186beb	0x3419a8	DATA	render_mgr::Render - RenderBilboTargeting	PUSH 0x7419a8
0x186c1a	0x341970	DATA	render_mgr::Render - g_OccluderMgr.RenderAllOccluders	PUSH 0x741970
0x186c5e	0x341928	DATA	render_mgr::Render - g_OccluderMgr.RenderUsableOccluders	PUSH 0x741928
0x186ccc	0x3418dc	DATA	render_mgr::Render - g_ObjMgr.DisplayStats	PUSH 0x7418dc
0x186cfe	0x3418b0	DATA	render_mgr::Render - g_RscMgr.RenderStats	PUSH 0x7418b0
0x186d30	0x341884	DATA	render_mgr::Render - DisplayTriangleStats	PUSH 0x741884
0x186d5f	0x341858	DATA	render_mgr::Render - DisplayCouragePtTotals	PUSH 0x741858
0x186d76	0x341824	DATA	render_mgr::Render - g_RigidRIPoolMgr.SanityCheck	PUSH 0x741824
0x186f73	0x341cc0	DATA	render_mgr::RenderTreasureChestGlows	PUSH 0x741cc0
0x186fab	0x341d04	DATA	render_mgr::RenderSpecialFXVolumes	PUSH 0x741d04
0x187010	0x341d64	DATA	render_mgr::RenderStingGlow	PUSH 0x741d64
0x18784e	0x341d90	DATA	render_mgr::RenderBilboTargeting	PUSH 0x741d90
0x18786c	0x31cef0	DATA	obj_mgr::LockObject(Guid)	PUSH 0x71cef0
0x187959	0x31cef0	DATA	obj_mgr::LockObject(Guid)	PUSH 0x71cef0
0x187a8f	0x31cef0	DATA	obj_mgr::LockObject(Guid)	PUSH 0x71cef0
0x187bb3	0x31cef0	DATA	obj_mgr::LockObject(Guid)	PUSH 0x71cef0
0x187d1c	0x341db4	DATA	render_mgr::EnableFog	PUSH 0x741db4
0x187fe1	0x341de8	DATA	render_mgr::RenderSpecialPickupEffects	PUSH 0x741de8
0x18882f	0x341e18	DATA	C:\projects\meridian\Support\SelSet\selset.cpp	PUSH 0x741e18
0x188920	0x341e18	DATA	C:\projects\meridian\Support\SelSet\selset.cpp	PUSH 0x741e18
0x1889cb	0x341e18	DATA	C:\projects\meridian\Support\SelSet\selset.cpp	PUSH 0x741e18
0x1889e9	0x341e18	DATA	C:\projects\meridian\Support\SelSet\selset.cpp	PUSH 0x741e18
0x189a9b	0x341e48	DATA	modifier_mgr::OnAdvanceLogic	PUSH 0x741e48
0x189afe	0x31d1b4	DATA	obj_mgr::LockObjectEvenIfDeactivated(Guid)	PUSH 0x71d1b4
0x189e04	0x341e98	DATA	C:\projects\meridian\Support\SpatialDBase\SpatialDBase.cpp	PUSH 0x741e98
0x189e2d	0x341e98	DATA	C:\projects\meridian\Support\SpatialDBase\SpatialDBase.cpp	PUSH 0x741e98
0x189f81	0x341f10	DATA	sdbase::Render	PUSH 0x741f10
0x18a1b6	0x341e98	DATA	C:\projects\meridian\Support\SpatialDBase\SpatialDBase.cpp	CMP ESI,0x741e98
0x18a32e	0x341f20	DATA	sdbase::AllocCell	PUSH 0x741f20
0x18a379	0x341e98	DATA	C:\projects\meridian\Support\SpatialDBase\SpatialDBase.cpp	PUSH 0x741e98
0x18a508	0x341f34	DATA	sdbase::FreeCell	PUSH 0x741f34
0x18a658	0x341f68	DATA	sdbase::TraverseCells	PUSH 0x741f68
0x18a6f3	0x341f48	DATA	sdbase::TraverseCells-UserFunc	PUSH 0x741f48
0x18a8b7	0x341f48	DATA	sdbase::TraverseCells-UserFunc	PUSH 0x741f48
0x18aa0e	0x341fd4	DATA	sdbase::AcquireLinks	PUSH 0x741fd4
0x18acb0	0x341fac	DATA	spatial_dbase::AcquireLinks::AllocLinks	PUSH 0x741fac
0x18acc9	0x341e98	DATA	C:\projects\meridian\Support\SpatialDBase\SpatialDBase.cpp	PUSH 0x741e98
0x18ae7d	0x341f80	DATA	spatial_dbase::AcquireLinks::HookupCells	PUSH 0x741f80
0x18b151	0x34203c	DATA	sdbase::UpdateLinks	PUSH 0x74203c
0x18b5b0	0x342014	DATA	spatial_dbase::UpdateLinks - early exit	PUSH 0x742014
0x18b6a0	0x341fec	DATA	spatial_dbase::UpdateLinks::AllocLinks	PUSH 0x741fec
0x18b6bc	0x341e98	DATA	C:\projects\meridian\Support\SpatialDBase\SpatialDBase.cpp	PUSH 0x741e98
0x18b898	0x341f80	DATA	spatial_dbase::AcquireLinks::HookupCells	PUSH 0x741f80
0x18bb5c	0x342050	DATA	sdbase::ReleaseLinks	PUSH 0x742050
0x18c73e	0x342150	DATA	poly_cache::AcquireCell	PUSH 0x742150
0x18c84b	0x342190	DATA	poly_cache::InvalidateCells	PUSH 0x742190
0x18c97f	0x31cef0	DATA	obj_mgr::LockObject(Guid)	PUSH 0x71cef0
0x18cb7c	0x3421ac	DATA	poly_cache::AllocCell	PUSH 0x7421ac
0x18cc1d	0x3421c4	DATA	poly_cache::AllocBucket	PUSH 0x7421c4
0x18ccb8	0x3421dc	DATA	poly_cache::DestroyCell	PUSH 0x7421dc
0x18cf1e	0x3421f4	DATA	poly_cache::BuildNewCell	PUSH 0x7421f4
0x18d81f	0x342218	DATA	poly_cache::LoadUpBucketWithTriangles	PUSH 0x742218
0x18d87e	0x31cef0	DATA	obj_mgr::LockObject(Guid)	PUSH 0x71cef0
0x18e3dc	0x342240	DATA	poly_cache::InvalidateAllCells	PUSH 0x742240
0x18ee3c	0x34229c	DATA	C:\projects\meridian\Support\SaveMgr\SaveMgr.cpp	PUSH 0x74229c
0x18eefe	0x34229c	DATA	C:\projects\meridian\Support\SaveMgr\SaveMgr.cpp	PUSH 0x74229c
0x18f2a6	0x34242c	DATA	save_mgr::SaveState	PUSH 0x74242c
0x19065f	0x34229c	DATA	C:\projects\meridian\Support\SaveMgr\SaveMgr.cpp	PUSH 0x74229c
0x191dad	0x342d5c	DATA	PhysController::InitStatics	PUSH 0x742d5c
0x19233e	0x342d78	DATA	PhysController::InitTweakables	PUSH 0x742d78
0x19235a	0x31d1b4	DATA	obj_mgr::LockObjectEvenIfDeactivated(Guid)	PUSH 0x71d1b4
0x19267b	0x342d98	DATA	PhysController::SetDesiredPhysState	PUSH 0x742d98
0x192b01	0x342de8	DATA	PhysController::SetAnim	PUSH 0x742de8
0x192fdc	0x31cef0	DATA	obj_mgr::LockObject(Guid)	PUSH 0x71cef0
0x193df1	0x342e1c	DATA	PhysController::GetAnimInfoFromType	PUSH 0x742e1c
0x1943ac	0x342e44	DATA	PhysController::GetAnimInfoFromName	PUSH 0x742e44
0x19448b	0x342e68	DATA	PhysController::AdvanceHeadTracking	PUSH 0x742e68
0x1944d1	0x31cef0	DATA	obj_mgr::LockObject(Guid)	PUSH 0x71cef0
0x1946cc	0x342e8c	DATA	PhysController::UpdateHeadTracking	PUSH 0x742e8c
0x1949ad	0x342eb0	DATA	PhysController::UpdateHeadTrackingStatus	PUSH 0x742eb0
0x194bfd	0x342edc	DATA	PhysController::OnAdvanceLogic	PUSH 0x742edc
0x194c1b	0x31cef0	DATA	obj_mgr::LockObject(Guid)	PUSH 0x71cef0
0x194dbd	0x342f24	DATA	PhysController::UpdateCinemaAnim	PUSH 0x742f24
0x194efb	0x342f48	DATA	PhysController::UpdateLookahead	PUSH 0x742f48
0x19524b	0x342fa4	DATA	PhysController::StateChange	PUSH 0x742fa4
0x19532b	0x342fc0	DATA	PhysController::UpdateGoals	PUSH 0x742fc0
0x1953ae	0x342fdc	DATA	PhysController::SetupNavPath	PUSH 0x742fdc
0x19542a	0x31cef0	DATA	obj_mgr::LockObject(Guid)	PUSH 0x71cef0
0x19574c	0x342ffc	DATA	PhysController::ProcessGoal	PUSH 0x742ffc
0x19587e	0x343018	DATA	PhysController::ChangePhysState	PUSH 0x743018
0x195b9c	0x343038	DATA	PhysController::GetAnimInfoFromState	PUSH 0x743038
0x195d7c	0x343060	DATA	PhysController::ChangeNavState	PUSH 0x743060
0x195e9b	0x343080	DATA	PhysController::UpdateAnim	PUSH 0x743080
0x1960ee	0x34309c	DATA	PhysController::SetupAnimList	PUSH 0x74309c
0x1960fe	0x34309c	DATA	PhysController::SetupAnimList	PUSH 0x74309c
0x19654e	0x3430bc	DATA	PhysController::UpdatePhysState	PUSH 0x7430bc
0x196657	0x31cef0	DATA	obj_mgr::LockObject(Guid)	PUSH 0x71cef0
0x1967bb	0x3430dc	DATA	PhysController::DoNavigate	PUSH 0x7430dc
0x196921	0x3430f8	DATA	PhysController::DoStrafeNavigate	PUSH 0x7430f8
0x196af0	0x31cef0	DATA	obj_mgr::LockObject(Guid)	PUSH 0x71cef0
0x1971fd	0x31cef0	DATA	obj_mgr::LockObject(Guid)	PUSH 0x71cef0
0x19738c	0x34311c	DATA	PhysController::GetStrafeAnim	PUSH 0x74311c
0x197446	0x31cef0	DATA	obj_mgr::LockObject(Guid)	PUSH 0x71cef0
0x19765e	0x34313c	DATA	PhysController::DoAnimate	PUSH 0x74313c
0x1976ba	0x31cef0	DATA	obj_mgr::LockObject(Guid)	PUSH 0x71cef0
0x197abd	0x343158	DATA	PhysController::ChooseTurnAnim	PUSH 0x743158
0x197af2	0x31cef0	DATA	obj_mgr::LockObject(Guid)	PUSH 0x71cef0
0x197d0e	0x343178	DATA	PhysController::DoFace	PUSH 0x743178
0x197d5b	0x31cef0	DATA	obj_mgr::LockObject(Guid)	PUSH 0x71cef0
0x19823c	0x343190	DATA	PhysController::GetClosestTurn	PUSH 0x743190
0x19854e	0x3431b0	DATA	PhysController::DoMessage	PUSH 0x7431b0
0x1986be	0x3431cc	DATA	PhysController::DoOverride	PUSH 0x7431cc
0x1989bc	0x3431e8	DATA	PhysController::DoFall	PUSH 0x7431e8
0x198c8b	0x343200	DATA	PhysController::UpdateSkid	PUSH 0x743200
0x198d7b	0x34321c	DATA	PhysController::UpdateNavState	PUSH 0x74321c
0x198e6d	0x34323c	DATA	PhysController::DoNSGroundHug	PUSH 0x74323c
0x199b7d	0x34325c	DATA	PhysController::UpdateBasisMatrix	PUSH 0x74325c
0x199edb	0x343280	DATA	PhysController::UpdatePosition	PUSH 0x743280
0x19a330	0x3432a0	DATA	PhysController::BuildMatrices	PUSH 0x7432a0
0x19a4ae	0x3432a0	DATA	PhysController::BuildMatrices	PUSH 0x7432a0
0x19c3a1	0x3433ac	DATA	ConversationMgr::OnAdvanceLogic	PUSH 0x7433ac
0x19c4f0	0x31cef0	DATA	obj_mgr::LockObject(Guid)	PUSH 0x71cef0
0x19c5cc	0x31cef0	DATA	obj_mgr::LockObject(Guid)	PUSH 0x71cef0
0x19c644	0x31cef0	DATA	obj_mgr::LockObject(Guid)	PUSH 0x71cef0
0x19c6b1	0x31cef0	DATA	obj_mgr::LockObject(Guid)	PUSH 0x71cef0
0x19c861	0x31cef0	DATA	obj_mgr::LockObject(Guid)	PUSH 0x71cef0
0x19ca6e	0x31cef0	DATA	obj_mgr::LockObject(Guid)	PUSH 0x71cef0
0x19cbba	0x31cef0	DATA	obj_mgr::LockObject(Guid)	PUSH 0x71cef0
0x19ced3	0x31cef0	DATA	obj_mgr::LockObject(Guid)	PUSH 0x71cef0
0x1a355c	0x344200	DATA	C:\projects\meridian\Support\Geometry\RenderInterface.cpp	PUSH 0x744200
0x1a37b0	0x344200	DATA	C:\projects\meridian\Support\Geometry\RenderInterface.cpp	PUSH 0x744200
0x1a3a0a	0x344200	DATA	C:\projects\meridian\Support\Geometry\RenderInterface.cpp	PUSH 0x744200
0x1a4118	0x34423c	DATA	collmesh::GetTriVertsAndBBox	PUSH 0x74423c
0x1a5df4	0x344320	DATA	C:\projects\meridian\Support\CollisionMgr\CollMesh.cpp	PUSH 0x744320
0x1a5e49	0x344320	DATA	C:\projects\meridian\Support\CollisionMgr\CollMesh.cpp	PUSH 0x744320
0x1a5ed2	0x344320	DATA	C:\projects\meridian\Support\CollisionMgr\CollMesh.cpp	PUSH 0x744320
0x1a5efe	0x344320	DATA	C:\projects\meridian\Support\CollisionMgr\CollMesh.cpp	PUSH 0x744320
0x1a60ae	0x344320	DATA	C:\projects\meridian\Support\CollisionMgr\CollMesh.cpp	PUSH 0x744320
0x1a60c4	0x344320	DATA	C:\projects\meridian\Support\CollisionMgr\CollMesh.cpp	PUSH 0x744320
0x1a6100	0x344320	DATA	C:\projects\meridian\Support\CollisionMgr\CollMesh.cpp	PUSH 0x744320
0x1a61a7	0x344320	DATA	C:\projects\meridian\Support\CollisionMgr\CollMesh.cpp	PUSH 0x744320
0x1a61d6	0x344320	DATA	C:\projects\meridian\Support\CollisionMgr\CollMesh.cpp	PUSH 0x744320
0x1a627e	0x344320	DATA	C:\projects\meridian\Support\CollisionMgr\CollMesh.cpp	PUSH 0x744320
0x1a6487	0x344320	DATA	C:\projects\meridian\Support\CollisionMgr\CollMesh.cpp	PUSH 0x744320
0x1a64a8	0x344320	DATA	C:\projects\meridian\Support\CollisionMgr\CollMesh.cpp	PUSH 0x744320
0x1a64c9	0x344320	DATA	C:\projects\meridian\Support\CollisionMgr\CollMesh.cpp	PUSH 0x744320
0x1a6526	0x344320	DATA	C:\projects\meridian\Support\CollisionMgr\CollMesh.cpp	PUSH 0x744320
0x1a6a67	0x344320	DATA	C:\projects\meridian\Support\CollisionMgr\CollMesh.cpp	PUSH 0x744320
0x1a6cb5	0x344320	DATA	C:\projects\meridian\Support\CollisionMgr\CollMesh.cpp	PUSH 0x744320
0x1a6cce	0x344320	DATA	C:\projects\meridian\Support\CollisionMgr\CollMesh.cpp	PUSH 0x744320
0x1a6d86	0x344320	DATA	C:\projects\meridian\Support\CollisionMgr\CollMesh.cpp	PUSH 0x744320
0x1a6da2	0x344320	DATA	C:\projects\meridian\Support\CollisionMgr\CollMesh.cpp	PUSH 0x744320
0x1a7354	0x344320	DATA	C:\projects\meridian\Support\CollisionMgr\CollMesh.cpp	PUSH 0x744320
0x1a7377	0x344320	DATA	C:\projects\meridian\Support\CollisionMgr\CollMesh.cpp	PUSH 0x744320
0x1a739a	0x344320	DATA	C:\projects\meridian\Support\CollisionMgr\CollMesh.cpp	PUSH 0x744320
0x1a76ee	0x344320	DATA	C:\projects\meridian\Support\CollisionMgr\CollMesh.cpp	PUSH 0x744320
0x1a7704	0x344320	DATA	C:\projects\meridian\Support\CollisionMgr\CollMesh.cpp	PUSH 0x744320
0x1a771a	0x344320	DATA	C:\projects\meridian\Support\CollisionMgr\CollMesh.cpp	PUSH 0x744320
0x1a7730	0x344320	DATA	C:\projects\meridian\Support\CollisionMgr\CollMesh.cpp	PUSH 0x744320
0x1a792d	0x344358	DATA	rigid_ri_pool_mgr::AcquireRI	PUSH 0x744358
0x1a7a86	0x344378	DATA	rigid_ri_pool_mgr::SanityCheck	PUSH 0x744378
0x1a7c29	0x3447bc	DATA	C:\projects\meridian\Support\OccluderMgr\OccluderMgr.cpp	PUSH 0x7447bc
0x1a846f	0x34480c	DATA	occluder_mgr::SetView	PUSH 0x74480c
0x1a8fbc	0x344824	DATA	occluder_mgr::IsBBoxOccluded	PUSH 0x744824
0x1a90eb	0x344844	DATA	occluder_mgr::IsBBoxOccludedWithHint	PUSH 0x744844
0x1aa10e	0x344898	DATA	wisp_fx::OnAdvanceLogic	PUSH 0x744898
0x1aaaee	0x3448e4	DATA	SenseController::UpdateSensedArray	PUSH 0x7448e4
0x1aac12	0x3448b0	DATA	C:\projects\meridian\Support\AI\SenseController.cpp	PUSH 0x7448b0
0x1aae2e	0x344988	DATA	SenseController::UpdateBestGuess	PUSH 0x744988
0x1aae7c	0x34495c	DATA	SenseController::UpdateBestGuess - bilbo	PUSH 0x74495c
0x1aafb2	0x344934	DATA	SenseController::UpdateBestGuess - npc	PUSH 0x744934
0x1aafc5	0x3448b0	DATA	C:\projects\meridian\Support\AI\SenseController.cpp	PUSH 0x7448b0
0x1ab121	0x344908	DATA	SenseController::UpdateBestGuess - guess	PUSH 0x744908
0x1ab135	0x31cef0	DATA	obj_mgr::LockObject(Guid)	PUSH 0x71cef0
0x1ab218	0x31cef0	DATA	obj_mgr::LockObject(Guid)	PUSH 0x71cef0
0x1ab34d	0x3449ac	DATA	SenseController::OnAdvanceLogic	PUSH 0x7449ac
0x1ab40d	0x3449cc	DATA	SenseController::CanSmell	PUSH 0x7449cc
0x1ab439	0x31cef0	DATA	obj_mgr::LockObject(Guid)	PUSH 0x71cef0
0x1ab81e	0x3449e8	DATA	SenseController::CanSee	PUSH 0x7449e8
0x1ab85f	0x31cef0	DATA	obj_mgr::LockObject(Guid)	PUSH 0x71cef0
0x1acc5b	0x344b20	DATA	StateController::OnAdvanceLogic	PUSH 0x744b20
0x1acd8b	0x344b40	DATA	StateController::UpdateCurrentState	PUSH 0x744b40
0x1ace0d	0x344b64	DATA	StateController::UpdateTarget	PUSH 0x744b64
0x1ace66	0x31cef0	DATA	obj_mgr::LockObject(Guid)	PUSH 0x71cef0
0x1ad0ab	0x344b84	DATA	StateController::UpdateCombat	PUSH 0x744b84
0x1ad15e	0x344bb8	DATA	StateController::UpdateDesiredState	PUSH 0x744bb8
0x1ad35c	0x344bdc	DATA	StateController::UpdateAngry	PUSH 0x744bdc
0x1ad47b	0x33f528	DATA	AIGoal::InitStatics	PUSH 0x73f528
0x1af17d	0x344f08	DATA	StateController::GetGoalListFromName	PUSH 0x744f08
0x1af23d	0x344f30	DATA	StateController::GetGoalListSetFromName	PUSH 0x744f30
0x1afcad	0x31cef0	DATA	obj_mgr::LockObject(Guid)	PUSH 0x71cef0
0x1afd84	0x31cef0	DATA	obj_mgr::LockObject(Guid)	PUSH 0x71cef0
0x1afe55	0x31cef0	DATA	obj_mgr::LockObject(Guid)	PUSH 0x71cef0
0x1b0121	0x344f58	DATA	StateController::SetupStateList	PUSH 0x744f58
0x1b0141	0x344f78	DATA	StateController::SetupGoalTypeList	PUSH 0x744f78
0x1b0161	0x344f9c	DATA	StateController::SetupGoalListNames	PUSH 0x744f9c
0x1b0f8a	0x3451ac	DATA	StateController::EnumerateProperties	PUSH 0x7451ac
0x1b336e	0x345534	DATA	NavController::FindNearestNavPoint	PUSH 0x745534
0x1b347e	0x31cef0	DATA	obj_mgr::LockObject(Guid)	PUSH 0x71cef0
0x1b3649	0x31cef0	DATA	obj_mgr::LockObject(Guid)	PUSH 0x71cef0
0x1b38bc	0x345570	DATA	NavController::InNavSphere	PUSH 0x745570
0x1b38e4	0x31cef0	DATA	obj_mgr::LockObject(Guid)	PUSH 0x71cef0
0x1b3b01	0x34558c	DATA	NavController::GetPathFast	PUSH 0x74558c
0x1b3ce8	0x31cef0	DATA	obj_mgr::LockObject(Guid)	PUSH 0x71cef0
0x1b3d50	0x31cef0	DATA	obj_mgr::LockObject(Guid)	PUSH 0x71cef0
0x1b3e68	0x31cef0	DATA	obj_mgr::LockObject(Guid)	PUSH 0x71cef0
0x1b44ae	0x3455a8	DATA	NavController::GetPath	PUSH 0x7455a8
0x1b4861	0x345678	DATA	NavController::FindNavPath	PUSH 0x745678
0x1b48c7	0x31cef0	DATA	obj_mgr::LockObject(Guid)	PUSH 0x71cef0
0x1b4926	0x31cef0	DATA	obj_mgr::LockObject(Guid)	PUSH 0x71cef0
0x1b4bb6	0x345658	DATA	NavController::ExpandANavPath	PUSH 0x745658
0x1b4db2	0x31cef0	DATA	obj_mgr::LockObject(Guid)	PUSH 0x71cef0
0x1b4e8f	0x345638	DATA	NavController::CheckANavPath	PUSH 0x745638
0x1b4ec7	0x31cef0	DATA	obj_mgr::LockObject(Guid)	PUSH 0x71cef0
0x1b5135	0x34560c	DATA	NavController::LookingForPointInExpanded	PUSH 0x74560c
0x1b51da	0x3455e4	DATA	NavController::LookingForPointInActive	PUSH 0x7455e4
0x1b5536	0x3455c0	DATA	NavController::AddingNewActivePath	PUSH 0x7455c0
0x1b59c9	0x31cef0	DATA	obj_mgr::LockObject(Guid)	PUSH 0x71cef0
0x1b5e8e	0x345694	DATA	NavController::GetShortestPath	PUSH 0x745694
0x1b5f7a	0x31cef0	DATA	obj_mgr::LockObject(Guid)	PUSH 0x71cef0
0x1b617c	0x31cef0	DATA	obj_mgr::LockObject(Guid)	PUSH 0x71cef0
0x1bb53c	0x31cef0	DATA	obj_mgr::LockObject(Guid)	PUSH 0x71cef0
0x1be29c	0x345b58	DATA	AIState::OnTick	PUSH 0x745b58
0x1bfe30	0x345c40	DATA	C:\projects\meridian\Support\Geometry\geom.cpp	PUSH 0x745c40
0x1bfe4a	0x345c40	DATA	C:\projects\meridian\Support\Geometry\geom.cpp	PUSH 0x745c40
0x1c0621	0x345d08	DATA	geom::Load	PUSH 0x745d08
0x1c0631	0x345d08	DATA	geom::Load	PUSH 0x745d08
0x1c0ddf	0x345c40	DATA	C:\projects\meridian\Support\Geometry\geom.cpp	PUSH 0x745c40
0x1c0e1b	0x345c40	DATA	C:\projects\meridian\Support\Geometry\geom.cpp	PUSH 0x745c40
0x1c0e2d	0x345c40	DATA	C:\projects\meridian\Support\Geometry\geom.cpp	PUSH 0x745c40
0x1c1189	0x345d20	DATA	rigid_geom_loader::Load	PUSH 0x745d20
0x1c149c	0x345d38	DATA	rigid_geom::Load	PUSH 0x745d38
0x1c26a6	0x345d74	DATA	water_splash_mgr::OnAdvanceLogic	PUSH 0x745d74
0x1c2b8d	0x345ec0	DATA	render_task_mgr::BeginFrame	PUSH 0x745ec0
0x1c304b	0x345edc	DATA	render_task_mgr::FlushAll	PUSH 0x745edc
0x1c30ab	0x345ef8	DATA	render_task_mgr::RenderAll	PUSH 0x745ef8
0x1c311e	0x345f14	DATA	render_task_mgr::ResolveBoxBox	PUSH 0x745f14
0x1c333b	0x345f34	DATA	render_task_mgr::SortRICompare	PUSH 0x745f34
0x1c33fc	0x345f7c	DATA	render_task_mgr::Sort	PUSH 0x745f7c
0x1c3892	0x345f54	DATA	render_task_mgr::Sort - quicksorting	PUSH 0x745f54
0x1c3aae	0x345f94	DATA	render_task_mgr::RenderUnsorted	PUSH 0x745f94
0x1c3cdb	0x345fb4	DATA	render_task_mgr::RenderUnsortedNonMaterial	PUSH 0x745fb4
0x1c3d4e	0x345fe0	DATA	render_task_mgr::RenderSorted	PUSH 0x745fe0
0x1c3f0e	0x346000	DATA	render_task_mgr::RenderTasksFromMaterial	PUSH 0x746000
0x1c41fd	0x34602c	DATA	render_task_mgr::RenderFromTaskList	PUSH 0x74602c
0x1c53a1	0x346050	DATA	selset_mgr::ReadAll	PUSH 0x746050
0x1c5eed	0x3460b0	DATA	clutter_mgr::HandlePop	PUSH 0x7460b0
0x1c612e	0x3460ec	DATA	clutter_mgr::HandleFading	PUSH 0x7460ec
0x1c647c	0x346108	DATA	clutter_mgr::OnAdvanceLogic	PUSH 0x746108
0x1c6a7e	0x346194	DATA	clutter_mgr::ShowClutter	PUSH 0x746194
0x1c6b85	0x31cef0	DATA	obj_mgr::LockObject(Guid)	PUSH 0x71cef0
0x1c6dfe	0x3461b0	DATA	clutter_mgr::HideClutter	PUSH 0x7461b0
0x1c6f0c	0x3461cc	DATA	clutter_mgr::GetFadeSlot	PUSH 0x7461cc
0x1c7ede	0x346408	DATA	GroupCombatManager::OnAdvanceLogic	PUSH 0x746408
0x1c7eee	0x31cef0	DATA	obj_mgr::LockObject(Guid)	PUSH 0x71cef0
0x1c7f57	0x31cef0	DATA	obj_mgr::LockObject(Guid)	PUSH 0x71cef0
0x1c90b1	0x346434	DATA	C:\projects\meridian\Support\Pool\Pool.cpp	PUSH 0x746434
0x1c931f	0x346434	DATA	C:\projects\meridian\Support\Pool\Pool.cpp	PUSH 0x746434
0x1c95db	0x346434	DATA	C:\projects\meridian\Support\Pool\Pool.cpp	PUSH 0x746434
0x1c9623	0x346434	DATA	C:\projects\meridian\Support\Pool\Pool.cpp	PUSH 0x746434
0x1cc34b	0x3465a4	DATA	AIAction::OnAdvanceLogic	PUSH 0x7465a4
0x1cd29e	0x3466e0	DATA	ActionTriggerSwitch::Execute()	PUSH 0x7466e0
0x1cd2b2	0x31d1b4	DATA	obj_mgr::LockObjectEvenIfDeactivated(Guid)	PUSH 0x71d1b4
0x1cde9e	0x3467c4	DATA	ActionMusicTrigger::Execute()	PUSH 0x7467c4
0x1cdeb2	0x31d1b4	DATA	obj_mgr::LockObjectEvenIfDeactivated(Guid)	PUSH 0x71d1b4
0x1ce6fe	0x346828	DATA	ActionAmbientAudioTrigger::Execute()	PUSH 0x746828
0x1ce712	0x31d1b4	DATA	obj_mgr::LockObjectEvenIfDeactivated(Guid)	PUSH 0x71d1b4
0x1cef6e	0x34689c	DATA	ActionSetTeam::Execute()	PUSH 0x74689c
0x1cef82	0x31d1b4	DATA	obj_mgr::LockObjectEvenIfDeactivated(Guid)	PUSH 0x71d1b4
0x1cfb0e	0x346930	DATA	ActionSetConversation ::Execute()	PUSH 0x746930
0x1cfb22	0x31d1b4	DATA	obj_mgr::LockObjectEvenIfDeactivated(Guid)	PUSH 0x71d1b4
0x1d070e	0x3469a0	DATA	ActionSetGoalList ::Execute()	PUSH 0x7469a0
0x1d0722	0x31d1b4	DATA	obj_mgr::LockObjectEvenIfDeactivated(Guid)	PUSH 0x71d1b4
0x1d0ab0	0x31d1b4	DATA	obj_mgr::LockObjectEvenIfDeactivated(Guid)	PUSH 0x71d1b4
0x1d156e	0x346ac8	DATA	ActionStartDialog::Execute()	PUSH 0x746ac8
0x1d1582	0x31cef0	DATA	obj_mgr::LockObject(Guid)	PUSH 0x71cef0
0x1d238e	0x346bdc	DATA	ActionStartDialogFromList::Execute()	PUSH 0x746bdc
0x1d23f0	0x31cef0	DATA	obj_mgr::LockObject(Guid)	PUSH 0x71cef0
0x1d39fd	0x346cdc	DATA	ActionSetInventory::Execute()	PUSH 0x746cdc
0x1d3a24	0x31d1b4	DATA	obj_mgr::LockObjectEvenIfDeactivated(Guid)	PUSH 0x71d1b4
0x1d4cce	0x346e14	DATA	ActionTriggerLoadLayer::Execute()	PUSH 0x746e14
0x1d4ce2	0x31d1b4	DATA	obj_mgr::LockObjectEvenIfDeactivated(Guid)	PUSH 0x71d1b4
0x1d561e	0x346e78	DATA	ActionSpawnNPC::Execute()	PUSH 0x746e78
0x1d5655	0x31d1b4	DATA	obj_mgr::LockObjectEvenIfDeactivated(Guid)	PUSH 0x71d1b4
0x1d56b5	0x31d1b4	DATA	obj_mgr::LockObjectEvenIfDeactivated(Guid)	PUSH 0x71d1b4
0x1d576a	0x31d1b4	DATA	obj_mgr::LockObjectEvenIfDeactivated(Guid)	PUSH 0x71d1b4
0x1d5865	0x346e94	DATA	ActionSpawnNPC::ValidData()	PUSH 0x746e94
0x1d58c9	0x346eb0	DATA	ActionSpawnNPC::UsesObject()	PUSH 0x746eb0
0x1d5f0a	0x31d1b4	DATA	obj_mgr::LockObjectEvenIfDeactivated(Guid)	PUSH 0x71d1b4
0x1d72ab	0x3470d8	DATA	ActionToggleLink::Execute()	PUSH 0x7470d8
0x1d7dde	0x347164	DATA	ActionSetState::Execute()	PUSH 0x747164
0x1d7df2	0x31d1b4	DATA	obj_mgr::LockObjectEvenIfDeactivated(Guid)	PUSH 0x71d1b4
0x1d811c	0x31d1b4	DATA	obj_mgr::LockObjectEvenIfDeactivated(Guid)	PUSH 0x71d1b4
0x1d89de	0x3471c0	DATA	ActionActivateTrigger::Execute()	PUSH 0x7471c0
0x1d89f2	0x31d1b4	DATA	obj_mgr::LockObjectEvenIfDeactivated(Guid)	PUSH 0x71d1b4
0x1dfa56	0x31d1b4	DATA	obj_mgr::LockObjectEvenIfDeactivated(Guid)	PUSH 0x71d1b4
0x1dfd14	0x31d1b4	DATA	obj_mgr::LockObjectEvenIfDeactivated(Guid)	PUSH 0x71d1b4
0x1e96f4	0x31cef0	DATA	obj_mgr::LockObject(Guid)	PUSH 0x71cef0
0x1ef32e	0x347ef0	DATA	ActionRigidInstanceHidden::Execute()	PUSH 0x747ef0
0x1ef342	0x31d1b4	DATA	obj_mgr::LockObjectEvenIfDeactivated(Guid)	PUSH 0x71d1b4
0x1f06ee	0x347ff0	DATA	ActionRigidInstanceHoistable::Execute()	PUSH 0x747ff0
0x1f0702	0x31d1b4	DATA	obj_mgr::LockObjectEvenIfDeactivated(Guid)	PUSH 0x71d1b4
0x1f11d6	0x34805c	DATA	AITrigger::OnAdvanceLogic	PUSH 0x74805c
0x1f2e4b	0x3481ac	DATA	C:\projects\meridian\Support\AI\AITrigger.cpp	PUSH 0x7481ac
0x1f6caa	0x31cef0	DATA	obj_mgr::LockObject(Guid)	PUSH 0x71cef0
0x1fb383	0x31cef0	DATA	obj_mgr::LockObject(Guid)	PUSH 0x71cef0
0x1fb51a	0x31cef0	DATA	obj_mgr::LockObject(Guid)	PUSH 0x71cef0
0x20b8ed	0x31cef0	DATA	obj_mgr::LockObject(Guid)	PUSH 0x71cef0
0x20bc6a	0x31cef0	DATA	obj_mgr::LockObject(Guid)	PUSH 0x71cef0
0x211c31	0x31cef0	DATA	obj_mgr::LockObject(Guid)	PUSH 0x71cef0
0x2197eb	0x34997c	DATA	C:\projects\meridian\Support\AI\SmaugAttackState.cpp	PUSH 0x74997c
0x23c941	0x34a810	DATA	C:\projects\meridian\xCore\Auxiliary\Parsing\bitstream.cpp	PUSH 0x74a810
0x23c98a	0x34a84c	DATA	C:\projects\meridian\xCore\Auxiliary\Parsing\bitstream.cpp	PUSH 0x74a84c
0x23ca20	0x34a888	DATA	C:\projects\meridian\xCore\Auxiliary\Parsing\bitstream.cpp	PUSH 0x74a888
0x23dddd	0x34a8c8	DATA	text_in::text_in	PUSH 0x74a8c8
0x23de4f	0x34a8dc	DATA	text_in::~text_in	PUSH 0x74a8dc
0x23de85	0x34a8f0	DATA	C:\projects\meridian\xCore\Auxiliary\Parsing\TextIn.cpp	PUSH 0x74a8f0
0x23de98	0x34a928	DATA	C:\projects\meridian\xCore\Auxiliary\Parsing\TextIn.cpp	PUSH 0x74a928
0x23dee3	0x34a960	DATA	text_in::ReportError	PUSH 0x74a960
0x23df1b	0x34a978	DATA	text_in::CloseFile	PUSH 0x74a978
0x23df7c	0x34a98c	DATA	text_in::OpenFile	PUSH 0x74a98c
0x23e03c	0x34a9c0	DATA	text_in::OpenFile	PUSH 0x74a9c0
0x23e10c	0x34a9f4	DATA	text_in::Rewind	PUSH 0x74a9f4
0x23e159	0x34aa04	DATA	C:\projects\meridian\xCore\Auxiliary\Parsing\TextIn.cpp	PUSH 0x74aa04
0x23e182	0x34aa3c	DATA	C:\projects\meridian\xCore\Auxiliary\Parsing\TextIn.cpp	PUSH 0x74aa3c
0x23e1de	0x34aa74	DATA	text_in::ReadAllFields	PUSH 0x74aa74
0x23e2ce	0x34aae4	DATA	C:\projects\meridian\xCore\Auxiliary\Parsing\TextIn.cpp	PUSH 0x74aae4
0x23e52d	0x34ac2c	DATA	text_in::ReadHeader	PUSH 0x74ac2c
0x23e6be	0x34ad18	DATA	text_in::ReadFields	PUSH 0x74ad18
0x23e98c	0x34ade0	DATA	text_in::Stricmp	PUSH 0x74ade0
0x23ea2c	0x34adf4	DATA	text_in::GetField	PUSH 0x74adf4
0x23ec47	0x34af04	DATA	C:\projects\meridian\xCore\Auxiliary\Parsing\TextIn.cpp	PUSH 0x74af04
0x23ee7e	0x34af3c	DATA	text_in::GetFieldAsString	PUSH 0x74af3c
0x23f075	0x34b054	DATA	C:\projects\meridian\xCore\Auxiliary\Parsing\TextIn.cpp	PUSH 0x74b054
0x23f34b	0x34b098	DATA	text_in::SkipToNextHeader	PUSH 0x74b098
0x23f9dc	0x34b108	DATA	text_in::GetFieldTypeStr	PUSH 0x74b108
0x23fb16	0x34b124	DATA	bin_in::bin_in	PUSH 0x74b124
0x23fb6b	0x34b134	DATA	bin_in::~bin_in	PUSH 0x74b134
0x23fbcc	0x34b144	DATA	bin_in::CloseFile	PUSH 0x74b144
0x23fbf1	0x34b158	DATA	C:\projects\meridian\xCore\Auxiliary\Parsing\BinIn.cpp	PUSH 0x74b158
0x23fc04	0x34b190	DATA	C:\projects\meridian\xCore\Auxiliary\Parsing\BinIn.cpp	PUSH 0x74b190
0x23fc16	0x34b1c8	DATA	C:\projects\meridian\xCore\Auxiliary\Parsing\BinIn.cpp	PUSH 0x74b1c8
0x23fc6c	0x34b200	DATA	bin_in::OpenFile	PUSH 0x74b200
0x23fcbd	0x34b218	DATA	C:\projects\meridian\xCore\Auxiliary\Parsing\BinIn.cpp	PUSH 0x74b218
0x23fd51	0x34b250	DATA	C:\projects\meridian\xCore\Auxiliary\Parsing\BinIn.cpp	PUSH 0x74b250
0x23fe06	0x34b288	DATA	bin_in::FileSeek	PUSH 0x74b288
0x23fe4c	0x34b29c	DATA	bin_in::FileRead	PUSH 0x74b29c
0x23ff3b	0x34b2b0	DATA	bin_in::ReadHeader	PUSH 0x74b2b0
0x23ffdd	0x34b2c4	DATA	bin_in::ReadFields	PUSH 0x74b2c4
0x24001a	0x34b2d8	DATA	C:\projects\meridian\xCore\Auxiliary\Parsing\BinIn.cpp	PUSH 0x74b2d8
0x240056	0x34b310	DATA	C:\projects\meridian\xCore\Auxiliary\Parsing\BinIn.cpp	PUSH 0x74b310
0x24010e	0x34b348	DATA	bin_in::FindField	PUSH 0x74b348
0x2401fb	0x34b35c	DATA	bin_in::GetField	PUSH 0x74b35c
0x240373	0x34b370	DATA	bin_in::SkipToNextHeader	PUSH 0x74b370
0x24242c	0x34b3e8	DATA	C:\projects\meridian\xCore\Auxiliary\Parsing\TextOut.cpp	PUSH 0x74b3e8
0x242446	0x34b424	DATA	C:\projects\meridian\xCore\Auxiliary\Parsing\TextOut.cpp	PUSH 0x74b424
0x2424e8	0x34b464	DATA	C:\projects\meridian\xCore\Auxiliary\Parsing\TextOut.cpp	PUSH 0x74b464
0x242531	0x34b4a0	DATA	C:\projects\meridian\xCore\Auxiliary\Parsing\TextOut.cpp	PUSH 0x74b4a0
0x242cc3	0x34b530	DATA	C:\projects\meridian\xCore\Auxiliary\Parsing\TextOut.cpp	PUSH 0x74b530
0x242cf3	0x34b56c	DATA	C:\projects\meridian\xCore\Auxiliary\Parsing\TextOut.cpp	PUSH 0x74b56c
0x2430f0	0x34b5ec	DATA	C:\projects\meridian\xCore\Auxiliary\Parsing\TextOut.cpp	PUSH 0x74b5ec
0x243106	0x34b628	DATA	C:\projects\meridian\xCore\Auxiliary\Parsing\TextOut.cpp	PUSH 0x74b628
0x2437e8	0x34b6bc	DATA	C:\projects\meridian\xCore\Auxiliary\Parsing\tokenizer.cpp	PUSH 0x74b6bc
0x2438b6	0x34b6f8	DATA	C:\projects\meridian\xCore\Auxiliary\Parsing\tokenizer.cpp	PUSH 0x74b6f8
0x2438df	0x34b734	DATA	C:\projects\meridian\xCore\Auxiliary\Parsing\tokenizer.cpp	PUSH 0x74b734
0x243a0b	0x34b798	DATA	C:\projects\meridian\xCore\Auxiliary\Parsing\tokenizer.cpp	PUSH 0x74b798
0x243a21	0x34b7d4	DATA	C:\projects\meridian\xCore\Auxiliary\Parsing\tokenizer.cpp	PUSH 0x74b7d4
0x243acc	0x34b810	DATA	C:\projects\meridian\xCore\Auxiliary\Parsing\tokenizer.cpp	PUSH 0x74b810
0x243b1a	0x34b84c	DATA	C:\projects\meridian\xCore\Auxiliary\Parsing\tokenizer.cpp	PUSH 0x74b84c
0x244f36	0x34b8bc	DATA	C:\projects\meridian\Support\ScriptVM\vm_core.cpp	PUSH 0x74b8bc
0x244fbd	0x34b8bc	DATA	C:\projects\meridian\Support\ScriptVM\vm_core.cpp	PUSH 0x74b8bc
0x244fd8	0x34b8bc	DATA	C:\projects\meridian\Support\ScriptVM\vm_core.cpp	PUSH 0x74b8bc
0x247d43	0x34c590	DATA	C:\projects\meridian\xCore\x_files\Implementation\x_plus.cpp	PUSH 0x74c590
0x24964c	0x34c900	DATA	C:\projects\meridian\xCore\x_files\Implementation\x_context.cpp	PUSH 0x74c900
0x249984	0x34c9b0	DATA	C:\projects\meridian\xCore\x_files\Implementation\x_string.cpp	PUSH 0x74c9b0
0x2499ae	0x34c9f0	DATA	C:\projects\meridian\xCore\x_files\Implementation\x_string.cpp	PUSH 0x74c9f0
0x249a26	0x34ca30	DATA	C:\projects\meridian\xCore\x_files\Implementation\x_string.cpp	PUSH 0x74ca30
0x249bb2	0x34ca70	DATA	C:\projects\meridian\xCore\x_files\Implementation\x_string.cpp	PUSH 0x74ca70
0x249c00	0x34cab0	DATA	C:\projects\meridian\xCore\x_files\Implementation\x_string.cpp	PUSH 0x74cab0
0x24af55	0x34cb20	DATA	C:\projects\meridian\xCore\x_files\Implementation\x_string.cpp	PUSH 0x74cb20
0x24af82	0x34cb60	DATA	C:\projects\meridian\xCore\x_files\Implementation\x_string.cpp	PUSH 0x74cb60
0x24afe5	0x34cba0	DATA	C:\projects\meridian\xCore\x_files\Implementation\x_string.cpp	PUSH 0x74cba0
0x24b1a2	0x34cbe0	DATA	C:\projects\meridian\xCore\x_files\Implementation\x_string.cpp	PUSH 0x74cbe0
0x24b1f1	0x34cc20	DATA	C:\projects\meridian\xCore\x_files\Implementation\x_string.cpp	PUSH 0x74cc20
0x25029e	0x34d01c	DATA	C:\projects\meridian\xCore\x_files\Implementation\x_bitmap.cpp	PUSH 0x74d01c
0x2502c9	0x34d05c	DATA	C:\projects\meridian\xCore\x_files\Implementation\x_bitmap.cpp	PUSH 0x74d05c
0x250390	0x34d09c	DATA	C:\projects\meridian\xCore\x_files\Implementation\x_bitmap.cpp	PUSH 0x74d09c
0x2503ac	0x34d0dc	DATA	C:\projects\meridian\xCore\x_files\Implementation\x_bitmap.cpp	PUSH 0x74d0dc
0x251aee	0x34d11c	DATA	C:\projects\meridian\xCore\x_files\Implementation\x_bitmap.cpp	PUSH 0x74d11c
0x251b7e	0x34d15c	DATA	C:\projects\meridian\xCore\x_files\Implementation\x_bitmap.cpp	PUSH 0x74d15c
0x251c80	0x34d19c	DATA	C:\projects\meridian\xCore\x_files\Implementation\x_bitmap.cpp	PUSH 0x74d19c
0x251dd5	0x34d1dc	DATA	C:\projects\meridian\xCore\x_files\Implementation\x_bitmap.cpp	PUSH 0x74d1dc
0x251e28	0x34d220	DATA	C:\projects\meridian\xCore\x_files\Implementation\x_bytestream.cpp	PUSH 0x74d220
0x251e53	0x34d268	DATA	C:\projects\meridian\xCore\x_files\Implementation\x_bytestream.cpp	PUSH 0x74d268
0x251eeb	0x34d2f8	DATA	C:\projects\meridian\xCore\x_files\Implementation\x_bytestream.cpp	PUSH 0x74d2f8
0x251f2e	0x34d340	DATA	C:\projects\meridian\xCore\x_files\Implementation\x_bytestream.cpp	PUSH 0x74d340
0x251f7e	0x34d388	DATA	C:\projects\meridian\xCore\x_files\Implementation\x_bytestream.cpp	PUSH 0x74d388
0x2527ea	0x34d3e0	DATA	C:\projects\meridian\xCore\x_files\Implementation\x_bitmap_io.cpp	PUSH 0x74d3e0
0x252827	0x34d428	DATA	C:\projects\meridian\xCore\x_files\Implementation\x_bitmap_io.cpp	PUSH 0x74d428
0x253160	0x34d648	DATA	C:\projects\meridian\xCore\x_files\Implementation\x_bitmap_io.cpp	PUSH 0x74d648
0x253209	0x34d690	DATA	C:\projects\meridian\xCore\x_files\Implementation\x_bitmap_io.cpp	PUSH 0x74d690
0x253795	0x34d6f0	DATA	C:\projects\meridian\xCore\x_files\Implementation\x_threads.cpp	PUSH 0x74d6f0
0x253963	0x34d790	DATA	C:\projects\meridian\xCore\x_files\Implementation\x_threads.cpp	PUSH 0x74d790
0x253979	0x34d7d0	DATA	C:\projects\meridian\xCore\x_files\Implementation\x_threads.cpp	PUSH 0x74d7d0
0x253aa1	0x34d810	DATA	C:\projects\meridian\xCore\x_files\Implementation\x_threads.cpp	PUSH 0x74d810
0x253ab8	0x34d850	DATA	C:\projects\meridian\xCore\x_files\Implementation\x_threads.cpp	PUSH 0x74d850
0x253e95	0x34d890	DATA	C:\projects\meridian\xCore\x_files\Implementation\x_bitmap_convert.cpp	PUSH 0x74d890
0x253f3b	0x34d8d8	DATA	C:\projects\meridian\xCore\x_files\Implementation\x_bitmap_convert.cpp	PUSH 0x74d8d8
0x253fb6	0x34d920	DATA	C:\projects\meridian\xCore\x_files\Implementation\x_bitmap_convert.cpp	PUSH 0x74d920
0x253ff1	0x34d968	DATA	C:\projects\meridian\xCore\x_files\Implementation\x_bitmap_convert.cpp	PUSH 0x74d968
0x254074	0x34d9b0	DATA	C:\projects\meridian\xCore\x_files\Implementation\x_bitmap_convert.cpp	PUSH 0x74d9b0
0x2540d0	0x34d9f8	DATA	C:\projects\meridian\xCore\x_files\Implementation\x_bitmap_convert.cpp	PUSH 0x74d9f8
0x2540e3	0x34da40	DATA	C:\projects\meridian\xCore\x_files\Implementation\x_bitmap_convert.cpp	PUSH 0x74da40
0x254112	0x34da88	DATA	C:\projects\meridian\xCore\x_files\Implementation\x_bitmap_convert.cpp	PUSH 0x74da88
0x25413e	0x34dad0	DATA	C:\projects\meridian\xCore\x_files\Implementation\x_bitmap_convert.cpp	PUSH 0x74dad0
0x25415f	0x34db18	DATA	C:\projects\meridian\xCore\x_files\Implementation\x_bitmap_convert.cpp	PUSH 0x74db18
0x25417f	0x34db60	DATA	C:\projects\meridian\xCore\x_files\Implementation\x_bitmap_convert.cpp	PUSH 0x74db60
0x2541fb	0x34dba8	DATA	C:\projects\meridian\xCore\x_files\Implementation\x_bitmap_convert.cpp	PUSH 0x74dba8
0x254708	0x34dbf0	DATA	C:\projects\meridian\xCore\x_files\Implementation\x_bitmap_convert.cpp	PUSH 0x74dbf0
0x254a7b	0x34dc38	DATA	C:\projects\meridian\xCore\x_files\Implementation\x_bitmap_convert.cpp	PUSH 0x74dc38
0x254aa5	0x34dc80	DATA	C:\projects\meridian\xCore\x_files\Implementation\x_bitmap_convert.cpp	PUSH 0x74dc80
0x254b1b	0x34dcc8	DATA	C:\projects\meridian\xCore\x_files\Implementation\x_bitmap_convert.cpp	PUSH 0x74dcc8
0x254d51	0x34dd10	DATA	C:\projects\meridian\xCore\x_files\Implementation\x_bitmap_convert.cpp	PUSH 0x74dd10
0x254d85	0x34dd58	DATA	C:\projects\meridian\xCore\x_files\Implementation\x_bitmap_convert.cpp	PUSH 0x74dd58
0x254ddf	0x34dda0	DATA	C:\projects\meridian\xCore\x_files\Implementation\x_bitmap_convert.cpp	PUSH 0x74dda0
0x254dfa	0x34dde8	DATA	C:\projects\meridian\xCore\x_files\Implementation\x_bitmap_convert.cpp	PUSH 0x74dde8
0x254e4d	0x34de30	DATA	C:\projects\meridian\xCore\x_files\Implementation\x_bitmap_convert.cpp	PUSH 0x74de30
0x25503e	0x34de78	DATA	C:\projects\meridian\xCore\x_files\Implementation\x_bitmap_convert.cpp	PUSH 0x74de78
0x255547	0x34dec0	DATA	C:\projects\meridian\xCore\x_files\Implementation\x_mqueue.cpp	PUSH 0x74dec0
0x2555e1	0x34df00	DATA	C:\projects\meridian\xCore\x_files\Implementation\x_mqueue.cpp	PUSH 0x74df00
0x25659d	0x34df40	DATA	C:\projects\meridian\xCore\x_files\Implementation\x_bitmap_cmap.cpp	PUSH 0x74df40
0x2565b1	0x34df88	DATA	C:\projects\meridian\xCore\x_files\Implementation\x_bitmap_cmap.cpp	PUSH 0x74df88
0x2565da	0x34dfd0	DATA	C:\projects\meridian\xCore\x_files\Implementation\x_bitmap_cmap.cpp	PUSH 0x74dfd0
0x256703	0x34e018	DATA	C:\projects\meridian\xCore\x_files\Implementation\x_bitmap_cmap.cpp	PUSH 0x74e018
0x256745	0x34e060	DATA	C:\projects\meridian\xCore\x_files\Implementation\x_bitmap_quant.cpp	PUSH 0x74e060
0x256e46	0x34e0a8	DATA	C:\projects\meridian\xCore\x_files\Implementation\x_bitmap_quant.cpp	PUSH 0x74e0a8
0x25809c	0x34e15c	DATA	audio_mgr::LoadPackage()	PUSH 0x74e15c
0x2580aa	0x34e178	DATA	audio_mgr::LoadPackage()	PUSH 0x74e178
0x2581da	0x34e194	DATA	audio_mgr::UnloadPackage	PUSH 0x74e194
0x25834b	0x34e1b0	DATA	audio_mgr::Update	PUSH 0x74e1b0
0x25a6be	0x34e1f0	DATA	audio_mgr::MergeIdentifierTables	PUSH 0x74e1f0
0x26c203	0x350310	DATA	C:\projects\meridian\xCore\entropy\D3DEngine\d3deng_draw.cpp	PUSH 0x750310
0x26c37a	0x350350	DATA	C:\projects\meridian\xCore\entropy\D3DEngine\d3deng_draw.cpp	PUSH 0x750350
0x271247	0x3505d4	DATA	C:\projects\meridian\xCore\entropy\Common\e_ScratchMem.cpp	PUSH 0x7505d4
0x2712e1	0x350610	DATA	C:\projects\meridian\xCore\entropy\Common\e_ScratchMem.cpp	PUSH 0x750610
0x27136d	0x35064c	DATA	C:\projects\meridian\xCore\entropy\Common\e_ScratchMem.cpp	PUSH 0x75064c
0x27138d	0x350688	DATA	C:\projects\meridian\xCore\entropy\Common\e_ScratchMem.cpp	PUSH 0x750688
0x2747f6	0x3506c4	DATA	C:\projects\meridian\xCore\entropy\Common\e_Virtual.cpp	PUSH 0x7506c4
0x274816	0x3506fc	DATA	C:\projects\meridian\xCore\entropy\Common\e_Virtual.cpp	PUSH 0x7506fc
0x275933	0x350774	DATA	io_fs::MountFileSystem	PUSH 0x750774
0x275945	0x35078c	DATA	io_fs::MountFileSystem	PUSH 0x75078c
0x275fc1	0x3507b4	DATA	io_fs::UnmountFileSystem	PUSH 0x7507b4
0x2777de	0x352890	DATA	audio_stream_mgr::AcquireStream	PUSH 0x752890
0x2779ac	0x3528e8	DATA	audio_stream_mgr::WarmStream	PUSH 0x7528e8
0x277a9d	0x352938	DATA	audio_stream_mgr::ReadStream	PUSH 0x752938
0x2790e6	0x352a6c	DATA	audio_voice_mgr::UpdateReleaseTime	PUSH 0x752a6c
0x27915d	0x352a90	DATA	audio_voice_mgr::Update	PUSH 0x752a90
0x279197	0x352b18	DATA	audio_voice_mgr::UpdateCheckStreams	PUSH 0x752b18
0x2793f2	0x352af0	DATA	audio_voice_mgr::UpdateStateStarting	PUSH 0x752af0
0x2795ff	0x352aa8	DATA	audio_voice_mgr::FreeVoice	PUSH 0x752aa8
0x27999c	0x352ac4	DATA	audio_voice_mgr::InstantiateStreamSample	PUSH 0x752ac4
0x279af0	0x352b3c	DATA	audio_voice_mgr::UpdateStartPending	PUSH 0x752b3c
0x279c9d	0x352b60	DATA	audio_voice_mgr::UpdateCheckElements	PUSH 0x752b60
0x279d8e	0x352b88	DATA	audio_voice_mgr::UpdateStateResuming	PUSH 0x752b88
0x279d9e	0x352b60	DATA	audio_voice_mgr::UpdateCheckElements	PUSH 0x752b60
0x279ede	0x352c40	DATA	audio_voice_mgr::UpdateStateRunning	PUSH 0x752c40
0x279f0a	0x352c20	DATA	audio_voice_mgr::UpdateVoice3d	PUSH 0x752c20
0x27a0d2	0x352bf4	DATA	audio_voice_mgr::UpdateVoiceVolumeAndPan	PUSH 0x752bf4
0x27a188	0x352bd0	DATA	audio_voice_mgr::UpdateVoiceVolume	PUSH 0x752bd0
0x27a20d	0x352bb0	DATA	audio_voice_mgr::UpdateVoicePan	PUSH 0x752bb0
0x27a3da	0x352c64	DATA	audio_voice_mgr::UpdateVoicePitch	PUSH 0x752c64
0x27a49a	0x352c88	DATA	audio_voice_mgr::UpdateVoiceEffectSend	PUSH 0x752c88
0x27a55a	0x352cb0	DATA	audio_voice_mgr::UpdateStatePausing	PUSH 0x752cb0
0x27a61e	0x352af0	DATA	audio_voice_mgr::UpdateStateStarting	PUSH 0x752af0
0x27a62e	0x352b60	DATA	audio_voice_mgr::UpdateCheckElements	PUSH 0x752b60
0x27a815	0x352cd8	DATA	C:\projects\meridian\xCore\entropy\Audio\Hardware\audio_stream_pc.cpp	PUSH 0x752cd8
0x27a918	0x352d20	DATA	C:\projects\meridian\xCore\entropy\Audio\Hardware\audio_stream_pc.cpp	PUSH 0x752d20
0x27aaab	0x352d68	DATA	audio_channel_mgr::Acquire	PUSH 0x752d68
0x27af6c	0x352d84	DATA	audio_channel_mgr::Update	PUSH 0x752d84
0x27af90	0x352da0	DATA	audio_channel_mgr::UpdateLocked	PUSH 0x752da0
0x27c0cf	0x352e40	DATA	C:\projects\meridian\xCore\entropy\Audio\Hardware\audio_hardware_pc.cpp	PUSH 0x752e40
0x27c0e9	0x352e88	DATA	C:\projects\meridian\xCore\entropy\Audio\Hardware\audio_hardware_pc.cpp	PUSH 0x752e88
0x27c5a9	0x352ee8	DATA	audio_package::LoadHotSample	PUSH 0x752ee8
0x27c65e	0x352f08	DATA	audio_package::Init	PUSH 0x752f08
0x27c7a4	0x352f8c	DATA	C:\projects\meridian\xCore\entropy\Audio\audio_package.cpp	PUSH 0x752f8c
0x27c7c7	0x352fc8	DATA	C:\projects\meridian\xCore\entropy\Audio\audio_package.cpp	PUSH 0x752fc8
0x27c7f2	0x353004	DATA	C:\projects\meridian\xCore\entropy\Audio\audio_package.cpp	PUSH 0x753004
0x27c81d	0x353040	DATA	C:\projects\meridian\xCore\entropy\Audio\audio_package.cpp	PUSH 0x753040
0x27c847	0x35307c	DATA	C:\projects\meridian\xCore\entropy\Audio\audio_package.cpp	PUSH 0x75307c
0x27c860	0x3530b8	DATA	C:\projects\meridian\xCore\entropy\Audio\audio_package.cpp	PUSH 0x7530b8
0x27c882	0x3530f4	DATA	C:\projects\meridian\xCore\entropy\Audio\audio_package.cpp	PUSH 0x7530f4
0x27c8b4	0x353130	DATA	C:\projects\meridian\xCore\entropy\Audio\audio_package.cpp	PUSH 0x753130
0x27c8ea	0x35316c	DATA	C:\projects\meridian\xCore\entropy\Audio\audio_package.cpp	PUSH 0x75316c
0x27c922	0x3531a8	DATA	C:\projects\meridian\xCore\entropy\Audio\audio_package.cpp	PUSH 0x7531a8
0x27cc63	0x353210	DATA	C:\projects\meridian\xCore\entropy\Audio\audio_package.cpp	PUSH 0x753210
0x27cc79	0x35324c	DATA	C:\projects\meridian\xCore\entropy\Audio\audio_package.cpp	PUSH 0x75324c
0x27cc8f	0x353288	DATA	C:\projects\meridian\xCore\entropy\Audio\audio_package.cpp	PUSH 0x753288
0x27cca5	0x3532c4	DATA	C:\projects\meridian\xCore\entropy\Audio\audio_package.cpp	PUSH 0x7532c4
0x27ccc2	0x353300	DATA	C:\projects\meridian\xCore\entropy\Audio\audio_package.cpp	PUSH 0x753300
0x27ccdf	0x35333c	DATA	C:\projects\meridian\xCore\entropy\Audio\audio_package.cpp	PUSH 0x75333c
0x27ccfc	0x353378	DATA	C:\projects\meridian\xCore\entropy\Audio\audio_package.cpp	PUSH 0x753378
0x27cd20	0x3533b4	DATA	C:\projects\meridian\xCore\entropy\Audio\audio_package.cpp	PUSH 0x7533b4
0x27cd43	0x3533f0	DATA	C:\projects\meridian\xCore\entropy\Audio\audio_package.cpp	PUSH 0x7533f0
0x27cd60	0x35342c	DATA	C:\projects\meridian\xCore\entropy\Audio\audio_package.cpp	PUSH 0x75342c
0x27d0a7	0x353468	DATA	C:\projects\meridian\xCore\entropy\Common\e_Text.cpp	PUSH 0x753468
0x27d20a	0x3534b8	DATA	C:\projects\meridian\xCore\entropy\Common\e_Text.cpp	PUSH 0x7534b8
0x27d252	0x3534f0	DATA	C:\projects\meridian\xCore\entropy\Common\e_Text.cpp	PUSH 0x7534f0
0x28060b	0x3539f8	DATA	C:\projects\meridian\xCore\entropy\IOManager\io_cache.cpp	PUSH 0x7539f8
0x280648	0x353a34	DATA	C:\projects\meridian\xCore\entropy\IOManager\io_cache.cpp	PUSH 0x753a34
0x280ae1	0x353ad4	DATA	C:\projects\meridian\xCore\entropy\IOManager\io_device.cpp	PUSH 0x753ad4
0x280c1f	0x353b1c	DATA	C:\projects\meridian\xCore\entropy\IOManager\io_device.cpp	PUSH 0x753b1c
0x280f79	0x353b90	DATA	C:\projects\meridian\xCore\entropy\Common\e_SimpleAllocator.cpp	PUSH 0x753b90
0x281090	0x353bd0	DATA	C:\projects\meridian\xCore\entropy\Common\e_SimpleAllocator.cpp	PUSH 0x753bd0
0x29e90b	0x35593c	DATA	C:\projects\meridian\Support\UI\ui_manager.cpp	PUSH 0x75593c
0x29efbb	0x355b14	DATA	ui_manager::RenderBackground	PUSH 0x755b14
0x29f58e	0x355b34	DATA	ui_manager::RenderElement	PUSH 0x755b34
0x29fad9	0x355b50	DATA	ui_manager::RenderText	PUSH 0x755b50
0x29fb59	0x355b50	DATA	ui_manager::RenderText	PUSH 0x755b50
0x29fbde	0x355b68	DATA	ui_manager::RenderText_Wrap	PUSH 0x755b68
0x29fce6	0x355b84	DATA	ui_manager::RenderRect	PUSH 0x755b84
0x29fd66	0x355b9c	DATA	ui_manager::RenderGouraudRect	PUSH 0x755b9c
0x2a106c	0x355bbc	DATA	ui_manager::Update	PUSH 0x755bbc
0x2a113c	0x355c00	DATA	ui_manager::Render	PUSH 0x755c00
0x2a144e	0x355c14	DATA	ui_manager::OpenDialog	PUSH 0x755c14
0x2a289c	0x355c64	DATA	ui_dialog::Render	PUSH 0x755c64
0x2a30fa	0x355c78	DATA	ui_win::Render	PUSH 0x755c78
0x2a37ee	0x355cbc	DATA	ui_frame::Render	PUSH 0x755cbc
0x2a3a4e	0x355cd0	DATA	ui_frame::RenderNewFrame	PUSH 0x755cd0
0x2a4161	0x355d08	DATA	ui_listbox::Render	PUSH 0x755d08
0x2a47aa	0x355d1c	DATA	ui_listbox::RenderItem	PUSH 0x755d1c
0x2a55ce	0x355d4c	DATA	ui_check::Render	PUSH 0x755d4c
0x2a5add	0x355d78	DATA	ui_slider::Render	PUSH 0x755d78
0x2a637e	0x355e08	DATA	ui_dlg_list::Render	PUSH 0x755e08
0x2a6860	0x355e38	DATA	ui_textbox::Render	PUSH 0x755e38
0x2a72be	0x355e64	DATA	ui_text::Render	PUSH 0x755e64
0x2a766e	0x355e8c	DATA	ui_radio::Render	PUSH 0x755e8c
0x2a79de	0x355eb8	DATA	ui_button::Render	PUSH 0x755eb8
0x2a7de1	0x355ee4	DATA	ui_font::TextSize	PUSH 0x755ee4
0x2a7fc1	0x355efc	DATA	ui_font::ClipEllipsis	PUSH 0x755efc
0x2a8421	0x355f18	DATA	ui_font::TextWrap	PUSH 0x755f18
0x2a87b1	0x355f2c	DATA	ui_font::RenderText	PUSH 0x755f2c
0x2a8b11	0x355f2c	DATA	ui_font::RenderText	PUSH 0x755f2c
0x2aa73e	0x355f80	DATA	ui_control::Render	PUSH 0x755f80
0x2aa92b	0x3560c8	DATA	string_table::Load	PUSH 0x7560c8
0x2aae4d	0x3560e4	DATA	string_mgr::LoadTable	PUSH 0x7560e4
0x2aae5d	0x3560fc	DATA	string_mgr::LoadTable	PUSH 0x7560fc
0x2ab7f6	0x356168	DATA	C:\projects\meridian\Support\MoviePlayer\MoviePlayer_Bink.cpp	PUSH 0x756168
0x2ab816	0x356168	DATA	C:\projects\meridian\Support\MoviePlayer\MoviePlayer_Bink.cpp	PUSH 0x756168
0x2abe8b	0x3561d4	DATA	C:\projects\meridian\xCore\Auxiliary\MeshUtil\RawAnim.cpp	PUSH 0x7561d4
0x2ac340	0x356290	DATA	C:\projects\meridian\xCore\Auxiliary\MeshUtil\RawAnim.cpp	PUSH 0x756290
0x2accae	0x356480	DATA	C:\projects\meridian\xCore\Auxiliary\MeshUtil\RawAnim.cpp	PUSH 0x756480
0x2ae51c	0x356614	DATA	C:\projects\meridian\xCore\Auxiliary\MeshUtil\RawAnim.cpp	PUSH 0x756614
0x2aea71	0x356650	DATA	C:\projects\meridian\xCore\Auxiliary\MeshUtil\RawAnim.cpp	PUSH 0x756650
0x2aea8f	0x35668c	DATA	C:\projects\meridian\xCore\Auxiliary\MeshUtil\RawAnim.cpp	PUSH 0x75668c
0x2af4e9	0x356718	DATA	C:\projects\meridian\xCore\Auxiliary\MeshUtil\RawMesh.cpp	PUSH 0x756718
0x2b111b	0x356d4c	DATA	C:\projects\meridian\xCore\Auxiliary\MeshUtil\RawMesh.cpp	PUSH 0x756d4c
0x2b6946	0x357b44	DATA	fx_mgr::EndOfFrame	PUSH 0x757b44
0x2b69bf	0x357b58	DATA	fx_mgr::LoadEffect(char*,char*)	PUSH 0x757b58
0x2b6aae	0x357bb4	DATA	fx_mgr::LoadEffect(char*,X_FILE*)	PUSH 0x757bb4
0x2b6cc0	0x357b78	DATA	C:\projects\meridian\xCore\Auxiliary\fx_RunTime\fx_Mgr.cpp	PUSH 0x757b78
0x2b6ed1	0x357b78	DATA	C:\projects\meridian\xCore\Auxiliary\fx_RunTime\fx_Mgr.cpp	PUSH 0x757b78
0x2b7065	0x357b78	DATA	C:\projects\meridian\xCore\Auxiliary\fx_RunTime\fx_Mgr.cpp	PUSH 0x757b78
0x2b70be	0x357bd8	DATA	fx_mgr::InitEffect	PUSH 0x757bd8
0x2b71ef	0x357b78	DATA	C:\projects\meridian\xCore\Auxiliary\fx_RunTime\fx_Mgr.cpp	PUSH 0x757b78
0x2b72a4	0x357b78	DATA	C:\projects\meridian\xCore\Auxiliary\fx_RunTime\fx_Mgr.cpp	PUSH 0x757b78
0x2b72dc	0x357bec	DATA	fx_mgr::AdvanceLogic	PUSH 0x757bec
0x2b735c	0x357c04	DATA	fx_mgr::Render	PUSH 0x757c04
0x2b7a1e	0x357c20	DATA	fx_spemitter::EmissionLogic	PUSH 0x757c20
0x2b7f5d	0x357c3c	DATA	fx_spemitter::ParticleLogic	PUSH 0x757c3c
0x2b85f1	0x357c58	DATA	fx_spemitter::Render	PUSH 0x757c58
0x2b9d1c	0x357c7c	DATA	fx_sprite::AdvanceLogic	PUSH 0x757c7c
0x2b9e4e	0x357c94	DATA	fx_sprite::Render	PUSH 0x757c94
0x2bbdcf	0x357cbc	DATA	fx_shockwave::AdvanceLogic	PUSH 0x757cbc
0x2bc181	0x357cd8	DATA	fx_shockwave::Render	PUSH 0x757cd8
0x2bd40e	0x357cfc	DATA	fx_cylinder::AdvanceLogic	PUSH 0x757cfc
0x2bd6bc	0x357d18	DATA	fx_cylinder::Render	PUSH 0x757d18
0x2be3f0	0x357d38	DATA	fx_sphere::AdvanceLogic	PUSH 0x757d38
0x2be7e1	0x357d50	DATA	fx_sphere::Render	PUSH 0x757d50
0x2befef	0x357d6c	DATA	fx_plane::AdvanceLogic	PUSH 0x757d6c
0x2bf271	0x357d84	DATA	fx_plane::Render	PUSH 0x757d84
0x2ce05b	0x35b278	DATA	head_track_controller2::Advance	PUSH 0x75b278
0x2ce1ce	0x35b298	DATA	head_track_controller2::MixKeys	PUSH 0x75b298
