# PC structural evidence; all addresses are PC RVAs.
# Input SHA256: 631a05531e382556cab3544d228b72171eff089b81696269b4d89963bced5fa2
# PE import table; Gruntz 7d4bd55b99e32f084834d991badf7609889481f4 format.
vtable_rva	index	slot_rva	target_rva
0x2e92c0	0	0x2e92c0	0x19cc0
0x2e92c0	1	0x2e92c4	0x1a040
0x2e92c0	2	0x2e92c8	0x10c0
0x2e92c0	3	0x2e92cc	0x1310
0x2e92c0	4	0x2e92d0	0x29100
0x2e92c0	5	0x2e92d4	0x1490
0x2e92c0	6	0x2e92d8	0x1b40
0x2e92c0	7	0x2e92dc	0x1ed0
0x2e92c0	8	0x2e92e0	0x1ee0
0x2e93b0	0	0x2e93b0	0xb550
0x2e93b0	1	0x2e93b4	0x167cb0
0x2e93b0	2	0x2e93b8	0x167fc0
0x2e93b0	3	0x2e93bc	0x168110
0x2e93b0	4	0x2e93c0	0x167c00
0x2e93b0	5	0x2e93c4	0x167c20
0x2e93b0	6	0x2e93c8	0x167bb0
0x2e93b0	7	0x2e93cc	0x1685e0
0x2e93b0	8	0x2e93d0	0x167bc0
0x2e93d4	0	0x2e93d4	0xb5b0
0x2e93d4	1	0x2e93d8	0x168900
0x2e93d4	2	0x2e93dc	0x168ca0
0x2e93d4	3	0x2e93e0	0x169020
0x2e93d4	4	0x2e93e4	0x168650
0x2e93d4	5	0x2e93e8	0x168690
0x2e93d4	6	0x2e93ec	0x1685a0
0x2e93d4	7	0x2e93f0	0x1685e0
0x2e93d4	8	0x2e93f4	0x168600
0x2e93f8	0	0x2e93f8	0xb610
0x2e93f8	1	0x2e93fc	0x1697a0
0x2e93f8	2	0x2e9400	0x169b00
0x2e93f8	3	0x2e9404	0x169c40
0x2e93f8	4	0x2e9408	0x169690
0x2e93f8	5	0x2e940c	0x1696c0
0x2e93f8	6	0x2e9410	0x1695e0
0x2e93f8	7	0x2e9414	0x169610
0x2e93f8	8	0x2e9418	0x169630
0x2e941c	0	0x2e941c	0xb670
0x2e941c	1	0x2e9420	0x16a4a0
0x2e941c	2	0x2e9424	0x16a730
0x2e941c	3	0x2e9428	0x16a7f0
0x2e941c	4	0x2e942c	0x16a400
0x2e941c	5	0x2e9430	0x16a410
0x2e941c	6	0x2e9434	0x16a080
0x2e941c	7	0x2e9438	0x12a620
0x2e941c	8	0x2e943c	0x1a4040
0x2e95e0	0	0x2e95e0	0x19cc0
0x2e95e0	1	0x2e95e4	0x1a040
0x2e95e0	2	0x2e95e8	0x6df0
0x2e95e0	3	0x2e95ec	0x6eb0
0x2e95e0	4	0x2e95f0	0x6ea0
0x2e95e0	5	0x2e95f4	0x29100
0x2e95e0	6	0x2e95f8	0x19ed70
0x2e95e0	7	0x2e95fc	0x1a060
0x2e95e0	8	0x2e9600	0x1a080
0x2e9604	0	0x2e9604	0x19cc0
0x2e9604	1	0x2e9608	0x1a040
0x2e9604	2	0x2e960c	0x134e0
0x2e9604	3	0x2e9610	0x13c50
0x2e9604	4	0x2e9614	0x29100
0x2e9604	5	0x2e9618	0x29100
0x2e9604	6	0x2e961c	0x13e30
0x2e9604	7	0x2e9620	0x13e60
0x2e9604	8	0x2e9624	0x13e90
0x2e9628	0	0x2e9628	0x19d60
0x2e9628	1	0x2e962c	0x1a040
0x2e9628	2	0x2e9630	0xb7e0
0x2e9628	3	0x2e9634	0xc000
0x2e9628	4	0x2e9638	0xdff0
0x2e9628	5	0x2e963c	0xe010
0x2e9628	6	0x2e9640	0xc130
0x2e9628	7	0x2e9644	0xc680
0x2e9628	8	0x2e9648	0xc8b0
0x2e964c	0	0x2e964c	0x19cc0
0x2e964c	1	0x2e9650	0x1a040
0x2e964c	2	0x2e9654	0xa230
0x2e964c	3	0x2e9658	0xa3d0
0x2e964c	4	0x2e965c	0x29100
0x2e964c	5	0x2e9660	0x29100
0x2e964c	6	0x2e9664	0xa510
0x2e964c	7	0x2e9668	0xa760
0x2e964c	8	0x2e966c	0xa700
0x2e9670	0	0x2e9670	0x19d40
0x2e9670	1	0x2e9674	0x1a040
0x2e9670	2	0x2e9678	0x14160
0x2e9670	3	0x2e967c	0x14780
0x2e9670	4	0x2e9680	0x16e00
0x2e9670	5	0x2e9684	0x29100
0x2e9670	6	0x2e9688	0x14960
0x2e9670	7	0x2e968c	0x174d0
0x2e9670	8	0x2e9690	0x17600
0x2e9694	0	0x2e9694	0x19cc0
0x2e9694	1	0x2e9698	0x1a040
0x2e9694	2	0x2e969c	0x10770
0x2e9694	3	0x2e96a0	0x10ae0
0x2e9694	4	0x2e96a4	0x29100
0x2e9694	5	0x2e96a8	0x29100
0x2e9694	6	0x2e96ac	0x19ed70
0x2e9694	7	0x2e96b0	0x1a060
0x2e9694	8	0x2e96b4	0x1a080
0x2e96b8	0	0x2e96b8	0x19cc0
0x2e96b8	1	0x2e96bc	0x1a040
0x2e96b8	2	0x2e96c0	0x18f10
0x2e96b8	3	0x2e96c4	0x29100
0x2e96b8	4	0x2e96c8	0x29100
0x2e96b8	5	0x2e96cc	0x29100
0x2e96b8	6	0x2e96d0	0x19ed70
0x2e96b8	7	0x2e96d4	0x1a060
0x2e96b8	8	0x2e96d8	0x1a080
0x2e96dc	0	0x2e96dc	0x19cc0
0x2e96dc	1	0x2e96e0	0x1a040
0x2e96dc	2	0x2e96e4	0x89c0
0x2e96dc	3	0x2e96e8	0x8ba0
0x2e96dc	4	0x2e96ec	0x29100
0x2e96dc	5	0x2e96f0	0x29100
0x2e96dc	6	0x2e96f4	0x8d10
0x2e96dc	7	0x2e96f8	0x1a060
0x2e96dc	8	0x2e96fc	0x1a080
0x2e9700	0	0x2e9700	0x19d20
0x2e9700	1	0x2e9704	0x1a040
0x2e9700	2	0x2e9708	0x9250
0x2e9700	3	0x2e970c	0x9a10
0x2e9700	4	0x2e9710	0x29100
0x2e9700	5	0x2e9714	0x29100
0x2e9700	6	0x2e9718	0x9bc0
0x2e9700	7	0x2e971c	0xa1a0
0x2e9700	8	0x2e9720	0xa1d0
0x2e9724	0	0x2e9724	0x19d00
0x2e9724	1	0x2e9728	0x1a040
0x2e9724	2	0x2e972c	0x8000
0x2e9724	3	0x2e9730	0x87b0
0x2e9724	4	0x2e9734	0x29100
0x2e9724	5	0x2e9738	0x29100
0x2e9724	6	0x2e973c	0x8250
0x2e9724	7	0x2e9740	0x1ed0
0x2e9724	8	0x2e9744	0x8980
0x2e9748	0	0x2e9748	0x19ce0
0x2e9748	1	0x2e974c	0x1a040
0x2e9748	2	0x2e9750	0x6fb0
0x2e9748	3	0x2e9754	0x73b0
0x2e9748	4	0x2e9758	0x29100
0x2e9748	5	0x2e975c	0x29100
0x2e9748	6	0x2e9760	0x7540
0x2e9748	7	0x2e9764	0x7e20
0x2e9748	8	0x2e9768	0x7e50
0x2e976c	0	0x2e976c	0x19cc0
0x2e976c	1	0x2e9770	0x1a040
0x2e976c	2	0x2e9774	0x10c80
0x2e976c	3	0x2e9778	0x11230
0x2e976c	4	0x2e977c	0x29100
0x2e976c	5	0x2e9780	0x29100
0x2e976c	6	0x2e9784	0x11360
0x2e976c	7	0x2e9788	0x11d10
0x2e976c	8	0x2e978c	0x11d60
0x2e9790	0	0x2e9790	0x19cc0
0x2e9790	1	0x2e9794	0x1a040
0x2e9790	2	0x2e9798	0x19060
0x2e9790	3	0x2e979c	0x193e0
0x2e9790	4	0x2e97a0	0x195b0
0x2e9790	5	0x2e97a4	0x29100
0x2e9790	6	0x2e97a8	0x19ed70
0x2e9790	7	0x2e97ac	0x1a060
0x2e9790	8	0x2e97b0	0x1a080
0x2e97b4	0	0x2e97b4	0x1a010
0x2e97b4	1	0x2e97b8	0x1a040
0x2e97b4	2	0x2e97bc	0x29100
0x2e97b4	3	0x2e97c0	0x29100
0x2e97b4	4	0x2e97c4	0x29100
0x2e97b4	5	0x2e97c8	0x29100
0x2e97b4	6	0x2e97cc	0x19ed70
0x2e97b4	7	0x2e97d0	0x1a060
0x2e97b4	8	0x2e97d4	0x1a080
0x2e9818	0	0x2e9818	0x1c660
0x2e9818	1	0x2e981c	0x1df00
0x2e9818	2	0x2e9820	0x1df20
0x2e9818	3	0x2e9824	0x1df30
0x2e9818	4	0x2e9828	0x1e360
0x2e9818	5	0x2e982c	0x1e0b0
0x2e9818	6	0x2e9830	0x254d0
0x2e9818	7	0x2e9834	0x1e1d0
0x2e9818	8	0x2e9838	0x25890
0x2e9818	9	0x2e983c	0x25950
0x2e9818	10	0x2e9840	0x25520
0x2e9818	11	0x2e9844	0x25530
0x2e9818	12	0x2e9848	0x25970
0x2e9818	13	0x2e984c	0x25540
0x2e9818	14	0x2e9850	0x25800
0x2e9818	15	0x2e9854	0x12a620
0x2e9818	16	0x2e9858	0x254a0
0x2e9818	17	0x2e985c	0x254b0
0x2e9818	18	0x2e9860	0xaa910
0x2e9818	19	0x2e9864	0xaa9a0
0x2e9818	20	0x2e9868	0xaa9b0
0x2e9818	21	0x2e986c	0x19ed70
0x2e9818	22	0x2e9870	0x19ed70
0x2e9818	23	0x2e9874	0x1a0e0
0x2e9818	24	0x2e9878	0x1aa30
0x2e9818	25	0x2e987c	0x1a860
0x2e9818	26	0x2e9880	0x29100
0x2e9818	27	0x2e9884	0x29100
0x2e9818	28	0x2e9888	0x1e230
0x2e9818	29	0x2e988c	0x29100
0x2e9818	30	0x2e9890	0x21120
0x2e9818	31	0x2e9894	0x1ba900
0x2e9818	32	0x2e9898	0x1ba850
0x2e9818	33	0x2e989c	0x25480
0x2e9818	34	0x2e98a0	0x25490
0x2e9818	35	0x2e98a4	0x25810
0x2e9818	36	0x2e98a8	0xac5a0
0x2e9818	37	0x2e98ac	0x25860
0x2e9818	38	0x2e98b0	0x25870
0x2e9818	39	0x2e98b4	0x698a0
0x2e9818	40	0x2e98b8	0x1ba850
0x2e9818	41	0x2e98bc	0x25890
0x2e9818	42	0x2e98c0	0x21020
0x2e9818	43	0x2e98c4	0x68330
0x2e9818	44	0x2e98c8	0x23ec0
0x2e9818	45	0x2e98cc	0x24080
0x2e9818	46	0x2e98d0	0x243b0
0x2e9818	47	0x2e98d4	0xac4c0
0x2e9818	48	0x2e98d8	0x19ed70
0x2e9818	49	0x2e98dc	0xac510
0x2e9818	50	0x2e98e0	0x24bd0
0x2e9818	51	0x2e98e4	0xacc20
0x2e9818	52	0x2e98e8	0x19ed70
0x2e9818	53	0x2e98ec	0x12a620
0x2e9818	54	0x2e98f0	0x12a620
0x2e9818	55	0x2e98f4	0x12a620
0x2e9818	56	0x2e98f8	0xaa900
0x2e9818	57	0x2e98fc	0xaa900
0x2e9818	58	0x2e9900	0x29100
0x2e9818	59	0x2e9904	0x29100
0x2e9818	60	0x2e9908	0x1e1b0
0x2e9818	61	0x2e990c	0x22980
0x2e9818	62	0x2e9910	0x229e0
0x2e9818	63	0x2e9914	0x22900
0x2e9818	64	0x2e9918	0x22940
0x2e9818	65	0x2e991c	0x682b0
0x2e9818	66	0x2e9920	0x1e080
0x2e9818	67	0x2e9924	0x22fb0
0x2e9818	68	0x2e9928	0x206e0
0x2e9818	69	0x2e992c	0x22a70
0x2e9818	70	0x2e9930	0x67580
0x2e9818	71	0x2e9934	0x29100
0x2e9818	72	0x2e9938	0x25940
0x2e9818	73	0x2e993c	0x23c50
0x2e9818	74	0x2e9940	0x22740
0x2e9818	75	0x2e9944	0x42420
0x2e9818	76	0x2e9948	0x25950
0x2e9818	77	0x2e994c	0x22cb0
0x2e9818	78	0x2e9950	0x67930
0x2e9818	79	0x2e9954	0x25960
0x2e9818	80	0x2e9958	0x68460
0x2e9818	81	0x2e995c	0x210f0
0x2e9818	82	0x2e9960	0x68350
0x2e9818	83	0x2e9964	0x29100
0x2e9818	84	0x2e9968	0x29100
0x2e9818	85	0x2e996c	0x1fbb0
0x2e9818	86	0x2e9970	0x24da0
0x2ec120	0	0x2ec120	0x4ee90
0x2ec120	1	0x2ec124	0x4f780
0x2ec120	2	0x2ec128	0x25890
0x2ec120	3	0x2ec12c	0x25890
0x2ec120	4	0x2ec130	0x4f7e0
0x2ec120	5	0x2ec134	0xaa440
0x2ec120	6	0x2ec138	0x254d0
0x2ec120	7	0x2ec13c	0x51f60
0x2ec120	8	0x2ec140	0x25890
0x2ec120	9	0x2ec144	0x25480
0x2ec120	10	0x2ec148	0x25520
0x2ec120	11	0x2ec14c	0x25530
0x2ec120	12	0x2ec150	0x51f50
0x2ec120	13	0x2ec154	0x25540
0x2ec120	14	0x2ec158	0x25800
0x2ec120	15	0x2ec15c	0x12a620
0x2ec120	16	0x2ec160	0x254a0
0x2ec120	17	0x2ec164	0x254b0
0x2ec120	18	0x2ec168	0xaa910
0x2ec120	19	0x2ec16c	0xaa9a0
0x2ec120	20	0x2ec170	0xaa9b0
0x2ec120	21	0x2ec174	0x19ed70
0x2ec120	22	0x2ec178	0x4fc90
0x2ec120	23	0x2ec17c	0x4fc60
0x2ec120	24	0x2ec180	0x4fc80
0x2ec120	25	0x2ec184	0xaaa40
0x2ec120	26	0x2ec188	0x29100
0x2ec120	27	0x2ec18c	0x25890
0x2ec120	28	0x2ec190	0x29100
0x2ec120	29	0x2ec194	0x29100
0x2ec120	30	0x2ec198	0xe3f10
0x2ec120	31	0x2ec19c	0x4fba0
0x2ec120	32	0x2ec1a0	0x1ba850
0x2ec120	33	0x2ec1a4	0x25480
0x2ec120	34	0x2ec1a8	0x25490
0x2ec120	35	0x2ec1ac	0x25810
0x2ec120	36	0x2ec1b0	0xac5a0
0x2ec120	37	0x2ec1b4	0x25860
0x2ec120	38	0x2ec1b8	0x25870
0x2ec120	39	0x2ec1bc	0x52cb0
0x2ec120	40	0x2ec1c0	0x1ba850
0x2ec120	41	0x2ec1c4	0x25890
0x2ec120	42	0x2ec1c8	0x1a4040
0x2ec120	43	0x2ec1cc	0xab3c0
0x2ec120	44	0x2ec1d0	0x504a0
0x2ec120	45	0x2ec1d4	0x50890
0x2ec120	46	0x2ec1d8	0x51520
0x2ec120	47	0x2ec1dc	0xac4c0
0x2ec120	48	0x2ec1e0	0x19ed70
0x2ec120	49	0x2ec1e4	0xac510
0x2ec120	50	0x2ec1e8	0xac540
0x2ec120	51	0x2ec1ec	0xacc20
0x2ec120	52	0x2ec1f0	0x19ed70
0x2ec120	53	0x2ec1f4	0x12a620
0x2ec120	54	0x2ec1f8	0x12a620
0x2ec120	55	0x2ec1fc	0x12a620
0x2ec120	56	0x2ec200	0xaa900
0x2ec120	57	0x2ec204	0xaa900
0x2ec120	58	0x2ec208	0x29100
0x2ec120	59	0x2ec20c	0x29100
0x2ec120	60	0x2ec210	0xaaa80
0x2ec220	0	0x2ec220	0x52050
0x2ec220	1	0x2ec224	0x52120
0x2ec220	2	0x2ec228	0x25890
0x2ec220	3	0x2ec22c	0xc2e40
0x2ec220	4	0x2ec230	0x521a0
0x2ec220	5	0x2ec234	0xc36f0
0x2ec220	6	0x2ec238	0x254d0
0x2ec220	7	0x2ec23c	0x51f60
0x2ec220	8	0x2ec240	0x25890
0x2ec220	9	0x2ec244	0x25480
0x2ec220	10	0x2ec248	0x25520
0x2ec220	11	0x2ec24c	0x25530
0x2ec220	12	0x2ec250	0x51f50
0x2ec220	13	0x2ec254	0x25540
0x2ec220	14	0x2ec258	0x25800
0x2ec220	15	0x2ec25c	0xd1c00
0x2ec220	16	0x2ec260	0x254a0
0x2ec220	17	0x2ec264	0x254b0
0x2ec220	18	0x2ec268	0xaa910
0x2ec220	19	0x2ec26c	0xaa9a0
0x2ec220	20	0x2ec270	0xaa9b0
0x2ec220	21	0x2ec274	0x52550
0x2ec220	22	0x2ec278	0x52580
0x2ec220	23	0x2ec27c	0x522d0
0x2ec220	24	0x2ec280	0x523c0
0x2ec220	25	0x2ec284	0xc1c20
0x2ec220	26	0x2ec288	0xc3200
0x2ec220	27	0x2ec28c	0x25890
0x2ec220	28	0x2ec290	0xc32e0
0x2ec220	29	0x2ec294	0xc3440
0x2ec220	30	0x2ec298	0xc2e80
0x2ec220	31	0x2ec29c	0x1ba900
0x2ec220	32	0x2ec2a0	0xc3cc0
0x2ec220	33	0x2ec2a4	0x25950
0x2ec220	34	0x2ec2a8	0xc3d10
0x2ec220	35	0x2ec2ac	0x25810
0x2ec220	36	0x2ec2b0	0xac5a0
0x2ec220	37	0x2ec2b4	0x25860
0x2ec220	38	0x2ec2b8	0x25870
0x2ec220	39	0x2ec2bc	0x52cb0
0x2ec220	40	0x2ec2c0	0xd0b80
0x2ec220	41	0x2ec2c4	0xc2e60
0x2ec220	42	0x2ec2c8	0xc1da0
0x2ec220	43	0x2ec2cc	0xab3c0
0x2ec220	44	0x2ec2d0	0x52690
0x2ec220	45	0x2ec2d4	0x52a70
0x2ec220	46	0x2ec2d8	0x52b00
0x2ec220	47	0x2ec2dc	0xd0c10
0x2ec220	48	0x2ec2e0	0x19ed70
0x2ec220	49	0x2ec2e4	0xc2db0
0x2ec220	50	0x2ec2e8	0xac540
0x2ec220	51	0x2ec2ec	0xacc20
0x2ec220	52	0x2ec2f0	0xc1f00
0x2ec220	53	0x2ec2f4	0xd1f90
0x2ec220	54	0x2ec2f8	0xd1fb0
0x2ec220	55	0x2ec2fc	0xd1fd0
0x2ec220	56	0x2ec300	0xaa900
0x2ec220	57	0x2ec304	0xaa900
0x2ec220	58	0x2ec308	0x29100
0x2ec220	59	0x2ec30c	0x29100
0x2ec220	60	0x2ec310	0xc3bc0
0x2ec220	61	0x2ec314	0xd0be0
0x2ec220	62	0x2ec318	0x52cf0
0x2ec220	63	0x2ec31c	0xd0c50
0x2ec220	64	0x2ec320	0xc06c0
0x2ec220	65	0x2ec324	0xd1c10
0x2ec220	66	0x2ec328	0xd1c60
0x2ec220	67	0x2ec32c	0xc1e00
0x2ec220	68	0x2ec330	0xc3760
0x2ec220	69	0x2ec334	0xc0b30
0x2ec220	70	0x2ec338	0x52cd0
0x2ec220	71	0x2ec33c	0xc0db0
0x2ec220	72	0x2ec340	0xc3c40
0x2ec220	73	0x2ec344	0xc3d20
0x2ec220	74	0x2ec348	0xc6c80
0x2ec350	0	0x2ec350	0x53130
0x2ec350	1	0x2ec354	0x534c0
0x2ec350	2	0x2ec358	0x25890
0x2ec350	3	0x2ec35c	0x25890
0x2ec350	4	0x2ec360	0x53580
0x2ec350	5	0x2ec364	0xaa440
0x2ec350	6	0x2ec368	0x254d0
0x2ec350	7	0x2ec36c	0x51f60
0x2ec350	8	0x2ec370	0x25890
0x2ec350	9	0x2ec374	0x25480
0x2ec350	10	0x2ec378	0x25520
0x2ec350	11	0x2ec37c	0x25530
0x2ec350	12	0x2ec380	0x51f50
0x2ec350	13	0x2ec384	0x25540
0x2ec350	14	0x2ec388	0x25800
0x2ec350	15	0x2ec38c	0x12a620
0x2ec350	16	0x2ec390	0x254a0
0x2ec350	17	0x2ec394	0x254b0
0x2ec350	18	0x2ec398	0xaa910
0x2ec350	19	0x2ec39c	0xaa9a0
0x2ec350	20	0x2ec3a0	0xaa9b0
0x2ec350	21	0x2ec3a4	0x54000
0x2ec350	22	0x2ec3a8	0x540f0
0x2ec350	23	0x2ec3ac	0x29100
0x2ec350	24	0x2ec3b0	0x29100
0x2ec350	25	0x2ec3b4	0xaaa40
0x2ec350	26	0x2ec3b8	0x29100
0x2ec350	27	0x2ec3bc	0x25890
0x2ec350	28	0x2ec3c0	0x29100
0x2ec350	29	0x2ec3c4	0x29100
0x2ec350	30	0x2ec3c8	0xe3f10
0x2ec350	31	0x2ec3cc	0x1ba900
0x2ec350	32	0x2ec3d0	0x1ba850
0x2ec350	33	0x2ec3d4	0x25480
0x2ec350	34	0x2ec3d8	0x25490
0x2ec350	35	0x2ec3dc	0x25810
0x2ec350	36	0x2ec3e0	0xac5a0
0x2ec350	37	0x2ec3e4	0x25860
0x2ec350	38	0x2ec3e8	0x25870
0x2ec350	39	0x2ec3ec	0x52cb0
0x2ec350	40	0x2ec3f0	0x1ba850
0x2ec350	41	0x2ec3f4	0x25890
0x2ec350	42	0x2ec3f8	0x1a4040
0x2ec350	43	0x2ec3fc	0xab3c0
0x2ec350	44	0x2ec400	0x541f0
0x2ec350	45	0x2ec404	0x54440
0x2ec350	46	0x2ec408	0x546d0
0x2ec350	47	0x2ec40c	0xac4c0
0x2ec350	48	0x2ec410	0x19ed70
0x2ec350	49	0x2ec414	0xac510
0x2ec350	50	0x2ec418	0xac540
0x2ec350	51	0x2ec41c	0xacc20
0x2ec350	52	0x2ec420	0x19ed70
0x2ec350	53	0x2ec424	0x12a620
0x2ec350	54	0x2ec428	0x12a620
0x2ec350	55	0x2ec42c	0x12a620
0x2ec350	56	0x2ec430	0xaa900
0x2ec350	57	0x2ec434	0xaa900
0x2ec350	58	0x2ec438	0x29100
0x2ec350	59	0x2ec43c	0x29100
0x2ec350	60	0x2ec440	0xaaa80
0x2ec448	0	0x2ec448	0x54d20
0x2ec448	1	0x2ec44c	0x54fb0
0x2ec448	2	0x2ec450	0x25890
0x2ec448	3	0x2ec454	0x25890
0x2ec448	4	0x2ec458	0x55170
0x2ec448	5	0x2ec45c	0xaa440
0x2ec448	6	0x2ec460	0x254d0
0x2ec448	7	0x2ec464	0x51f60
0x2ec448	8	0x2ec468	0x25890
0x2ec448	9	0x2ec46c	0x25480
0x2ec448	10	0x2ec470	0x25520
0x2ec448	11	0x2ec474	0x25530
0x2ec448	12	0x2ec478	0x51f50
0x2ec448	13	0x2ec47c	0x25540
0x2ec448	14	0x2ec480	0x25800
0x2ec448	15	0x2ec484	0x12a620
0x2ec448	16	0x2ec488	0x254a0
0x2ec448	17	0x2ec48c	0x254b0
0x2ec448	18	0x2ec490	0xaa910
0x2ec448	19	0x2ec494	0xaa9a0
0x2ec448	20	0x2ec498	0xaa9b0
0x2ec448	21	0x2ec49c	0x56bb0
0x2ec448	22	0x2ec4a0	0x56d80
0x2ec448	23	0x2ec4a4	0x138de0
0x2ec448	24	0x2ec4a8	0x138ef0
0x2ec448	25	0x2ec4ac	0xaaa40
0x2ec448	26	0x2ec4b0	0x29100
0x2ec448	27	0x2ec4b4	0x25890
0x2ec448	28	0x2ec4b8	0xe2d70
0x2ec448	29	0x2ec4bc	0x29100
0x2ec448	30	0x2ec4c0	0xe3f10
0x2ec448	31	0x2ec4c4	0x1ba900
0x2ec448	32	0x2ec4c8	0x1ba850
0x2ec448	33	0x2ec4cc	0x25480
0x2ec448	34	0x2ec4d0	0x25490
0x2ec448	35	0x2ec4d4	0x25810
0x2ec448	36	0x2ec4d8	0xac5a0
0x2ec448	37	0x2ec4dc	0x25860
0x2ec448	38	0x2ec4e0	0x25870
0x2ec448	39	0x2ec4e4	0x52cb0
0x2ec448	40	0x2ec4e8	0x1ba850
0x2ec448	41	0x2ec4ec	0x25890
0x2ec448	42	0x2ec4f0	0x1a4040
0x2ec448	43	0x2ec4f4	0xab3c0
0x2ec448	44	0x2ec4f8	0x55640
0x2ec448	45	0x2ec4fc	0x55a20
0x2ec448	46	0x2ec500	0x56360
0x2ec448	47	0x2ec504	0xac4c0
0x2ec448	48	0x2ec508	0x19ed70
0x2ec448	49	0x2ec50c	0xac510
0x2ec448	50	0x2ec510	0xac540
0x2ec448	51	0x2ec514	0xacc20
0x2ec448	52	0x2ec518	0x19ed70
0x2ec448	53	0x2ec51c	0x12a620
0x2ec448	54	0x2ec520	0x12a620
0x2ec448	55	0x2ec524	0x12a620
0x2ec448	56	0x2ec528	0xaa900
0x2ec448	57	0x2ec52c	0xaa900
0x2ec448	58	0x2ec530	0x55120
0x2ec448	59	0x2ec534	0x55030
0x2ec448	60	0x2ec538	0xe30c0
0x2ec540	0	0x2ec540	0x57210
0x2ec540	1	0x2ec544	0x575f0
0x2ec540	2	0x2ec548	0x25890
0x2ec540	3	0x2ec54c	0x582c0
0x2ec540	4	0x2ec550	0x577b0
0x2ec540	5	0x2ec554	0xaa440
0x2ec540	6	0x2ec558	0x254d0
0x2ec540	7	0x2ec55c	0x51f60
0x2ec540	8	0x2ec560	0x25890
0x2ec540	9	0x2ec564	0x25480
0x2ec540	10	0x2ec568	0x25520
0x2ec540	11	0x2ec56c	0x25530
0x2ec540	12	0x2ec570	0x51f50
0x2ec540	13	0x2ec574	0x25540
0x2ec540	14	0x2ec578	0x25800
0x2ec540	15	0x2ec57c	0x12a620
0x2ec540	16	0x2ec580	0x254a0
0x2ec540	17	0x2ec584	0x254b0
0x2ec540	18	0x2ec588	0xaa910
0x2ec540	19	0x2ec58c	0xaa9a0
0x2ec540	20	0x2ec590	0xaa9b0
0x2ec540	21	0x2ec594	0x58150
0x2ec540	22	0x2ec598	0x57f60
0x2ec540	23	0x2ec59c	0x57640
0x2ec540	24	0x2ec5a0	0x57670
0x2ec540	25	0x2ec5a4	0xaaa40
0x2ec540	26	0x2ec5a8	0x29100
0x2ec540	27	0x2ec5ac	0x25890
0x2ec540	28	0x2ec5b0	0xe2d70
0x2ec540	29	0x2ec5b4	0x29100
0x2ec540	30	0x2ec5b8	0xe3f10
0x2ec540	31	0x2ec5bc	0x1ba900
0x2ec540	32	0x2ec5c0	0x1ba850
0x2ec540	33	0x2ec5c4	0x25480
0x2ec540	34	0x2ec5c8	0x25490
0x2ec540	35	0x2ec5cc	0x25810
0x2ec540	36	0x2ec5d0	0xac5a0
0x2ec540	37	0x2ec5d4	0x25860
0x2ec540	38	0x2ec5d8	0x25870
0x2ec540	39	0x2ec5dc	0x52cb0
0x2ec540	40	0x2ec5e0	0x1ba850
0x2ec540	41	0x2ec5e4	0x25890
0x2ec540	42	0x2ec5e8	0x1a4040
0x2ec540	43	0x2ec5ec	0xab3c0
0x2ec540	44	0x2ec5f0	0x58720
0x2ec540	45	0x2ec5f4	0x58bc0
0x2ec540	46	0x2ec5f8	0x59530
0x2ec540	47	0x2ec5fc	0xac4c0
0x2ec540	48	0x2ec600	0x19ed70
0x2ec540	49	0x2ec604	0xac510
0x2ec540	50	0x2ec608	0x59d70
0x2ec540	51	0x2ec60c	0xacc20
0x2ec540	52	0x2ec610	0x19ed70
0x2ec540	53	0x2ec614	0x12a620
0x2ec540	54	0x2ec618	0x12a620
0x2ec540	55	0x2ec61c	0x12a620
0x2ec540	56	0x2ec620	0xaa900
0x2ec540	57	0x2ec624	0xaa900
0x2ec540	58	0x2ec628	0x29100
0x2ec540	59	0x2ec62c	0x57660
0x2ec540	60	0x2ec630	0xaaa80
0x2ec638	0	0x2ec638	0x5a0e0
0x2ec638	1	0x2ec63c	0x5a210
0x2ec638	2	0x2ec640	0x25890
0x2ec638	3	0x2ec644	0x5a640
0x2ec638	4	0x2ec648	0x5a2b0
0x2ec638	5	0x2ec64c	0xc36f0
0x2ec638	6	0x2ec650	0x254d0
0x2ec638	7	0x2ec654	0x51f60
0x2ec638	8	0x2ec658	0x25890
0x2ec638	9	0x2ec65c	0x25480
0x2ec638	10	0x2ec660	0x25520
0x2ec638	11	0x2ec664	0x25530
0x2ec638	12	0x2ec668	0x51f50
0x2ec638	13	0x2ec66c	0x25540
0x2ec638	14	0x2ec670	0x25800
0x2ec638	15	0x2ec674	0xd1c00
0x2ec638	16	0x2ec678	0x254a0
0x2ec638	17	0x2ec67c	0x254b0
0x2ec638	18	0x2ec680	0xaa910
0x2ec638	19	0x2ec684	0xaa9a0
0x2ec638	20	0x2ec688	0xaa9b0
0x2ec638	21	0x2ec68c	0x5a8d0
0x2ec638	22	0x2ec690	0x5a660
0x2ec638	23	0x2ec694	0xc1850
0x2ec638	24	0x2ec698	0x5a630
0x2ec638	25	0x2ec69c	0xc1c20
0x2ec638	26	0x2ec6a0	0xc3200
0x2ec638	27	0x2ec6a4	0x25890
0x2ec638	28	0x2ec6a8	0xc32e0
0x2ec638	29	0x2ec6ac	0xc3440
0x2ec638	30	0x2ec6b0	0xc2e80
0x2ec638	31	0x2ec6b4	0x1ba900
0x2ec638	32	0x2ec6b8	0xc3cc0
0x2ec638	33	0x2ec6bc	0x25950
0x2ec638	34	0x2ec6c0	0xc3d10
0x2ec638	35	0x2ec6c4	0x25810
0x2ec638	36	0x2ec6c8	0xac5a0
0x2ec638	37	0x2ec6cc	0x25860
0x2ec638	38	0x2ec6d0	0x25870
0x2ec638	39	0x2ec6d4	0x52cb0
0x2ec638	40	0x2ec6d8	0xd0b80
0x2ec638	41	0x2ec6dc	0xc2e60
0x2ec638	42	0x2ec6e0	0xc1da0
0x2ec638	43	0x2ec6e4	0xab3c0
0x2ec638	44	0x2ec6e8	0x5aa00
0x2ec638	45	0x2ec6ec	0x5ac70
0x2ec638	46	0x2ec6f0	0x5afe0
0x2ec638	47	0x2ec6f4	0xd0c10
0x2ec638	48	0x2ec6f8	0x19ed70
0x2ec638	49	0x2ec6fc	0xc2db0
0x2ec638	50	0x2ec700	0xac540
0x2ec638	51	0x2ec704	0xacc20
0x2ec638	52	0x2ec708	0xc1f00
0x2ec638	53	0x2ec70c	0xd1f90
0x2ec638	54	0x2ec710	0xd1fb0
0x2ec638	55	0x2ec714	0xd1fd0
0x2ec638	56	0x2ec718	0xaa900
0x2ec638	57	0x2ec71c	0xaa900
0x2ec638	58	0x2ec720	0x29100
0x2ec638	59	0x2ec724	0x29100
0x2ec638	60	0x2ec728	0xc3bc0
0x2ec638	61	0x2ec72c	0xd0be0
0x2ec638	62	0x2ec730	0x52cf0
0x2ec638	63	0x2ec734	0xd0c50
0x2ec638	64	0x2ec738	0xc06c0
0x2ec638	65	0x2ec73c	0xd1c10
0x2ec638	66	0x2ec740	0xd1c60
0x2ec638	67	0x2ec744	0xc1e00
0x2ec638	68	0x2ec748	0xc3760
0x2ec638	69	0x2ec74c	0xc0b30
0x2ec638	70	0x2ec750	0x52cd0
0x2ec638	71	0x2ec754	0xc0db0
0x2ec638	72	0x2ec758	0xc3c40
0x2ec638	73	0x2ec75c	0xc3d20
0x2ec638	74	0x2ec760	0xc6c80
0x2ec768	0	0x2ec768	0x5b4f0
0x2ec768	1	0x2ec76c	0x5b520
0x2ec768	2	0x2ec770	0x25890
0x2ec768	3	0x2ec774	0xc2e40
0x2ec768	4	0x2ec778	0x5b550
0x2ec768	5	0x2ec77c	0xc36f0
0x2ec768	6	0x2ec780	0x254d0
0x2ec768	7	0x2ec784	0x51f60
0x2ec768	8	0x2ec788	0x25890
0x2ec768	9	0x2ec78c	0x25480
0x2ec768	10	0x2ec790	0x25520
0x2ec768	11	0x2ec794	0x25530
0x2ec768	12	0x2ec798	0x51f50
0x2ec768	13	0x2ec79c	0x25540
0x2ec768	14	0x2ec7a0	0x25800
0x2ec768	15	0x2ec7a4	0xd1c00
0x2ec768	16	0x2ec7a8	0x254a0
0x2ec768	17	0x2ec7ac	0x254b0
0x2ec768	18	0x2ec7b0	0xaa910
0x2ec768	19	0x2ec7b4	0xaa9a0
0x2ec768	20	0x2ec7b8	0xaa9b0
0x2ec768	21	0x2ec7bc	0x5b8b0
0x2ec768	22	0x2ec7c0	0x5b8e0
0x2ec768	23	0x2ec7c4	0x5b6c0
0x2ec768	24	0x2ec7c8	0x5b880
0x2ec768	25	0x2ec7cc	0xc1c20
0x2ec768	26	0x2ec7d0	0xc3200
0x2ec768	27	0x2ec7d4	0x25890
0x2ec768	28	0x2ec7d8	0x5b6a0
0x2ec768	29	0x2ec7dc	0x5b6b0
0x2ec768	30	0x2ec7e0	0xc2e80
0x2ec768	31	0x2ec7e4	0x1ba900
0x2ec768	32	0x2ec7e8	0xc3cc0
0x2ec768	33	0x2ec7ec	0x25950
0x2ec768	34	0x2ec7f0	0xc3d10
0x2ec768	35	0x2ec7f4	0x25810
0x2ec768	36	0x2ec7f8	0xac5a0
0x2ec768	37	0x2ec7fc	0x25860
0x2ec768	38	0x2ec800	0x25870
0x2ec768	39	0x2ec804	0x52cb0
0x2ec768	40	0x2ec808	0xd0b80
0x2ec768	41	0x2ec80c	0xc2e60
0x2ec768	42	0x2ec810	0xc1da0
0x2ec768	43	0x2ec814	0xab3c0
0x2ec768	44	0x2ec818	0x5b960
0x2ec768	45	0x2ec81c	0x5b9c0
0x2ec768	46	0x2ec820	0x5ba20
0x2ec768	47	0x2ec824	0xd0c10
0x2ec768	48	0x2ec828	0x19ed70
0x2ec768	49	0x2ec82c	0xc2db0
0x2ec768	50	0x2ec830	0xac540
0x2ec768	51	0x2ec834	0xacc20
0x2ec768	52	0x2ec838	0xc1f00
0x2ec768	53	0x2ec83c	0xd1f90
0x2ec768	54	0x2ec840	0xd1fb0
0x2ec768	55	0x2ec844	0xd1fd0
0x2ec768	56	0x2ec848	0xaa900
0x2ec768	57	0x2ec84c	0xaa900
0x2ec768	58	0x2ec850	0x29100
0x2ec768	59	0x2ec854	0x29100
0x2ec768	60	0x2ec858	0xc3bc0
0x2ec768	61	0x2ec85c	0xd0be0
0x2ec768	62	0x2ec860	0x52cf0
0x2ec768	63	0x2ec864	0xd0c50
0x2ec768	64	0x2ec868	0xc06c0
0x2ec768	65	0x2ec86c	0xd1c10
0x2ec768	66	0x2ec870	0xd1c60
0x2ec768	67	0x2ec874	0xc1e00
0x2ec768	68	0x2ec878	0xc3760
0x2ec768	69	0x2ec87c	0xc0b30
0x2ec768	70	0x2ec880	0x52cd0
0x2ec768	71	0x2ec884	0xc0db0
0x2ec768	72	0x2ec888	0xc3c40
0x2ec768	73	0x2ec88c	0xc3d20
0x2ec768	74	0x2ec890	0xc6c80
0x2ec898	0	0x2ec898	0x5bdc0
0x2ec898	1	0x2ec89c	0x25890
0x2ec898	2	0x2ec8a0	0x25890
0x2ec898	3	0x2ec8a4	0x25890
0x2ec898	4	0x2ec8a8	0x5be50
0x2ec898	5	0x2ec8ac	0xaa440
0x2ec898	6	0x2ec8b0	0x254d0
0x2ec898	7	0x2ec8b4	0x51f60
0x2ec898	8	0x2ec8b8	0x25890
0x2ec898	9	0x2ec8bc	0x25480
0x2ec898	10	0x2ec8c0	0x25520
0x2ec898	11	0x2ec8c4	0x25530
0x2ec898	12	0x2ec8c8	0x51f50
0x2ec898	13	0x2ec8cc	0x25540
0x2ec898	14	0x2ec8d0	0x25800
0x2ec898	15	0x2ec8d4	0x12a620
0x2ec898	16	0x2ec8d8	0x254a0
0x2ec898	17	0x2ec8dc	0x254b0
0x2ec898	18	0x2ec8e0	0xaa910
0x2ec898	19	0x2ec8e4	0xaa9a0
0x2ec898	20	0x2ec8e8	0xaa9b0
0x2ec898	21	0x2ec8ec	0xaa650
0x2ec898	22	0x2ec8f0	0xaa740
0x2ec898	23	0x2ec8f4	0x5bed0
0x2ec898	24	0x2ec8f8	0x5bef0
0x2ec898	25	0x2ec8fc	0xaaa40
0x2ec898	26	0x2ec900	0x29100
0x2ec898	27	0x2ec904	0x25890
0x2ec898	28	0x2ec908	0x29100
0x2ec898	29	0x2ec90c	0x29100
0x2ec898	30	0x2ec910	0xe3f10
0x2ec898	31	0x2ec914	0x1ba900
0x2ec898	32	0x2ec918	0x1ba850
0x2ec898	33	0x2ec91c	0x25480
0x2ec898	34	0x2ec920	0x25490
0x2ec898	35	0x2ec924	0x25810
0x2ec898	36	0x2ec928	0xac5a0
0x2ec898	37	0x2ec92c	0x25860
0x2ec898	38	0x2ec930	0x25870
0x2ec898	39	0x2ec934	0x52cb0
0x2ec898	40	0x2ec938	0x1ba850
0x2ec898	41	0x2ec93c	0x25890
0x2ec898	42	0x2ec940	0x1a4040
0x2ec898	43	0x2ec944	0xab3c0
0x2ec898	44	0x2ec948	0xab4e0
0x2ec898	45	0x2ec94c	0xab750
0x2ec898	46	0x2ec950	0xabdf0
0x2ec898	47	0x2ec954	0xac4c0
0x2ec898	48	0x2ec958	0x19ed70
0x2ec898	49	0x2ec95c	0xac510
0x2ec898	50	0x2ec960	0xac540
0x2ec898	51	0x2ec964	0xacc20
0x2ec898	52	0x2ec968	0x19ed70
0x2ec898	53	0x2ec96c	0x12a620
0x2ec898	54	0x2ec970	0x12a620
0x2ec898	55	0x2ec974	0x12a620
0x2ec898	56	0x2ec978	0xaa900
0x2ec898	57	0x2ec97c	0xaa900
0x2ec898	58	0x2ec980	0x5bf10
0x2ec898	59	0x2ec984	0x57660
0x2ec898	60	0x2ec988	0xaaa80
0x2ec990	0	0x2ec990	0x5d1a0
0x2ec990	1	0x2ec994	0x5d220
0x2ec990	2	0x2ec998	0x25890
0x2ec990	3	0x2ec99c	0x25890
0x2ec990	4	0x2ec9a0	0xaa420
0x2ec990	5	0x2ec9a4	0xaa440
0x2ec990	6	0x2ec9a8	0x254d0
0x2ec990	7	0x2ec9ac	0x51f60
0x2ec990	8	0x2ec9b0	0x25890
0x2ec990	9	0x2ec9b4	0x25480
0x2ec990	10	0x2ec9b8	0x25520
0x2ec990	11	0x2ec9bc	0x25530
0x2ec990	12	0x2ec9c0	0x51f50
0x2ec990	13	0x2ec9c4	0x25540
0x2ec990	14	0x2ec9c8	0x25800
0x2ec990	15	0x2ec9cc	0x12a620
0x2ec990	16	0x2ec9d0	0x254a0
0x2ec990	17	0x2ec9d4	0x254b0
0x2ec990	18	0x2ec9d8	0xaa910
0x2ec990	19	0x2ec9dc	0xaa9a0
0x2ec990	20	0x2ec9e0	0xaa9b0
0x2ec990	21	0x2ec9e4	0x5d250
0x2ec990	22	0x2ec9e8	0x5d350
0x2ec990	23	0x2ec9ec	0x5d4d0
0x2ec990	24	0x2ec9f0	0x5d4f0
0x2ec990	25	0x2ec9f4	0xaaa40
0x2ec990	26	0x2ec9f8	0x29100
0x2ec990	27	0x2ec9fc	0x25890
0x2ec990	28	0x2eca00	0xe2d70
0x2ec990	29	0x2eca04	0x29100
0x2ec990	30	0x2eca08	0xe3f10
0x2ec990	31	0x2eca0c	0x1ba900
0x2ec990	32	0x2eca10	0x1ba850
0x2ec990	33	0x2eca14	0x25480
0x2ec990	34	0x2eca18	0x25490
0x2ec990	35	0x2eca1c	0x25810
0x2ec990	36	0x2eca20	0xac5a0
0x2ec990	37	0x2eca24	0x25860
0x2ec990	38	0x2eca28	0x25870
0x2ec990	39	0x2eca2c	0x52cb0
0x2ec990	40	0x2eca30	0x1ba850
0x2ec990	41	0x2eca34	0x25890
0x2ec990	42	0x2eca38	0x1a4040
0x2ec990	43	0x2eca3c	0xab3c0
0x2ec990	44	0x2eca40	0x5da80
0x2ec990	45	0x2eca44	0x5dcc0
0x2ec990	46	0x2eca48	0x5df10
0x2ec990	47	0x2eca4c	0xac4c0
0x2ec990	48	0x2eca50	0x19ed70
0x2ec990	49	0x2eca54	0xac510
0x2ec990	50	0x2eca58	0xac540
0x2ec990	51	0x2eca5c	0xacc20
0x2ec990	52	0x2eca60	0x19ed70
0x2ec990	53	0x2eca64	0x12a620
0x2ec990	54	0x2eca68	0x12a620
0x2ec990	55	0x2eca6c	0x12a620
0x2ec990	56	0x2eca70	0xaa900
0x2ec990	57	0x2eca74	0xaa900
0x2ec990	58	0x2eca78	0x5d510
0x2ec990	59	0x2eca7c	0x57660
0x2ec990	60	0x2eca80	0xaaa80
0x2eca88	0	0x2eca88	0x5e340
0x2eca88	1	0x2eca8c	0x5e370
0x2eca88	2	0x2eca90	0x25890
0x2eca88	3	0x2eca94	0x25890
0x2eca88	4	0x2eca98	0xe2090
0x2eca88	5	0x2eca9c	0xaa440
0x2eca88	6	0x2ecaa0	0x254d0
0x2eca88	7	0x2ecaa4	0x51f60
0x2eca88	8	0x2ecaa8	0x25890
0x2eca88	9	0x2ecaac	0x25480
0x2eca88	10	0x2ecab0	0x25520
0x2eca88	11	0x2ecab4	0x25530
0x2eca88	12	0x2ecab8	0x51f50
0x2eca88	13	0x2ecabc	0x25540
0x2eca88	14	0x2ecac0	0x25800
0x2eca88	15	0x2ecac4	0x12a620
0x2eca88	16	0x2ecac8	0x254a0
0x2eca88	17	0x2ecacc	0x254b0
0x2eca88	18	0x2ecad0	0xaa910
0x2eca88	19	0x2ecad4	0xaa9a0
0x2eca88	20	0x2ecad8	0xaa9b0
0x2eca88	21	0x2ecadc	0x5e390
0x2eca88	22	0x2ecae0	0x5e660
0x2eca88	23	0x2ecae4	0x138de0
0x2eca88	24	0x2ecae8	0x138ef0
0x2eca88	25	0x2ecaec	0xaaa40
0x2eca88	26	0x2ecaf0	0x29100
0x2eca88	27	0x2ecaf4	0x25890
0x2eca88	28	0x2ecaf8	0xe2d70
0x2eca88	29	0x2ecafc	0x29100
0x2eca88	30	0x2ecb00	0xe3f10
0x2eca88	31	0x2ecb04	0x1ba900
0x2eca88	32	0x2ecb08	0x1ba850
0x2eca88	33	0x2ecb0c	0x25480
0x2eca88	34	0x2ecb10	0x25490
0x2eca88	35	0x2ecb14	0x25810
0x2eca88	36	0x2ecb18	0xac5a0
0x2eca88	37	0x2ecb1c	0x25860
0x2eca88	38	0x2ecb20	0x25870
0x2eca88	39	0x2ecb24	0x52cb0
0x2eca88	40	0x2ecb28	0x1ba850
0x2eca88	41	0x2ecb2c	0x25890
0x2eca88	42	0x2ecb30	0x1a4040
0x2eca88	43	0x2ecb34	0xab3c0
0x2eca88	44	0x2ecb38	0x5e9a0
0x2eca88	45	0x2ecb3c	0x5ef70
0x2eca88	46	0x2ecb40	0x5f8f0
0x2eca88	47	0x2ecb44	0xac4c0
0x2eca88	48	0x2ecb48	0x19ed70
0x2eca88	49	0x2ecb4c	0xac510
0x2eca88	50	0x2ecb50	0xac540
0x2eca88	51	0x2ecb54	0xacc20
0x2eca88	52	0x2ecb58	0x19ed70
0x2eca88	53	0x2ecb5c	0x12a620
0x2eca88	54	0x2ecb60	0x12a620
0x2eca88	55	0x2ecb64	0x12a620
0x2eca88	56	0x2ecb68	0xaa900
0x2eca88	57	0x2ecb6c	0xaa900
0x2eca88	58	0x2ecb70	0xe2970
0x2eca88	59	0x2ecb74	0xe2880
0x2eca88	60	0x2ecb78	0xe30c0
0x2ecb80	0	0x2ecb80	0x603d0
0x2ecb80	1	0x2ecb84	0x605c0
0x2ecb80	2	0x2ecb88	0x25890
0x2ecb80	3	0x2ecb8c	0x25890
0x2ecb80	4	0x2ecb90	0x60660
0x2ecb80	5	0x2ecb94	0xaa440
0x2ecb80	6	0x2ecb98	0x254d0
0x2ecb80	7	0x2ecb9c	0x51f60
0x2ecb80	8	0x2ecba0	0x25890
0x2ecb80	9	0x2ecba4	0x25480
0x2ecb80	10	0x2ecba8	0x25520
0x2ecb80	11	0x2ecbac	0x25530
0x2ecb80	12	0x2ecbb0	0x51f50
0x2ecb80	13	0x2ecbb4	0x25540
0x2ecb80	14	0x2ecbb8	0x25800
0x2ecb80	15	0x2ecbbc	0x12a620
0x2ecb80	16	0x2ecbc0	0x254a0
0x2ecb80	17	0x2ecbc4	0x254b0
0x2ecb80	18	0x2ecbc8	0xaa910
0x2ecb80	19	0x2ecbcc	0xaa9a0
0x2ecb80	20	0x2ecbd0	0xaa9b0
0x2ecb80	21	0x2ecbd4	0x61550
0x2ecb80	22	0x2ecbd8	0x61770
0x2ecb80	23	0x2ecbdc	0x60e80
0x2ecb80	24	0x2ecbe0	0x61140
0x2ecb80	25	0x2ecbe4	0xaaa40
0x2ecb80	26	0x2ecbe8	0x29100
0x2ecb80	27	0x2ecbec	0x25890
0x2ecb80	28	0x2ecbf0	0xe2d70
0x2ecb80	29	0x2ecbf4	0x29100
0x2ecb80	30	0x2ecbf8	0xe3f10
0x2ecb80	31	0x2ecbfc	0x1ba900
0x2ecb80	32	0x2ecc00	0x1ba850
0x2ecb80	33	0x2ecc04	0x25480
0x2ecb80	34	0x2ecc08	0x25490
0x2ecb80	35	0x2ecc0c	0x25810
0x2ecb80	36	0x2ecc10	0xac5a0
0x2ecb80	37	0x2ecc14	0x25860
0x2ecb80	38	0x2ecc18	0x25870
0x2ecb80	39	0x2ecc1c	0x52cb0
0x2ecb80	40	0x2ecc20	0x1ba850
0x2ecb80	41	0x2ecc24	0x25890
0x2ecb80	42	0x2ecc28	0x1a4040
0x2ecb80	43	0x2ecc2c	0xab3c0
0x2ecb80	44	0x2ecc30	0x61e90
0x2ecb80	45	0x2ecc34	0x62780
0x2ecb80	46	0x2ecc38	0x63120
0x2ecb80	47	0x2ecc3c	0xac4c0
0x2ecb80	48	0x2ecc40	0x19ed70
0x2ecb80	49	0x2ecc44	0xac510
0x2ecb80	50	0x2ecc48	0xac540
0x2ecb80	51	0x2ecc4c	0xacc20
0x2ecb80	52	0x2ecc50	0x19ed70
0x2ecb80	53	0x2ecc54	0x12a620
0x2ecb80	54	0x2ecc58	0x12a620
0x2ecb80	55	0x2ecc5c	0x12a620
0x2ecb80	56	0x2ecc60	0xaa900
0x2ecb80	57	0x2ecc64	0xaa900
0x2ecb80	58	0x2ecc68	0x61160
0x2ecb80	59	0x2ecc6c	0x60ea0
0x2ecb80	60	0x2ecc70	0x61cb0
0x2ecc88	0	0x2ecc88	0x64280
0x2ecc88	1	0x2ecc8c	0x25890
0x2ecc88	2	0x2ecc90	0x25890
0x2ecc88	3	0x2ecc94	0x68280
0x2ecc88	4	0x2ecc98	0x67ed0
0x2ecc88	5	0x2ecc9c	0xaa440
0x2ecc88	6	0x2ecca0	0x254d0
0x2ecc88	7	0x2ecca4	0x51f60
0x2ecc88	8	0x2ecca8	0x25890
0x2ecc88	9	0x2eccac	0x25950
0x2ecc88	10	0x2eccb0	0x25520
0x2ecc88	11	0x2eccb4	0x25530
0x2ecc88	12	0x2eccb8	0x51f50
0x2ecc88	13	0x2eccbc	0x25540
0x2ecc88	14	0x2eccc0	0x25800
0x2ecc88	15	0x2eccc4	0x12a620
0x2ecc88	16	0x2eccc8	0x254a0
0x2ecc88	17	0x2ecccc	0x254b0
0x2ecc88	18	0x2eccd0	0xaa910
0x2ecc88	19	0x2eccd4	0xaa9a0
0x2ecc88	20	0x2eccd8	0xaa9b0
0x2ecc88	21	0x2eccdc	0xaa650
0x2ecc88	22	0x2ecce0	0xaa740
0x2ecc88	23	0x2ecce4	0xaaa40
0x2ecc88	24	0x2ecce8	0xaaa40
0x2ecc88	25	0x2eccec	0xaaa40
0x2ecc88	26	0x2eccf0	0x29100
0x2ecc88	27	0x2eccf4	0x25890
0x2ecc88	28	0x2eccf8	0x29100
0x2ecc88	29	0x2eccfc	0x29100
0x2ecc88	30	0x2ecd00	0xe3f10
0x2ecc88	31	0x2ecd04	0x1ba900
0x2ecc88	32	0x2ecd08	0x1ba850
0x2ecc88	33	0x2ecd0c	0x25480
0x2ecc88	34	0x2ecd10	0x25490
0x2ecc88	35	0x2ecd14	0x25810
0x2ecc88	36	0x2ecd18	0xac5a0
0x2ecc88	37	0x2ecd1c	0x25860
0x2ecc88	38	0x2ecd20	0x25870
0x2ecc88	39	0x2ecd24	0x698a0
0x2ecc88	40	0x2ecd28	0x1ba850
0x2ecc88	41	0x2ecd2c	0x25890
0x2ecc88	42	0x2ecd30	0x1a4040
0x2ecc88	43	0x2ecd34	0x68330
0x2ecc88	44	0x2ecd38	0xab4e0
0x2ecc88	45	0x2ecd3c	0xab750
0x2ecc88	46	0x2ecd40	0xabdf0
0x2ecc88	47	0x2ecd44	0xac4c0
0x2ecc88	48	0x2ecd48	0x19ed70
0x2ecc88	49	0x2ecd4c	0xac510
0x2ecc88	50	0x2ecd50	0xac540
0x2ecc88	51	0x2ecd54	0xacc20
0x2ecc88	52	0x2ecd58	0x19ed70
0x2ecc88	53	0x2ecd5c	0x12a620
0x2ecc88	54	0x2ecd60	0x12a620
0x2ecc88	55	0x2ecd64	0x12a620
0x2ecc88	56	0x2ecd68	0xaa900
0x2ecc88	57	0x2ecd6c	0xaa900
0x2ecc88	58	0x2ecd70	0x29100
0x2ecc88	59	0x2ecd74	0x29100
0x2ecc88	60	0x2ecd78	0xaaa80
0x2ecc88	61	0x2ecd7c	0x1b8840
0x2ecc88	62	0x2ecd80	0x68250
0x2ecc88	63	0x2ecd84	0x67cd0
0x2ecc88	64	0x2ecd88	0x67e40
0x2ecc88	65	0x2ecd8c	0x682b0
0x2ecc88	66	0x2ecd90	0x2c080d
0x2ecc88	67	0x2ecd94	0x2c080d
0x2ecc88	68	0x2ecd98	0x2c080d
0x2ecc88	69	0x2ecd9c	0x67260
0x2ecc88	70	0x2ecda0	0x67580
0x2ecc88	71	0x2ecda4	0x29100
0x2ecc88	72	0x2ecda8	0x25940
0x2ecc88	73	0x2ecdac	0x25480
0x2ecc88	74	0x2ecdb0	0x142e40
0x2ecc88	75	0x2ecdb4	0x67bf0
0x2ecc88	76	0x2ecdb8	0x25950
0x2ecc88	77	0x2ecdbc	0x682e0
0x2ecc88	78	0x2ecdc0	0x67930
0x2ecc88	79	0x2ecdc4	0x25960
0x2ecc88	80	0x2ecdc8	0x68460
0x2ecc88	81	0x2ecdcc	0x681e0
0x2ecc88	82	0x2ecdd0	0x68350
0x2ecc88	83	0x2ecdd4	0x29100
0x2ecc88	84	0x2ecdd8	0x29100
0x2ecc88	85	0x2ecddc	0x2c080d
0x2ecde8	0	0x2ecde8	0x69f10
0x2ecde8	1	0x2ecdec	0x29100
0x2ecde8	2	0x2ecdf0	0x25890
0x2ecde8	3	0x2ecdf4	0x71f10
0x2ecde8	4	0x2ecdf8	0x6a1f0
0x2ecde8	5	0x2ecdfc	0xaa440
0x2ecde8	6	0x2ece00	0x254d0
0x2ecde8	7	0x2ece04	0x51f60
0x2ecde8	8	0x2ece08	0x25890
0x2ecde8	9	0x2ece0c	0x25480
0x2ecde8	10	0x2ece10	0x25520
0x2ecde8	11	0x2ece14	0x25530
0x2ecde8	12	0x2ece18	0x51f50
0x2ecde8	13	0x2ece1c	0x25540
0x2ecde8	14	0x2ece20	0x25800
0x2ecde8	15	0x2ece24	0x12a620
0x2ecde8	16	0x2ece28	0x254a0
0x2ecde8	17	0x2ece2c	0x254b0
0x2ecde8	18	0x2ece30	0xaa910
0x2ecde8	19	0x2ece34	0xaa9a0
0x2ecde8	20	0x2ece38	0xaa9b0
0x2ecde8	21	0x2ece3c	0x6b5d0
0x2ecde8	22	0x2ece40	0x6be00
0x2ecde8	23	0x2ece44	0xaaa40
0x2ecde8	24	0x2ece48	0xaaa40
0x2ecde8	25	0x2ece4c	0xaaa40
0x2ecde8	26	0x2ece50	0x29100
0x2ecde8	27	0x2ece54	0x25890
0x2ecde8	28	0x2ece58	0x29100
0x2ecde8	29	0x2ece5c	0x29100
0x2ecde8	30	0x2ece60	0xe3f10
0x2ecde8	31	0x2ece64	0x1ba900
0x2ecde8	32	0x2ece68	0x1ba850
0x2ecde8	33	0x2ece6c	0x25480
0x2ecde8	34	0x2ece70	0x25490
0x2ecde8	35	0x2ece74	0x25810
0x2ecde8	36	0x2ece78	0xac5a0
0x2ecde8	37	0x2ece7c	0x25860
0x2ecde8	38	0x2ece80	0x25870
0x2ecde8	39	0x2ece84	0x52cb0
0x2ecde8	40	0x2ece88	0x1ba850
0x2ecde8	41	0x2ece8c	0x25890
0x2ecde8	42	0x2ece90	0x6a520
0x2ecde8	43	0x2ece94	0xab3c0
0x2ecde8	44	0x2ece98	0x6d160
0x2ecde8	45	0x2ece9c	0x6dbc0
0x2ecde8	46	0x2ecea0	0x6f5f0
0x2ecde8	47	0x2ecea4	0xac4c0
0x2ecde8	48	0x2ecea8	0x19ed70
0x2ecde8	49	0x2eceac	0xac510
0x2ecde8	50	0x2eceb0	0x733f0
0x2ecde8	51	0x2eceb4	0xacc20
0x2ecde8	52	0x2eceb8	0x19ed70
0x2ecde8	53	0x2ecebc	0x12a620
0x2ecde8	54	0x2ecec0	0x12a620
0x2ecde8	55	0x2ecec4	0x12a620
0x2ecde8	56	0x2ecec8	0xaa900
0x2ecde8	57	0x2ececc	0xaa900
0x2ecde8	58	0x2eced0	0x29100
0x2ecde8	59	0x2eced4	0x29100
0x2ecde8	60	0x2eced8	0xaaa80
0x2ecedc	0	0x2ecedc	0x743a0
0x2ecedc	1	0x2ecee0	0x7d300
0x2ecedc	2	0x2ecee4	0x74680
0x2ecedc	3	0x2ecee8	0x746b0
0x2ecedc	4	0x2eceec	0x7d410
0x2ecedc	5	0x2ecef0	0x746c0
0x2ecedc	6	0x2ecef4	0x7d680
0x2ecedc	7	0x2ecef8	0x74730
0x2ecedc	8	0x2ecefc	0x7d740
0x2ecedc	9	0x2ecf00	0x747b0
0x2ecedc	10	0x2ecf04	0x7d990
0x2ecedc	11	0x2ecf08	0x7da10
0x2ecedc	12	0x2ecf0c	0x74670
0x2ecedc	13	0x2ecf10	0x7d3e0
0x2ecf14	0	0x2ecf14	0x744d0
0x2ecf14	1	0x2ecf18	0x7f530
0x2ecf14	2	0x2ecf1c	0x7f660
0x2ecf14	3	0x2ecf20	0x746b0
0x2ecf14	4	0x2ecf24	0x7f6b0
0x2ecf14	5	0x2ecf28	0x746c0
0x2ecf14	6	0x2ecf2c	0x7fa80
0x2ecf14	7	0x2ecf30	0x74730
0x2ecf14	8	0x2ecf34	0x7fd90
0x2ecf14	9	0x2ecf38	0x747b0
0x2ecf14	10	0x2ecf3c	0x80370
0x2ecf14	11	0x2ecf40	0x80540
0x2ecf14	12	0x2ecf44	0x74670
0x2ecf14	13	0x2ecf48	0x7f610
0x2ecf4c	0	0x2ecf4c	0x74410
0x2ecf4c	1	0x2ecf50	0x7dd50
0x2ecf4c	2	0x2ecf54	0x7dfe0
0x2ecf4c	3	0x2ecf58	0x746b0
0x2ecf4c	4	0x2ecf5c	0x7c700
0x2ecf4c	5	0x2ecf60	0x746c0
0x2ecf4c	6	0x2ecf64	0x7e120
0x2ecf4c	7	0x2ecf68	0x74730
0x2ecf4c	8	0x2ecf6c	0x7e550
0x2ecf4c	9	0x2ecf70	0x747b0
0x2ecf4c	10	0x2ecf74	0x7ebb0
0x2ecf4c	11	0x2ecf78	0x7edb0
0x2ecf4c	12	0x2ecf7c	0x7dfd0
0x2ecf4c	13	0x2ecf80	0x7de40
0x2ecf84	0	0x2ecf84	0x71ef0
0x2ecf84	1	0x2ecf88	0x7d230
0x2ecf84	2	0x2ecf8c	0x74680
0x2ecf84	3	0x2ecf90	0x746b0
0x2ecf84	4	0x2ecf94	0x7c700
0x2ecf84	5	0x2ecf98	0x746c0
0x2ecf84	6	0x2ecf9c	0x7d250
0x2ecf84	7	0x2ecfa0	0x74730
0x2ecf84	8	0x2ecfa4	0x7d260
0x2ecf84	9	0x2ecfa8	0x747b0
0x2ecf84	10	0x2ecfac	0x7d280
0x2ecf84	11	0x2ecfb0	0x7d290
0x2ecf84	12	0x2ecfb4	0x74670
0x2ecf84	13	0x2ecfb8	0x7d240
0x2ecfbc	0	0x2ecfbc	0x71ef0
0x2ecfbc	1	0x2ecfc0	0x7cb60
0x2ecfbc	2	0x2ecfc4	0x74680
0x2ecfbc	3	0x2ecfc8	0x746b0
0x2ecfbc	4	0x2ecfcc	0x7cbd0
0x2ecfbc	5	0x2ecfd0	0x746c0
0x2ecfbc	6	0x2ecfd4	0x7ce60
0x2ecfbc	7	0x2ecfd8	0x74730
0x2ecfbc	8	0x2ecfdc	0x7cf20
0x2ecfbc	9	0x2ecfe0	0x747b0
0x2ecfbc	10	0x2ecfe4	0x7d100
0x2ecfbc	11	0x2ecfe8	0x7d180
0x2ecfbc	12	0x2ecfec	0x74670
0x2ecfbc	13	0x2ecff0	0x7cba0
0x2ecff4	0	0x2ecff4	0x74320
0x2ecff4	1	0x2ecff8	0x754f0
0x2ecff4	2	0x2ecffc	0x74680
0x2ecff4	3	0x2ed000	0x75810
0x2ecff4	4	0x2ed004	0x75820
0x2ecff4	5	0x2ed008	0x746c0
0x2ecff4	6	0x2ed00c	0x75b20
0x2ecff4	7	0x2ed010	0x74730
0x2ecff4	8	0x2ed014	0x75dc0
0x2ecff4	9	0x2ed018	0x747b0
0x2ecff4	10	0x2ed01c	0x76260
0x2ecff4	11	0x2ed020	0x763e0
0x2ecff4	12	0x2ed024	0x74670
0x2ecff4	13	0x2ed028	0x757e0
0x2ed02c	0	0x2ed02c	0x74300
0x2ed02c	1	0x2ed030	0x74660
0x2ed02c	2	0x2ed034	0x74680
0x2ed02c	3	0x2ed038	0x746b0
0x2ed02c	4	0x2ed03c	0x74830
0x2ed02c	5	0x2ed040	0x746c0
0x2ed02c	6	0x2ed044	0x74b30
0x2ed02c	7	0x2ed048	0x74730
0x2ed02c	8	0x2ed04c	0x74d50
0x2ed02c	9	0x2ed050	0x747b0
0x2ed02c	10	0x2ed054	0x75120
0x2ed02c	11	0x2ed058	0x752d0
0x2ed02c	12	0x2ed05c	0x74670
0x2ed02c	13	0x2ed060	0x754d0
0x2ed064	0	0x2ed064	0x76600
0x2ed064	1	0x2ed068	0x76670
0x2ed064	2	0x2ed06c	0x767c0
0x2ed064	3	0x2ed070	0x75810
0x2ed064	4	0x2ed074	0x76940
0x2ed064	5	0x2ed078	0x746c0
0x2ed064	6	0x2ed07c	0x76c60
0x2ed064	7	0x2ed080	0x74730
0x2ed064	8	0x2ed084	0x76e70
0x2ed064	9	0x2ed088	0x747b0
0x2ed064	10	0x2ed08c	0x77320
0x2ed064	11	0x2ed090	0x77460
0x2ed064	12	0x2ed094	0x77240
0x2ed064	13	0x2ed098	0x76740
0x2ed09c	0	0x2ed09c	0x77660
0x2ed09c	1	0x2ed0a0	0x77760
0x2ed09c	2	0x2ed0a4	0x74680
0x2ed09c	3	0x2ed0a8	0x75810
0x2ed09c	4	0x2ed0ac	0x777c0
0x2ed09c	5	0x2ed0b0	0x746c0
0x2ed09c	6	0x2ed0b4	0x78570
0x2ed09c	7	0x2ed0b8	0x74730
0x2ed09c	8	0x2ed0bc	0x790e0
0x2ed09c	9	0x2ed0c0	0x747b0
0x2ed09c	10	0x2ed0c4	0x79c70
0x2ed09c	11	0x2ed0c8	0x79fe0
0x2ed09c	12	0x2ed0cc	0x777b0
0x2ed09c	13	0x2ed0d0	0x77790
0x2ed0d4	0	0x2ed0d4	0x7a420
0x2ed0d4	1	0x2ed0d8	0x7a4d0
0x2ed0d4	2	0x2ed0dc	0x74680
0x2ed0d4	3	0x2ed0e0	0x746b0
0x2ed0d4	4	0x2ed0e4	0x7a9d0
0x2ed0d4	5	0x2ed0e8	0x746c0
0x2ed0d4	6	0x2ed0ec	0x7b1e0
0x2ed0d4	7	0x2ed0f0	0x74730
0x2ed0d4	8	0x2ed0f4	0x7b5f0
0x2ed0d4	9	0x2ed0f8	0x747b0
0x2ed0d4	10	0x2ed0fc	0x7a5d0
0x2ed0d4	11	0x2ed100	0x7a7d0
0x2ed0d4	12	0x2ed104	0x74670
0x2ed0d4	13	0x2ed108	0x7a5b0
0x2ed10c	0	0x2ed10c	0x7bb90
0x2ed10c	1	0x2ed110	0x7bbc0
0x2ed10c	2	0x2ed114	0x74680
0x2ed10c	3	0x2ed118	0x746b0
0x2ed10c	4	0x2ed11c	0x7bdb0
0x2ed10c	5	0x2ed120	0x746c0
0x2ed10c	6	0x2ed124	0x7c0e0
0x2ed10c	7	0x2ed128	0x74730
0x2ed10c	8	0x2ed12c	0x7c210
0x2ed10c	9	0x2ed130	0x747b0
0x2ed10c	10	0x2ed134	0x7bc10
0x2ed10c	11	0x2ed138	0x7bcd0
0x2ed10c	12	0x2ed13c	0x74670
0x2ed10c	13	0x2ed140	0x754d0
0x2ed144	0	0x2ed144	0x7c5a0
0x2ed144	1	0x2ed148	0x7c610
0x2ed144	2	0x2ed14c	0x7c690
0x2ed144	3	0x2ed150	0x746b0
0x2ed144	4	0x2ed154	0x7c700
0x2ed144	5	0x2ed158	0x746c0
0x2ed144	6	0x2ed15c	0x7c710
0x2ed144	7	0x2ed160	0x74730
0x2ed144	8	0x2ed164	0x7c7d0
0x2ed144	9	0x2ed168	0x747b0
0x2ed144	10	0x2ed16c	0x7ca20
0x2ed144	11	0x2ed170	0x7caa0
0x2ed144	12	0x2ed174	0x7cb50
0x2ed144	13	0x2ed178	0x7c640
0x2ed180	0	0x2ed180	0x80810
0x2ed180	1	0x2ed184	0x80880
0x2ed180	2	0x2ed188	0x808d0
0x2ed180	3	0x2ed18c	0x746b0
0x2ed180	4	0x2ed190	0x7c700
0x2ed180	5	0x2ed194	0x746c0
0x2ed180	6	0x2ed198	0x80930
0x2ed180	7	0x2ed19c	0x74730
0x2ed180	8	0x2ed1a0	0x809f0
0x2ed180	9	0x2ed1a4	0x747b0
0x2ed180	10	0x2ed1a8	0x80c40
0x2ed180	11	0x2ed1ac	0x80cc0
0x2ed180	12	0x2ed1b0	0x7cb50
0x2ed180	13	0x2ed1b4	0x808b0
0x2ed1b8	0	0x2ed1b8	0x816e0
0x2ed1b8	1	0x2ed1bc	0x81920
0x2ed1b8	2	0x2ed1c0	0x25890
0x2ed1b8	3	0x2ed1c4	0x25890
0x2ed1b8	4	0x2ed1c8	0x81990
0x2ed1b8	5	0x2ed1cc	0xe3ef0
0x2ed1b8	6	0x2ed1d0	0x254d0
0x2ed1b8	7	0x2ed1d4	0x51f60
0x2ed1b8	8	0x2ed1d8	0x25890
0x2ed1b8	9	0x2ed1dc	0x25480
0x2ed1b8	10	0x2ed1e0	0x25520
0x2ed1b8	11	0x2ed1e4	0x25530
0x2ed1b8	12	0x2ed1e8	0x51f50
0x2ed1b8	13	0x2ed1ec	0x25540
0x2ed1b8	14	0x2ed1f0	0x25800
0x2ed1b8	15	0x2ed1f4	0x12a620
0x2ed1b8	16	0x2ed1f8	0x254a0
0x2ed1b8	17	0x2ed1fc	0x254b0
0x2ed1b8	18	0x2ed200	0xaa910
0x2ed1b8	19	0x2ed204	0xaa9a0
0x2ed1b8	20	0x2ed208	0xaa9b0
0x2ed1b8	21	0x2ed20c	0x81b90
0x2ed1b8	22	0x2ed210	0x81f90
0x2ed1b8	23	0x2ed214	0x81b40
0x2ed1b8	24	0x2ed218	0x81b60
0x2ed1b8	25	0x2ed21c	0xaaa40
0x2ed1b8	26	0x2ed220	0x29100
0x2ed1b8	27	0x2ed224	0x25890
0x2ed1b8	28	0x2ed228	0x81b80
0x2ed1b8	29	0x2ed22c	0xe69b0
0x2ed1b8	30	0x2ed230	0xe3f10
0x2ed1b8	31	0x2ed234	0x1ba900
0x2ed1b8	32	0x2ed238	0x1ba850
0x2ed1b8	33	0x2ed23c	0x25480
0x2ed1b8	34	0x2ed240	0x25490
0x2ed1b8	35	0x2ed244	0x25810
0x2ed1b8	36	0x2ed248	0xe4ba0
0x2ed1b8	37	0x2ed24c	0x25860
0x2ed1b8	38	0x2ed250	0x25870
0x2ed1b8	39	0x2ed254	0x52cb0
0x2ed1b8	40	0x2ed258	0x1ba850
0x2ed1b8	41	0x2ed25c	0x25890
0x2ed1b8	42	0x2ed260	0x1a4040
0x2ed1b8	43	0x2ed264	0xab3c0
0x2ed1b8	44	0x2ed268	0x83400
0x2ed1b8	45	0x2ed26c	0x82c90
0x2ed1b8	46	0x2ed270	0x82460
0x2ed1b8	47	0x2ed274	0xac4c0
0x2ed1b8	48	0x2ed278	0x19ed70
0x2ed1b8	49	0x2ed27c	0xe6960
0x2ed1b8	50	0x2ed280	0xe6910
0x2ed1b8	51	0x2ed284	0xacc20
0x2ed1b8	52	0x2ed288	0x19ed70
0x2ed1b8	53	0x2ed28c	0x12a620
0x2ed1b8	54	0x2ed290	0x12a620
0x2ed1b8	55	0x2ed294	0x12a620
0x2ed1b8	56	0x2ed298	0xaa900
0x2ed1b8	57	0x2ed29c	0xaa900
0x2ed1b8	58	0x2ed2a0	0x83d30
0x2ed1b8	59	0x2ed2a4	0xeef20
0x2ed1b8	60	0x2ed2a8	0xaaa80
0x2ed2b0	0	0x2ed2b0	0x84490
0x2ed2b0	1	0x2ed2b4	0x84610
0x2ed2b0	2	0x2ed2b8	0x25890
0x2ed2b0	3	0x2ed2bc	0x25890
0x2ed2b0	4	0x2ed2c0	0x846e0
0x2ed2b0	5	0x2ed2c4	0xaa440
0x2ed2b0	6	0x2ed2c8	0x254d0
0x2ed2b0	7	0x2ed2cc	0x51f60
0x2ed2b0	8	0x2ed2d0	0x25890
0x2ed2b0	9	0x2ed2d4	0x25480
0x2ed2b0	10	0x2ed2d8	0x25520
0x2ed2b0	11	0x2ed2dc	0x25530
0x2ed2b0	12	0x2ed2e0	0x51f50
0x2ed2b0	13	0x2ed2e4	0x25540
0x2ed2b0	14	0x2ed2e8	0x25800
0x2ed2b0	15	0x2ed2ec	0x12a620
0x2ed2b0	16	0x2ed2f0	0x254a0
0x2ed2b0	17	0x2ed2f4	0x254b0
0x2ed2b0	18	0x2ed2f8	0xaa910
0x2ed2b0	19	0x2ed2fc	0xaa9a0
0x2ed2b0	20	0x2ed300	0xaa9b0
0x2ed2b0	21	0x2ed304	0x860f0
0x2ed2b0	22	0x2ed308	0x862e0
0x2ed2b0	23	0x2ed30c	0x85670
0x2ed2b0	24	0x2ed310	0x85780
0x2ed2b0	25	0x2ed314	0xaaa40
0x2ed2b0	26	0x2ed318	0x29100
0x2ed2b0	27	0x2ed31c	0x25890
0x2ed2b0	28	0x2ed320	0x84690
0x2ed2b0	29	0x2ed324	0x29100
0x2ed2b0	30	0x2ed328	0xe3f10
0x2ed2b0	31	0x2ed32c	0x1ba900
0x2ed2b0	32	0x2ed330	0x1ba850
0x2ed2b0	33	0x2ed334	0x25480
0x2ed2b0	34	0x2ed338	0x25490
0x2ed2b0	35	0x2ed33c	0x25810
0x2ed2b0	36	0x2ed340	0xac5a0
0x2ed2b0	37	0x2ed344	0x25860
0x2ed2b0	38	0x2ed348	0x25870
0x2ed2b0	39	0x2ed34c	0x52cb0
0x2ed2b0	40	0x2ed350	0x1ba850
0x2ed2b0	41	0x2ed354	0x25890
0x2ed2b0	42	0x2ed358	0x1a4040
0x2ed2b0	43	0x2ed35c	0xab3c0
0x2ed2b0	44	0x2ed360	0x865e0
0x2ed2b0	45	0x2ed364	0x87170
0x2ed2b0	46	0x2ed368	0x879b0
0x2ed2b0	47	0x2ed36c	0xac4c0
0x2ed2b0	48	0x2ed370	0x19ed70
0x2ed2b0	49	0x2ed374	0x86550
0x2ed2b0	50	0x2ed378	0x86560
0x2ed2b0	51	0x2ed37c	0xacc20
0x2ed2b0	52	0x2ed380	0x19ed70
0x2ed2b0	53	0x2ed384	0x12a620
0x2ed2b0	54	0x2ed388	0x12a620
0x2ed2b0	55	0x2ed38c	0x12a620
0x2ed2b0	56	0x2ed390	0xaa900
0x2ed2b0	57	0x2ed394	0xaa900
0x2ed2b0	58	0x2ed398	0x857a0
0x2ed2b0	59	0x2ed39c	0x85690
0x2ed2b0	60	0x2ed3a0	0x865a0
0x2ed3b8	0	0x2ed3b8	0x887e0
0x2ed3b8	1	0x2ed3bc	0x88890
0x2ed3c0	0	0x2ed3c0	0x88af0
0x2ed3c0	1	0x2ed3c4	0x89030
0x2ed3c0	2	0x2ed3c8	0x25890
0x2ed3c0	3	0x2ed3cc	0x25890
0x2ed3c0	4	0x2ed3d0	0x89040
0x2ed3c0	5	0x2ed3d4	0x8b720
0x2ed3c0	6	0x2ed3d8	0x254d0
0x2ed3c0	7	0x2ed3dc	0x8b730
0x2ed3c0	8	0x2ed3e0	0x25890
0x2ed3c0	9	0x2ed3e4	0x25480
0x2ed3c0	10	0x2ed3e8	0x25520
0x2ed3c0	11	0x2ed3ec	0x25530
0x2ed3c0	12	0x2ed3f0	0x51f50
0x2ed3c0	13	0x2ed3f4	0x25540
0x2ed3c0	14	0x2ed3f8	0x25800
0x2ed3c0	15	0x2ed3fc	0x12a620
0x2ed3c0	16	0x2ed400	0x254a0
0x2ed3c0	17	0x2ed404	0x254b0
0x2ed3c0	18	0x2ed408	0xaa910
0x2ed3c0	19	0x2ed40c	0xaa9a0
0x2ed3c0	20	0x2ed410	0xaa9b0
0x2ed3c0	21	0x2ed414	0x89740
0x2ed3c0	22	0x2ed418	0x89850
0x2ed3c0	23	0x2ed41c	0x89650
0x2ed3c0	24	0x2ed420	0x89670
0x2ed3c0	25	0x2ed424	0xaaa40
0x2ed3c0	26	0x2ed428	0x29100
0x2ed3c0	27	0x2ed42c	0x25890
0x2ed3c0	28	0x2ed430	0xe2d70
0x2ed3c0	29	0x2ed434	0x29100
0x2ed3c0	30	0x2ed438	0xe3f10
0x2ed3c0	31	0x2ed43c	0x1ba900
0x2ed3c0	32	0x2ed440	0x1ba850
0x2ed3c0	33	0x2ed444	0x25480
0x2ed3c0	34	0x2ed448	0x25490
0x2ed3c0	35	0x2ed44c	0x25810
0x2ed3c0	36	0x2ed450	0xac5a0
0x2ed3c0	37	0x2ed454	0x25860
0x2ed3c0	38	0x2ed458	0x25870
0x2ed3c0	39	0x2ed45c	0x52cb0
0x2ed3c0	40	0x2ed460	0x1ba850
0x2ed3c0	41	0x2ed464	0x25890
0x2ed3c0	42	0x2ed468	0x1a4040
0x2ed3c0	43	0x2ed46c	0xab3c0
0x2ed3c0	44	0x2ed470	0x89a90
0x2ed3c0	45	0x2ed474	0x89d80
0x2ed3c0	46	0x2ed478	0x8a2a0
0x2ed3c0	47	0x2ed47c	0xac4c0
0x2ed3c0	48	0x2ed480	0x19ed70
0x2ed3c0	49	0x2ed484	0x8b6c0
0x2ed3c0	50	0x2ed488	0x8b6f0
0x2ed3c0	51	0x2ed48c	0xacc20
0x2ed3c0	52	0x2ed490	0x8a690
0x2ed3c0	53	0x2ed494	0x8bae0
0x2ed3c0	54	0x2ed498	0x12a620
0x2ed3c0	55	0x2ed49c	0x12a620
0x2ed3c0	56	0x2ed4a0	0xaa900
0x2ed3c0	57	0x2ed4a4	0xaa900
0x2ed3c0	58	0x2ed4a8	0x896d0
0x2ed3c0	59	0x2ed4ac	0x29100
0x2ed3c0	60	0x2ed4b0	0x89a20
0x2ed3c0	61	0x2ed4b4	0x88fd0
0x2ed3c0	62	0x2ed4b8	0x88ff0
0x2ed3c0	63	0x2ed4bc	0x89a50
0x2ed3c0	64	0x2ed4c0	0x89a80
0x2ed3c0	65	0x2ed4c4	0x8baf0
0x2ed3c0	66	0x2ed4c8	0x8bb20
0x2ed3c0	67	0x2ed4cc	0x8bb30
0x2ed3c0	68	0x2ed4d0	0x8a6e0
0x2ed3c0	69	0x2ed4d4	0x8a700
0x2ed3c0	70	0x2ed4d8	0x8b790
0x2ed3c0	71	0x2ed4dc	0x8bb40
0x2ed4e8	0	0x2ed4e8	0x8bdd0
0x2ed4e8	1	0x2ed4ec	0x8bff0
0x2ed4e8	2	0x2ed4f0	0x25890
0x2ed4e8	3	0x2ed4f4	0x8c000
0x2ed4e8	4	0x2ed4f8	0x8c060
0x2ed4e8	5	0x2ed4fc	0xaa440
0x2ed4e8	6	0x2ed500	0x254d0
0x2ed4e8	7	0x2ed504	0x51f60
0x2ed4e8	8	0x2ed508	0x8c080
0x2ed4e8	9	0x2ed50c	0x25480
0x2ed4e8	10	0x2ed510	0x25520
0x2ed4e8	11	0x2ed514	0x25530
0x2ed4e8	12	0x2ed518	0x51f50
0x2ed4e8	13	0x2ed51c	0x25540
0x2ed4e8	14	0x2ed520	0x25800
0x2ed4e8	15	0x2ed524	0x12a620
0x2ed4e8	16	0x2ed528	0x254a0
0x2ed4e8	17	0x2ed52c	0x254b0
0x2ed4e8	18	0x2ed530	0xaa910
0x2ed4e8	19	0x2ed534	0xaa9a0
0x2ed4e8	20	0x2ed538	0xaa9b0
0x2ed4e8	21	0x2ed53c	0x19ed70
0x2ed4e8	22	0x2ed540	0x8c0a0
0x2ed4e8	23	0x2ed544	0x29100
0x2ed4e8	24	0x2ed548	0x29100
0x2ed4e8	25	0x2ed54c	0xaaa40
0x2ed4e8	26	0x2ed550	0x29100
0x2ed4e8	27	0x2ed554	0x25890
0x2ed4e8	28	0x2ed558	0x29100
0x2ed4e8	29	0x2ed55c	0x29100
0x2ed4e8	30	0x2ed560	0xe3f10
0x2ed4e8	31	0x2ed564	0x1ba900
0x2ed4e8	32	0x2ed568	0x1ba850
0x2ed4e8	33	0x2ed56c	0x25480
0x2ed4e8	34	0x2ed570	0x25490
0x2ed4e8	35	0x2ed574	0x25810
0x2ed4e8	36	0x2ed578	0xac5a0
0x2ed4e8	37	0x2ed57c	0x25860
0x2ed4e8	38	0x2ed580	0x25870
0x2ed4e8	39	0x2ed584	0x52cb0
0x2ed4e8	40	0x2ed588	0x1ba850
0x2ed4e8	41	0x2ed58c	0x25890
0x2ed4e8	42	0x2ed590	0x8c090
0x2ed4e8	43	0x2ed594	0xab3c0
0x2ed4e8	44	0x2ed598	0x8c260
0x2ed4e8	45	0x2ed59c	0x8c690
0x2ed4e8	46	0x2ed5a0	0x8d4a0
0x2ed4e8	47	0x2ed5a4	0xac4c0
0x2ed4e8	48	0x2ed5a8	0x19ed70
0x2ed4e8	49	0x2ed5ac	0x8e6d0
0x2ed4e8	50	0x2ed5b0	0xac540
0x2ed4e8	51	0x2ed5b4	0xacc20
0x2ed4e8	52	0x2ed5b8	0x19ed70
0x2ed4e8	53	0x2ed5bc	0x12a620
0x2ed4e8	54	0x2ed5c0	0x12a620
0x2ed4e8	55	0x2ed5c4	0x12a620
0x2ed4e8	56	0x2ed5c8	0xaa900
0x2ed4e8	57	0x2ed5cc	0xaa900
0x2ed4e8	58	0x2ed5d0	0x29100
0x2ed4e8	59	0x2ed5d4	0x29100
0x2ed4e8	60	0x2ed5d8	0xaaa80
0x2ed5e0	0	0x2ed5e0	0x8e8a0
0x2ed5e0	1	0x2ed5e4	0x8eb30
0x2ed5e0	2	0x2ed5e8	0x25890
0x2ed5e0	3	0x2ed5ec	0x8ec50
0x2ed5e0	4	0x2ed5f0	0x8ede0
0x2ed5e0	5	0x2ed5f4	0xaa440
0x2ed5e0	6	0x2ed5f8	0x254d0
0x2ed5e0	7	0x2ed5fc	0x51f60
0x2ed5e0	8	0x2ed600	0x25890
0x2ed5e0	9	0x2ed604	0x25480
0x2ed5e0	10	0x2ed608	0x25520
0x2ed5e0	11	0x2ed60c	0x25530
0x2ed5e0	12	0x2ed610	0x51f50
0x2ed5e0	13	0x2ed614	0x90f30
0x2ed5e0	14	0x2ed618	0x25800
0x2ed5e0	15	0x2ed61c	0xd1c00
0x2ed5e0	16	0x2ed620	0x254a0
0x2ed5e0	17	0x2ed624	0x254b0
0x2ed5e0	18	0x2ed628	0xaa910
0x2ed5e0	19	0x2ed62c	0xaa9a0
0x2ed5e0	20	0x2ed630	0xaa9b0
0x2ed5e0	21	0x2ed634	0x90db0
0x2ed5e0	22	0x2ed638	0x90960
0x2ed5e0	23	0x2ed63c	0x904a0
0x2ed5e0	24	0x2ed640	0x90590
0x2ed5e0	25	0x2ed644	0xaaa40
0x2ed5e0	26	0x2ed648	0x90240
0x2ed5e0	27	0x2ed64c	0x25890
0x2ed5e0	28	0x2ed650	0x8f8b0
0x2ed5e0	29	0x2ed654	0x8fb20
0x2ed5e0	30	0x2ed658	0x93840
0x2ed5e0	31	0x2ed65c	0x1ba900
0x2ed5e0	32	0x2ed660	0x1ba850
0x2ed5e0	33	0x2ed664	0x25480
0x2ed5e0	34	0x2ed668	0x25490
0x2ed5e0	35	0x2ed66c	0x25810
0x2ed5e0	36	0x2ed670	0xac5a0
0x2ed5e0	37	0x2ed674	0x25860
0x2ed5e0	38	0x2ed678	0x25870
0x2ed5e0	39	0x2ed67c	0x52cb0
0x2ed5e0	40	0x2ed680	0xd0b80
0x2ed5e0	41	0x2ed684	0x8edc0
0x2ed5e0	42	0x2ed688	0x901c0
0x2ed5e0	43	0x2ed68c	0xab3c0
0x2ed5e0	44	0x2ed690	0x91b00
0x2ed5e0	45	0x2ed694	0x92050
0x2ed5e0	46	0x2ed698	0x92ad0
0x2ed5e0	47	0x2ed69c	0xd0c10
0x2ed5e0	48	0x2ed6a0	0x19ed70
0x2ed5e0	49	0x2ed6a4	0xac510
0x2ed5e0	50	0x2ed6a8	0xac540
0x2ed5e0	51	0x2ed6ac	0xacc20
0x2ed5e0	52	0x2ed6b0	0x908e0
0x2ed5e0	53	0x2ed6b4	0x90920
0x2ed5e0	54	0x2ed6b8	0x90940
0x2ed5e0	55	0x2ed6bc	0xd1fd0
0x2ed5e0	56	0x2ed6c0	0xaa900
0x2ed5e0	57	0x2ed6c4	0xaa900
0x2ed5e0	58	0x2ed6c8	0x29100
0x2ed5e0	59	0x2ed6cc	0x29100
0x2ed5e0	60	0x2ed6d0	0xaaa80
0x2ed5e0	61	0x2ed6d4	0xd0be0
0x2ed5e0	62	0x2ed6d8	0x12a620
0x2ed5e0	63	0x2ed6dc	0xd0c50
0x2ed5e0	64	0x2ed6e0	0x25890
0x2ed5e0	65	0x2ed6e4	0xd1c10
0x2ed5e0	66	0x2ed6e8	0xd1c60
0x2ed5e0	67	0x2ed6ec	0x90100
0x2ed5e0	68	0x2ed6f0	0x900e0
0x2ed700	0	0x2ed700	0x93b40
0x2ed700	1	0x2ed704	0x25890
0x2ed700	2	0x2ed708	0x93b70
0x2ed700	3	0x2ed70c	0x25890
0x2ed700	4	0x2ed710	0x942d0
0x2ed700	5	0x2ed714	0xaa440
0x2ed700	6	0x2ed718	0x254d0
0x2ed700	7	0x2ed71c	0x51f60
0x2ed700	8	0x2ed720	0x25890
0x2ed700	9	0x2ed724	0x25480
0x2ed700	10	0x2ed728	0x94650
0x2ed700	11	0x2ed72c	0x25530
0x2ed700	12	0x2ed730	0x51f50
0x2ed700	13	0x2ed734	0x25540
0x2ed700	14	0x2ed738	0x25800
0x2ed700	15	0x2ed73c	0x12a620
0x2ed700	16	0x2ed740	0x254a0
0x2ed700	17	0x2ed744	0x254b0
0x2ed700	18	0x2ed748	0xaa910
0x2ed700	19	0x2ed74c	0xaa9a0
0x2ed700	20	0x2ed750	0xaa9b0
0x2ed700	21	0x2ed754	0x93ff0
0x2ed700	22	0x2ed758	0x94130
0x2ed700	23	0x2ed75c	0xaaa40
0x2ed700	24	0x2ed760	0x93f70
0x2ed700	25	0x2ed764	0xaaa40
0x2ed700	26	0x2ed768	0x29100
0x2ed700	27	0x2ed76c	0x25890
0x2ed700	28	0x2ed770	0x94700
0x2ed700	29	0x2ed774	0x29100
0x2ed700	30	0x2ed778	0xe3f10
0x2ed700	31	0x2ed77c	0x1ba900
0x2ed700	32	0x2ed780	0x1ba850
0x2ed700	33	0x2ed784	0x25480
0x2ed700	34	0x2ed788	0x25490
0x2ed700	35	0x2ed78c	0x25810
0x2ed700	36	0x2ed790	0xac5a0
0x2ed700	37	0x2ed794	0x25860
0x2ed700	38	0x2ed798	0x25870
0x2ed700	39	0x2ed79c	0x52cb0
0x2ed700	40	0x2ed7a0	0x1ba850
0x2ed700	41	0x2ed7a4	0x25890
0x2ed700	42	0x2ed7a8	0x1a4040
0x2ed700	43	0x2ed7ac	0xab3c0
0x2ed700	44	0x2ed7b0	0x94930
0x2ed700	45	0x2ed7b4	0x94f30
0x2ed700	46	0x2ed7b8	0x95790
0x2ed700	47	0x2ed7bc	0xac4c0
0x2ed700	48	0x2ed7c0	0x19ed70
0x2ed700	49	0x2ed7c4	0x95f90
0x2ed700	50	0x2ed7c8	0x95fc0
0x2ed700	51	0x2ed7cc	0xacc20
0x2ed700	52	0x2ed7d0	0x19ed70
0x2ed700	53	0x2ed7d4	0x12a620
0x2ed700	54	0x2ed7d8	0x12a620
0x2ed700	55	0x2ed7dc	0x12a620
0x2ed700	56	0x2ed7e0	0xaa900
0x2ed700	57	0x2ed7e4	0xaa900
0x2ed700	58	0x2ed7e8	0x29100
0x2ed700	59	0x2ed7ec	0x29100
0x2ed700	60	0x2ed7f0	0xaaa80
0x2ed7f8	0	0x2ed7f8	0x96130
0x2ed7f8	1	0x2ed7fc	0x96170
0x2ed7f8	2	0x2ed800	0x25890
0x2ed7f8	3	0x2ed804	0x25890
0x2ed7f8	4	0x2ed808	0xaa420
0x2ed7f8	5	0x2ed80c	0xaa440
0x2ed7f8	6	0x2ed810	0x254d0
0x2ed7f8	7	0x2ed814	0x51f60
0x2ed7f8	8	0x2ed818	0x25890
0x2ed7f8	9	0x2ed81c	0x25480
0x2ed7f8	10	0x2ed820	0x25520
0x2ed7f8	11	0x2ed824	0x25530
0x2ed7f8	12	0x2ed828	0x51f50
0x2ed7f8	13	0x2ed82c	0x25540
0x2ed7f8	14	0x2ed830	0x25800
0x2ed7f8	15	0x2ed834	0x12a620
0x2ed7f8	16	0x2ed838	0x254a0
0x2ed7f8	17	0x2ed83c	0x254b0
0x2ed7f8	18	0x2ed840	0xaa910
0x2ed7f8	19	0x2ed844	0xaa9a0
0x2ed7f8	20	0x2ed848	0xaa9b0
0x2ed7f8	21	0x2ed84c	0x966c0
0x2ed7f8	22	0x2ed850	0x961e0
0x2ed7f8	23	0x2ed854	0x961c0
0x2ed7f8	24	0x2ed858	0x961d0
0x2ed7f8	25	0x2ed85c	0xaaa40
0x2ed7f8	26	0x2ed860	0x29100
0x2ed7f8	27	0x2ed864	0x25890
0x2ed7f8	28	0x2ed868	0xe2d70
0x2ed7f8	29	0x2ed86c	0x29100
0x2ed7f8	30	0x2ed870	0xe3f10
0x2ed7f8	31	0x2ed874	0x1ba900
0x2ed7f8	32	0x2ed878	0x1ba850
0x2ed7f8	33	0x2ed87c	0x25480
0x2ed7f8	34	0x2ed880	0x25490
0x2ed7f8	35	0x2ed884	0x25810
0x2ed7f8	36	0x2ed888	0xac5a0
0x2ed7f8	37	0x2ed88c	0x25860
0x2ed7f8	38	0x2ed890	0x25870
0x2ed7f8	39	0x2ed894	0x52cb0
0x2ed7f8	40	0x2ed898	0x1ba850
0x2ed7f8	41	0x2ed89c	0x25890
0x2ed7f8	42	0x2ed8a0	0x1a4040
0x2ed7f8	43	0x2ed8a4	0xab3c0
0x2ed7f8	44	0x2ed8a8	0x96270
0x2ed7f8	45	0x2ed8ac	0x96280
0x2ed7f8	46	0x2ed8b0	0x96290
0x2ed7f8	47	0x2ed8b4	0xac4c0
0x2ed7f8	48	0x2ed8b8	0x19ed70
0x2ed7f8	49	0x2ed8bc	0xac510
0x2ed7f8	50	0x2ed8c0	0xac540
0x2ed7f8	51	0x2ed8c4	0xacc20
0x2ed7f8	52	0x2ed8c8	0x19ed70
0x2ed7f8	53	0x2ed8cc	0x12a620
0x2ed7f8	54	0x2ed8d0	0x12a620
0x2ed7f8	55	0x2ed8d4	0x12a620
0x2ed7f8	56	0x2ed8d8	0xaa900
0x2ed7f8	57	0x2ed8dc	0xaa900
0x2ed7f8	58	0x2ed8e0	0x29100
0x2ed7f8	59	0x2ed8e4	0x29100
0x2ed7f8	60	0x2ed8e8	0xaaa80
0x2ed8f0	0	0x2ed8f0	0x96300
0x2ed8f0	1	0x2ed8f4	0x96390
0x2ed8f0	2	0x2ed8f8	0x25890
0x2ed8f0	3	0x2ed8fc	0x25890
0x2ed8f0	4	0x2ed900	0xaa420
0x2ed8f0	5	0x2ed904	0xaa440
0x2ed8f0	6	0x2ed908	0x254d0
0x2ed8f0	7	0x2ed90c	0x51f60
0x2ed8f0	8	0x2ed910	0x25890
0x2ed8f0	9	0x2ed914	0x25480
0x2ed8f0	10	0x2ed918	0x25520
0x2ed8f0	11	0x2ed91c	0x25530
0x2ed8f0	12	0x2ed920	0x51f50
0x2ed8f0	13	0x2ed924	0x25540
0x2ed8f0	14	0x2ed928	0x25800
0x2ed8f0	15	0x2ed92c	0x12a620
0x2ed8f0	16	0x2ed930	0x254a0
0x2ed8f0	17	0x2ed934	0x254b0
0x2ed8f0	18	0x2ed938	0xaa910
0x2ed8f0	19	0x2ed93c	0xaa9a0
0x2ed8f0	20	0x2ed940	0xaa9b0
0x2ed8f0	21	0x2ed944	0x966c0
0x2ed8f0	22	0x2ed948	0x96700
0x2ed8f0	23	0x2ed94c	0x96640
0x2ed8f0	24	0x2ed950	0x4fc80
0x2ed8f0	25	0x2ed954	0xaaa40
0x2ed8f0	26	0x2ed958	0x29100
0x2ed8f0	27	0x2ed95c	0x25890
0x2ed8f0	28	0x2ed960	0xe2d70
0x2ed8f0	29	0x2ed964	0x29100
0x2ed8f0	30	0x2ed968	0xe3f10
0x2ed8f0	31	0x2ed96c	0x1ba900
0x2ed8f0	32	0x2ed970	0x1ba850
0x2ed8f0	33	0x2ed974	0x25480
0x2ed8f0	34	0x2ed978	0x25490
0x2ed8f0	35	0x2ed97c	0x25810
0x2ed8f0	36	0x2ed980	0xac5a0
0x2ed8f0	37	0x2ed984	0x25860
0x2ed8f0	38	0x2ed988	0x25870
0x2ed8f0	39	0x2ed98c	0x52cb0
0x2ed8f0	40	0x2ed990	0x1ba850
0x2ed8f0	41	0x2ed994	0x25890
0x2ed8f0	42	0x2ed998	0x1a4040
0x2ed8f0	43	0x2ed99c	0xab3c0
0x2ed8f0	44	0x2ed9a0	0x96790
0x2ed8f0	45	0x2ed9a4	0x96bd0
0x2ed8f0	46	0x2ed9a8	0x970b0
0x2ed8f0	47	0x2ed9ac	0xac4c0
0x2ed8f0	48	0x2ed9b0	0x19ed70
0x2ed8f0	49	0x2ed9b4	0xac510
0x2ed8f0	50	0x2ed9b8	0xac540
0x2ed8f0	51	0x2ed9bc	0xacc20
0x2ed8f0	52	0x2ed9c0	0x19ed70
0x2ed8f0	53	0x2ed9c4	0x12a620
0x2ed8f0	54	0x2ed9c8	0x12a620
0x2ed8f0	55	0x2ed9cc	0x12a620
0x2ed8f0	56	0x2ed9d0	0xaa900
0x2ed8f0	57	0x2ed9d4	0xaa900
0x2ed8f0	58	0x2ed9d8	0x29100
0x2ed8f0	59	0x2ed9dc	0x29100
0x2ed8f0	60	0x2ed9e0	0xaaa80
0x2ed9e8	0	0x2ed9e8	0x974c0
0x2ed9e8	1	0x2ed9ec	0x97670
0x2ed9e8	2	0x2ed9f0	0x25890
0x2ed9e8	3	0x2ed9f4	0x25890
0x2ed9e8	4	0x2ed9f8	0x978c0
0x2ed9e8	5	0x2ed9fc	0xaa440
0x2ed9e8	6	0x2eda00	0x254d0
0x2ed9e8	7	0x2eda04	0x51f60
0x2ed9e8	8	0x2eda08	0x25890
0x2ed9e8	9	0x2eda0c	0x25480
0x2ed9e8	10	0x2eda10	0x25520
0x2ed9e8	11	0x2eda14	0x25530
0x2ed9e8	12	0x2eda18	0x51f50
0x2ed9e8	13	0x2eda1c	0x25540
0x2ed9e8	14	0x2eda20	0x25800
0x2ed9e8	15	0x2eda24	0x12a620
0x2ed9e8	16	0x2eda28	0x254a0
0x2ed9e8	17	0x2eda2c	0x254b0
0x2ed9e8	18	0x2eda30	0xaa910
0x2ed9e8	19	0x2eda34	0xaa9a0
0x2ed9e8	20	0x2eda38	0xaa9b0
0x2ed9e8	21	0x2eda3c	0x997c0
0x2ed9e8	22	0x2eda40	0x99930
0x2ed9e8	23	0x2eda44	0x138de0
0x2ed9e8	24	0x2eda48	0x138ef0
0x2ed9e8	25	0x2eda4c	0xaaa40
0x2ed9e8	26	0x2eda50	0x29100
0x2ed9e8	27	0x2eda54	0x25890
0x2ed9e8	28	0x2eda58	0xe2d70
0x2ed9e8	29	0x2eda5c	0x29100
0x2ed9e8	30	0x2eda60	0xe3f10
0x2ed9e8	31	0x2eda64	0x1ba900
0x2ed9e8	32	0x2eda68	0x1ba850
0x2ed9e8	33	0x2eda6c	0x25480
0x2ed9e8	34	0x2eda70	0x25490
0x2ed9e8	35	0x2eda74	0x25810
0x2ed9e8	36	0x2eda78	0xac5a0
0x2ed9e8	37	0x2eda7c	0x25860
0x2ed9e8	38	0x2eda80	0x25870
0x2ed9e8	39	0x2eda84	0x52cb0
0x2ed9e8	40	0x2eda88	0x1ba850
0x2ed9e8	41	0x2eda8c	0x25890
0x2ed9e8	42	0x2eda90	0x1a4040
0x2ed9e8	43	0x2eda94	0xab3c0
0x2ed9e8	44	0x2eda98	0x97e30
0x2ed9e8	45	0x2eda9c	0x98280
0x2ed9e8	46	0x2edaa0	0x98fa0
0x2ed9e8	47	0x2edaa4	0xac4c0
0x2ed9e8	48	0x2edaa8	0x19ed70
0x2ed9e8	49	0x2edaac	0xac510
0x2ed9e8	50	0x2edab0	0xac540
0x2ed9e8	51	0x2edab4	0xacc20
0x2ed9e8	52	0x2edab8	0x19ed70
0x2ed9e8	53	0x2edabc	0x12a620
0x2ed9e8	54	0x2edac0	0x12a620
0x2ed9e8	55	0x2edac4	0x12a620
0x2ed9e8	56	0x2edac8	0xaa900
0x2ed9e8	57	0x2edacc	0xaa900
0x2ed9e8	58	0x2edad0	0x977e0
0x2ed9e8	59	0x2edad4	0x976f0
0x2ed9e8	60	0x2edad8	0xe30c0
0x2edae0	0	0x2edae0	0x99ff0
0x2edae0	1	0x2edae4	0x9a140
0x2edae0	2	0x2edae8	0x25890
0x2edae0	3	0x2edaec	0x25890
0x2edae0	4	0x2edaf0	0x9a1e0
0x2edae0	5	0x2edaf4	0xaa440
0x2edae0	6	0x2edaf8	0x254d0
0x2edae0	7	0x2edafc	0x51f60
0x2edae0	8	0x2edb00	0x25890
0x2edae0	9	0x2edb04	0x25480
0x2edae0	10	0x2edb08	0x25520
0x2edae0	11	0x2edb0c	0x25530
0x2edae0	12	0x2edb10	0x51f50
0x2edae0	13	0x2edb14	0x25540
0x2edae0	14	0x2edb18	0x25800
0x2edae0	15	0x2edb1c	0x12a620
0x2edae0	16	0x2edb20	0x254a0
0x2edae0	17	0x2edb24	0x254b0
0x2edae0	18	0x2edb28	0xaa910
0x2edae0	19	0x2edb2c	0xaa9a0
0x2edae0	20	0x2edb30	0xaa9b0
0x2edae0	21	0x2edb34	0x9a3e0
0x2edae0	22	0x2edb38	0x9a460
0x2edae0	23	0x2edb3c	0x9a200
0x2edae0	24	0x2edb40	0x9a320
0x2edae0	25	0x2edb44	0xaaa40
0x2edae0	26	0x2edb48	0x29100
0x2edae0	27	0x2edb4c	0x25890
0x2edae0	28	0x2edb50	0x29100
0x2edae0	29	0x2edb54	0x29100
0x2edae0	30	0x2edb58	0xe3f10
0x2edae0	31	0x2edb5c	0x1ba900
0x2edae0	32	0x2edb60	0x1ba850
0x2edae0	33	0x2edb64	0x25480
0x2edae0	34	0x2edb68	0x25490
0x2edae0	35	0x2edb6c	0x25810
0x2edae0	36	0x2edb70	0xac5a0
0x2edae0	37	0x2edb74	0x25860
0x2edae0	38	0x2edb78	0x25870
0x2edae0	39	0x2edb7c	0x52cb0
0x2edae0	40	0x2edb80	0x1ba850
0x2edae0	41	0x2edb84	0x25890
0x2edae0	42	0x2edb88	0x1a4040
0x2edae0	43	0x2edb8c	0xab3c0
0x2edae0	44	0x2edb90	0x9a5b0
0x2edae0	45	0x2edb94	0x9a810
0x2edae0	46	0x2edb98	0x9a890
0x2edae0	47	0x2edb9c	0xac4c0
0x2edae0	48	0x2edba0	0x19ed70
0x2edae0	49	0x2edba4	0xac510
0x2edae0	50	0x2edba8	0xac540
0x2edae0	51	0x2edbac	0xacc20
0x2edae0	52	0x2edbb0	0x19ed70
0x2edae0	53	0x2edbb4	0x12a620
0x2edae0	54	0x2edbb8	0x12a620
0x2edae0	55	0x2edbbc	0x12a620
0x2edae0	56	0x2edbc0	0xaa900
0x2edae0	57	0x2edbc4	0xaa900
0x2edae0	58	0x2edbc8	0x9a340
0x2edae0	59	0x2edbcc	0x9a220
0x2edae0	60	0x2edbd0	0xaaa80
0x2edbdc	0	0x2edbdc	0x9be50
0x2edbdc	1	0x2edbe0	0x9be70
0x2edbdc	2	0x2edbe4	0x9cd40
0x2edbdc	3	0x2edbe8	0x9bef0
0x2edbdc	4	0x2edbec	0x29100
0x2edbf0	0	0x2edbf0	0x9d000
0x2edbf0	1	0x2edbf4	0x2c080d
0x2edbf0	2	0x2edbf8	0x1bb180
0x2edc0c	0	0x2edc0c	0x9be50
0x2edc0c	1	0x2edc10	0x9d040
0x2edc0c	2	0x2edc14	0x1bb180
0x2edc0c	3	0x2edc18	0x9d3f0
0x2edc20	0	0x2edc20	0x9d700
0x2edc20	1	0x2edc24	0x9d890
0x2edc20	2	0x2edc28	0x25890
0x2edc20	3	0x2edc2c	0x25890
0x2edc20	4	0x2edc30	0xaa420
0x2edc20	5	0x2edc34	0xaa440
0x2edc20	6	0x2edc38	0x254d0
0x2edc20	7	0x2edc3c	0x51f60
0x2edc20	8	0x2edc40	0x25890
0x2edc20	9	0x2edc44	0x25480
0x2edc20	10	0x2edc48	0x25520
0x2edc20	11	0x2edc4c	0x25530
0x2edc20	12	0x2edc50	0x51f50
0x2edc20	13	0x2edc54	0x25540
0x2edc20	14	0x2edc58	0x25800
0x2edc20	15	0x2edc5c	0x12a620
0x2edc20	16	0x2edc60	0x254a0
0x2edc20	17	0x2edc64	0x254b0
0x2edc20	18	0x2edc68	0xaa910
0x2edc20	19	0x2edc6c	0xaa9a0
0x2edc20	20	0x2edc70	0xaa9b0
0x2edc20	21	0x2edc74	0x9e130
0x2edc20	22	0x2edc78	0x9e1a0
0x2edc20	23	0x2edc7c	0xaaa40
0x2edc20	24	0x2edc80	0x29100
0x2edc20	25	0x2edc84	0xaaa40
0x2edc20	26	0x2edc88	0x29100
0x2edc20	27	0x2edc8c	0x25890
0x2edc20	28	0x2edc90	0xe2d70
0x2edc20	29	0x2edc94	0x29100
0x2edc20	30	0x2edc98	0xe3f10
0x2edc20	31	0x2edc9c	0x1ba900
0x2edc20	32	0x2edca0	0x1ba850
0x2edc20	33	0x2edca4	0x25480
0x2edc20	34	0x2edca8	0x25490
0x2edc20	35	0x2edcac	0x25810
0x2edc20	36	0x2edcb0	0xac5a0
0x2edc20	37	0x2edcb4	0x25860
0x2edc20	38	0x2edcb8	0x25870
0x2edc20	39	0x2edcbc	0x52cb0
0x2edc20	40	0x2edcc0	0x1ba850
0x2edc20	41	0x2edcc4	0x25890
0x2edc20	42	0x2edcc8	0x1a4040
0x2edc20	43	0x2edccc	0xab3c0
0x2edc20	44	0x2edcd0	0x9e290
0x2edc20	45	0x2edcd4	0x9e730
0x2edc20	46	0x2edcd8	0x9e950
0x2edc20	47	0x2edcdc	0xac4c0
0x2edc20	48	0x2edce0	0x19ed70
0x2edc20	49	0x2edce4	0xac510
0x2edc20	50	0x2edce8	0xac540
0x2edc20	51	0x2edcec	0xacc20
0x2edc20	52	0x2edcf0	0x19ed70
0x2edc20	53	0x2edcf4	0x12a620
0x2edc20	54	0x2edcf8	0x12a620
0x2edc20	55	0x2edcfc	0x12a620
0x2edc20	56	0x2edd00	0xaa900
0x2edc20	57	0x2edd04	0xaa900
0x2edc20	58	0x2edd08	0x9d960
0x2edc20	59	0x2edd0c	0x29100
0x2edc20	60	0x2edd10	0xaaa80
0x2edd20	0	0x2edd20	0x9f250
0x2edd20	1	0x2edd24	0x9f4c0
0x2edd20	2	0x2edd28	0xa3690
0x2edd20	3	0x2edd2c	0xa3710
0x2edd20	4	0x2edd30	0xa14c0
0x2edd20	5	0x2edd34	0xa6440
0x2edd20	6	0x2edd38	0x254d0
0x2edd20	7	0x2edd3c	0xa65b0
0x2edd20	8	0x2edd40	0xa0f40
0x2edd20	9	0x2edd44	0x25950
0x2edd20	10	0x2edd48	0x25520
0x2edd20	11	0x2edd4c	0x25530
0x2edd20	12	0x2edd50	0x51f50
0x2edd20	13	0x2edd54	0x25540
0x2edd20	14	0x2edd58	0x25800
0x2edd20	15	0x2edd5c	0x12a620
0x2edd20	16	0x2edd60	0x254a0
0x2edd20	17	0x2edd64	0x254b0
0x2edd20	18	0x2edd68	0xaa910
0x2edd20	19	0x2edd6c	0xaa9a0
0x2edd20	20	0x2edd70	0xaa9b0
0x2edd20	21	0x2edd74	0xaa650
0x2edd20	22	0x2edd78	0xa5a70
0x2edd20	23	0x2edd7c	0x1a860
0x2edd20	24	0x2edd80	0xa3d90
0x2edd20	25	0x2edd84	0x1a860
0x2edd20	26	0x2edd88	0x29100
0x2edd20	27	0x2edd8c	0xa40c0
0x2edd20	28	0x2edd90	0xa60c0
0x2edd20	29	0x2edd94	0xa6420
0x2edd20	30	0x2edd98	0xa4610
0x2edd20	31	0x2edd9c	0xa5080
0x2edd20	32	0x2edda0	0x1ba850
0x2edd20	33	0x2edda4	0x25480
0x2edd20	34	0x2edda8	0x25490
0x2edd20	35	0x2eddac	0x25810
0x2edd20	36	0x2eddb0	0xac5a0
0x2edd20	37	0x2eddb4	0x25860
0x2edd20	38	0x2eddb8	0x25870
0x2edd20	39	0x2eddbc	0xa6430
0x2edd20	40	0x2eddc0	0x9f4a0
0x2edd20	41	0x2eddc4	0x25890
0x2edd20	42	0x2eddc8	0xa3540
0x2edd20	43	0x2eddcc	0x68330
0x2edd20	44	0x2eddd0	0xa6d10
0x2edd20	45	0x2eddd4	0xa73c0
0x2edd20	46	0x2eddd8	0xa8190
0x2edd20	47	0x2edddc	0xac4c0
0x2edd20	48	0x2edde0	0x19ed70
0x2edd20	49	0x2edde4	0x9f480
0x2edd20	50	0x2edde8	0xa9870
0x2edd20	51	0x2eddec	0xacc20
0x2edd20	52	0x2eddf0	0xa6090
0x2edd20	53	0x2eddf4	0xa60a0
0x2edd20	54	0x2eddf8	0xa60b0
0x2edd20	55	0x2eddfc	0x12a620
0x2edd20	56	0x2ede00	0xaa900
0x2edd20	57	0x2ede04	0xaa900
0x2edd20	58	0x2ede08	0x29100
0x2edd20	59	0x2ede0c	0x29100
0x2edd20	60	0x2ede10	0xa6530
0x2edd20	61	0x2ede14	0xa1380
0x2edd20	62	0x2ede18	0xa13d0
0x2edd20	63	0x2ede1c	0xa1480
0x2edd20	64	0x2ede20	0xa14a0
0x2edd20	65	0x2ede24	0xa11d0
0x2edd20	66	0x2ede28	0xa5920
0x2edd20	67	0x2ede2c	0xa5960
0x2edd20	68	0x2ede30	0xa3380
0x2edd20	69	0x2ede34	0xa3390
0x2edd20	70	0x2ede38	0x67580
0x2edd20	71	0x2ede3c	0xa0ba0
0x2edd20	72	0x2ede40	0xa12a0
0x2edd20	73	0x2ede44	0x25480
0x2edd20	74	0x2ede48	0xa28a0
0x2edd20	75	0x2ede4c	0xa34f0
0x2edd20	76	0x2ede50	0xa1280
0x2edd20	77	0x2ede54	0x682e0
0x2edd20	78	0x2ede58	0x9f660
0x2edd20	79	0x2ede5c	0xa1e20
0x2edd20	80	0x2ede60	0xa2370
0x2edd20	81	0x2ede64	0xa66d0
0x2edd20	82	0x2ede68	0xa6a90
0x2edd20	83	0x2ede6c	0xa37a0
0x2edd20	84	0x2ede70	0xa37b0
0x2edd20	85	0x2ede74	0xa5760
0x2edd20	86	0x2ede78	0xaa010
0x2edd20	87	0x2ede7c	0xa6c20
0x2edd20	88	0x2ede80	0xa6b10
0x2ede98	0	0x2ede98	0xaa340
0x2ede98	1	0x2ede9c	0x25890
0x2ede98	2	0x2edea0	0x25890
0x2ede98	3	0x2edea4	0x25890
0x2ede98	4	0x2edea8	0xaa420
0x2ede98	5	0x2edeac	0xaa440
0x2ede98	6	0x2edeb0	0x254d0
0x2ede98	7	0x2edeb4	0x51f60
0x2ede98	8	0x2edeb8	0x25890
0x2ede98	9	0x2edebc	0x25480
0x2ede98	10	0x2edec0	0x25520
0x2ede98	11	0x2edec4	0x25530
0x2ede98	12	0x2edec8	0x51f50
0x2ede98	13	0x2edecc	0x25540
0x2ede98	14	0x2eded0	0x25800
0x2ede98	15	0x2eded4	0x12a620
0x2ede98	16	0x2eded8	0x254a0
0x2ede98	17	0x2ededc	0x254b0
0x2ede98	18	0x2edee0	0xaa910
0x2ede98	19	0x2edee4	0xaa9a0
0x2ede98	20	0x2edee8	0xaa9b0
0x2ede98	21	0x2edeec	0xaa650
0x2ede98	22	0x2edef0	0xaa740
0x2ede98	23	0x2edef4	0xaaa40
0x2ede98	24	0x2edef8	0xaaa40
0x2ede98	25	0x2edefc	0xaaa40
0x2ede98	26	0x2edf00	0x29100
0x2ede98	27	0x2edf04	0x25890
0x2ede98	28	0x2edf08	0x29100
0x2ede98	29	0x2edf0c	0x29100
0x2ede98	30	0x2edf10	0xe3f10
0x2ede98	31	0x2edf14	0x1ba900
0x2ede98	32	0x2edf18	0x1ba850
0x2ede98	33	0x2edf1c	0x25480
0x2ede98	34	0x2edf20	0x25490
0x2ede98	35	0x2edf24	0x25810
0x2ede98	36	0x2edf28	0xac5a0
0x2ede98	37	0x2edf2c	0x25860
0x2ede98	38	0x2edf30	0x25870
0x2ede98	39	0x2edf34	0x52cb0
0x2ede98	40	0x2edf38	0x1ba850
0x2ede98	41	0x2edf3c	0x25890
0x2ede98	42	0x2edf40	0x1a4040
0x2ede98	43	0x2edf44	0xab3c0
0x2ede98	44	0x2edf48	0xab4e0
0x2ede98	45	0x2edf4c	0xab750
0x2ede98	46	0x2edf50	0xabdf0
0x2ede98	47	0x2edf54	0xac4c0
0x2ede98	48	0x2edf58	0x19ed70
0x2ede98	49	0x2edf5c	0xac510
0x2ede98	50	0x2edf60	0xac540
0x2ede98	51	0x2edf64	0xacc20
0x2ede98	52	0x2edf68	0x19ed70
0x2ede98	53	0x2edf6c	0x12a620
0x2ede98	54	0x2edf70	0x12a620
0x2ede98	55	0x2edf74	0x12a620
0x2ede98	56	0x2edf78	0xaa900
0x2ede98	57	0x2edf7c	0xaa900
0x2ede98	58	0x2edf80	0x29100
0x2ede98	59	0x2edf84	0x29100
0x2ede98	60	0x2edf88	0xaaa80
0x2edfa8	0	0x2edfa8	0xad3a0
0x2edfa8	1	0x2edfac	0x25890
0x2edfa8	2	0x2edfb0	0x93b70
0x2edfa8	3	0x2edfb4	0x25890
0x2edfa8	4	0x2edfb8	0xad570
0x2edfa8	5	0x2edfbc	0xaa440
0x2edfa8	6	0x2edfc0	0x254d0
0x2edfa8	7	0x2edfc4	0x51f60
0x2edfa8	8	0x2edfc8	0x25890
0x2edfa8	9	0x2edfcc	0x25480
0x2edfa8	10	0x2edfd0	0x94650
0x2edfa8	11	0x2edfd4	0x25530
0x2edfa8	12	0x2edfd8	0x51f50
0x2edfa8	13	0x2edfdc	0x25540
0x2edfa8	14	0x2edfe0	0x25800
0x2edfa8	15	0x2edfe4	0x12a620
0x2edfa8	16	0x2edfe8	0x254a0
0x2edfa8	17	0x2edfec	0x254b0
0x2edfa8	18	0x2edff0	0xaa910
0x2edfa8	19	0x2edff4	0xaa9a0
0x2edfa8	20	0x2edff8	0xaa9b0
0x2edfa8	21	0x2edffc	0x93ff0
0x2edfa8	22	0x2ee000	0x94130
0x2edfa8	23	0x2ee004	0xaaa40
0x2edfa8	24	0x2ee008	0x93f70
0x2edfa8	25	0x2ee00c	0xaaa40
0x2edfa8	26	0x2ee010	0x29100
0x2edfa8	27	0x2ee014	0x25890
0x2edfa8	28	0x2ee018	0x94700
0x2edfa8	29	0x2ee01c	0x29100
0x2edfa8	30	0x2ee020	0xe3f10
0x2edfa8	31	0x2ee024	0x1ba900
0x2edfa8	32	0x2ee028	0x1ba850
0x2edfa8	33	0x2ee02c	0x25480
0x2edfa8	34	0x2ee030	0x25490
0x2edfa8	35	0x2ee034	0x25810
0x2edfa8	36	0x2ee038	0xac5a0
0x2edfa8	37	0x2ee03c	0x25860
0x2edfa8	38	0x2ee040	0x25870
0x2edfa8	39	0x2ee044	0x52cb0
0x2edfa8	40	0x2ee048	0x1ba850
0x2edfa8	41	0x2ee04c	0x25890
0x2edfa8	42	0x2ee050	0x1a4040
0x2edfa8	43	0x2ee054	0xab3c0
0x2edfa8	44	0x2ee058	0x94930
0x2edfa8	45	0x2ee05c	0x94f30
0x2edfa8	46	0x2ee060	0x95790
0x2edfa8	47	0x2ee064	0xac4c0
0x2edfa8	48	0x2ee068	0x19ed70
0x2edfa8	49	0x2ee06c	0x95f90
0x2edfa8	50	0x2ee070	0x95fc0
0x2edfa8	51	0x2ee074	0xacc20
0x2edfa8	52	0x2ee078	0x19ed70
0x2edfa8	53	0x2ee07c	0x12a620
0x2edfa8	54	0x2ee080	0x12a620
0x2edfa8	55	0x2ee084	0x12a620
0x2edfa8	56	0x2ee088	0xaa900
0x2edfa8	57	0x2ee08c	0xaa900
0x2edfa8	58	0x2ee090	0x29100
0x2edfa8	59	0x2ee094	0x29100
0x2edfa8	60	0x2ee098	0xaaa80
0x2ee0a0	0	0x2ee0a0	0xad960
0x2ee0a0	1	0x2ee0a4	0xadad0
0x2ee0a0	2	0x2ee0a8	0x25890
0x2ee0a0	3	0x2ee0ac	0x25890
0x2ee0a0	4	0x2ee0b0	0xadb70
0x2ee0a0	5	0x2ee0b4	0xaa440
0x2ee0a0	6	0x2ee0b8	0x254d0
0x2ee0a0	7	0x2ee0bc	0x51f60
0x2ee0a0	8	0x2ee0c0	0x25890
0x2ee0a0	9	0x2ee0c4	0x25480
0x2ee0a0	10	0x2ee0c8	0x25520
0x2ee0a0	11	0x2ee0cc	0x25530
0x2ee0a0	12	0x2ee0d0	0x51f50
0x2ee0a0	13	0x2ee0d4	0x25540
0x2ee0a0	14	0x2ee0d8	0x25800
0x2ee0a0	15	0x2ee0dc	0x12a620
0x2ee0a0	16	0x2ee0e0	0x254a0
0x2ee0a0	17	0x2ee0e4	0x254b0
0x2ee0a0	18	0x2ee0e8	0xaa910
0x2ee0a0	19	0x2ee0ec	0xaa9a0
0x2ee0a0	20	0x2ee0f0	0xaa9b0
0x2ee0a0	21	0x2ee0f4	0xae3c0
0x2ee0a0	22	0x2ee0f8	0xae510
0x2ee0a0	23	0x2ee0fc	0xade90
0x2ee0a0	24	0x2ee100	0xae140
0x2ee0a0	25	0x2ee104	0xaaa40
0x2ee0a0	26	0x2ee108	0x29100
0x2ee0a0	27	0x2ee10c	0x25890
0x2ee0a0	28	0x2ee110	0xae880
0x2ee0a0	29	0x2ee114	0x29100
0x2ee0a0	30	0x2ee118	0xe3f10
0x2ee0a0	31	0x2ee11c	0x1ba900
0x2ee0a0	32	0x2ee120	0x1ba850
0x2ee0a0	33	0x2ee124	0x25480
0x2ee0a0	34	0x2ee128	0x25490
0x2ee0a0	35	0x2ee12c	0x25810
0x2ee0a0	36	0x2ee130	0xac5a0
0x2ee0a0	37	0x2ee134	0x25860
0x2ee0a0	38	0x2ee138	0x25870
0x2ee0a0	39	0x2ee13c	0x52cb0
0x2ee0a0	40	0x2ee140	0x1ba850
0x2ee0a0	41	0x2ee144	0x25890
0x2ee0a0	42	0x2ee148	0x1a4040
0x2ee0a0	43	0x2ee14c	0xab3c0
0x2ee0a0	44	0x2ee150	0xae8e0
0x2ee0a0	45	0x2ee154	0xaea80
0x2ee0a0	46	0x2ee158	0xaf1a0
0x2ee0a0	47	0x2ee15c	0xac4c0
0x2ee0a0	48	0x2ee160	0x19ed70
0x2ee0a0	49	0x2ee164	0xac510
0x2ee0a0	50	0x2ee168	0xac540
0x2ee0a0	51	0x2ee16c	0xacc20
0x2ee0a0	52	0x2ee170	0x19ed70
0x2ee0a0	53	0x2ee174	0x12a620
0x2ee0a0	54	0x2ee178	0x12a620
0x2ee0a0	55	0x2ee17c	0x12a620
0x2ee0a0	56	0x2ee180	0xaa900
0x2ee0a0	57	0x2ee184	0xaa900
0x2ee0a0	58	0x2ee188	0xae160
0x2ee0a0	59	0x2ee18c	0xadeb0
0x2ee0a0	60	0x2ee190	0xaaa80
0x2ee1b8	0	0x2ee1b8	0xaf680
0x2ee1b8	1	0x2ee1bc	0xafd30
0x2ee1b8	2	0x2ee1c0	0x25890
0x2ee1b8	3	0x2ee1c4	0xb0f70
0x2ee1b8	4	0x2ee1c8	0xafe00
0x2ee1b8	5	0x2ee1cc	0xc36f0
0x2ee1b8	6	0x2ee1d0	0x254d0
0x2ee1b8	7	0x2ee1d4	0x51f60
0x2ee1b8	8	0x2ee1d8	0x25890
0x2ee1b8	9	0x2ee1dc	0x25480
0x2ee1b8	10	0x2ee1e0	0x25520
0x2ee1b8	11	0x2ee1e4	0x25530
0x2ee1b8	12	0x2ee1e8	0x51f50
0x2ee1b8	13	0x2ee1ec	0x25540
0x2ee1b8	14	0x2ee1f0	0x25800
0x2ee1b8	15	0x2ee1f4	0xd1c00
0x2ee1b8	16	0x2ee1f8	0x254a0
0x2ee1b8	17	0x2ee1fc	0x254b0
0x2ee1b8	18	0x2ee200	0xaa910
0x2ee1b8	19	0x2ee204	0xaa9a0
0x2ee1b8	20	0x2ee208	0xaa9b0
0x2ee1b8	21	0x2ee20c	0xb0b50
0x2ee1b8	22	0x2ee210	0xb0c30
0x2ee1b8	23	0x2ee214	0xb0090
0x2ee1b8	24	0x2ee218	0xb0180
0x2ee1b8	25	0x2ee21c	0xc1c20
0x2ee1b8	26	0x2ee220	0xc3200
0x2ee1b8	27	0x2ee224	0x25890
0x2ee1b8	28	0x2ee228	0xc32e0
0x2ee1b8	29	0x2ee22c	0xc3440
0x2ee1b8	30	0x2ee230	0xc2e80
0x2ee1b8	31	0x2ee234	0x1ba900
0x2ee1b8	32	0x2ee238	0xc3cc0
0x2ee1b8	33	0x2ee23c	0x25950
0x2ee1b8	34	0x2ee240	0xc3d10
0x2ee1b8	35	0x2ee244	0x25810
0x2ee1b8	36	0x2ee248	0xac5a0
0x2ee1b8	37	0x2ee24c	0x25860
0x2ee1b8	38	0x2ee250	0x25870
0x2ee1b8	39	0x2ee254	0x52cb0
0x2ee1b8	40	0x2ee258	0xd0b80
0x2ee1b8	41	0x2ee25c	0xc2e60
0x2ee1b8	42	0x2ee260	0xc1da0
0x2ee1b8	43	0x2ee264	0xab3c0
0x2ee1b8	44	0x2ee268	0xb1090
0x2ee1b8	45	0x2ee26c	0xb1430
0x2ee1b8	46	0x2ee270	0xb1da0
0x2ee1b8	47	0x2ee274	0xd0c10
0x2ee1b8	48	0x2ee278	0x19ed70
0x2ee1b8	49	0x2ee27c	0xb2300
0x2ee1b8	50	0x2ee280	0xb2310
0x2ee1b8	51	0x2ee284	0xacc20
0x2ee1b8	52	0x2ee288	0xc1f00
0x2ee1b8	53	0x2ee28c	0xd1f90
0x2ee1b8	54	0x2ee290	0xd1fb0
0x2ee1b8	55	0x2ee294	0xd1fd0
0x2ee1b8	56	0x2ee298	0xaa900
0x2ee1b8	57	0x2ee29c	0xaa900
0x2ee1b8	58	0x2ee2a0	0x29100
0x2ee1b8	59	0x2ee2a4	0x29100
0x2ee1b8	60	0x2ee2a8	0xc3bc0
0x2ee1b8	61	0x2ee2ac	0xd0be0
0x2ee1b8	62	0x2ee2b0	0x52cf0
0x2ee1b8	63	0x2ee2b4	0xd0c50
0x2ee1b8	64	0x2ee2b8	0xc06c0
0x2ee1b8	65	0x2ee2bc	0xd1c10
0x2ee1b8	66	0x2ee2c0	0xd1c60
0x2ee1b8	67	0x2ee2c4	0xc1e00
0x2ee1b8	68	0x2ee2c8	0xc3760
0x2ee1b8	69	0x2ee2cc	0xc0b30
0x2ee1b8	70	0x2ee2d0	0x52cd0
0x2ee1b8	71	0x2ee2d4	0xc0db0
0x2ee1b8	72	0x2ee2d8	0xc3c40
0x2ee1b8	73	0x2ee2dc	0xc3d20
0x2ee1b8	74	0x2ee2e0	0xc6c80
0x2ee2f8	0	0x2ee2f8	0xb3940
0x2ee2f8	1	0x2ee2fc	0x25890
0x2ee2f8	2	0x2ee300	0x25890
0x2ee2f8	3	0x2ee304	0x25890
0x2ee2f8	4	0x2ee308	0xaa420
0x2ee2f8	5	0x2ee30c	0xaa440
0x2ee2f8	6	0x2ee310	0x254d0
0x2ee2f8	7	0x2ee314	0x51f60
0x2ee2f8	8	0x2ee318	0x25890
0x2ee2f8	9	0x2ee31c	0x25480
0x2ee2f8	10	0x2ee320	0x25520
0x2ee2f8	11	0x2ee324	0x25530
0x2ee2f8	12	0x2ee328	0x51f50
0x2ee2f8	13	0x2ee32c	0x25540
0x2ee2f8	14	0x2ee330	0x25800
0x2ee2f8	15	0x2ee334	0x12a620
0x2ee2f8	16	0x2ee338	0x254a0
0x2ee2f8	17	0x2ee33c	0x254b0
0x2ee2f8	18	0x2ee340	0xaa910
0x2ee2f8	19	0x2ee344	0xaa9a0
0x2ee2f8	20	0x2ee348	0xaa9b0
0x2ee2f8	21	0x2ee34c	0xaa650
0x2ee2f8	22	0x2ee350	0xaa740
0x2ee2f8	23	0x2ee354	0xb39d0
0x2ee2f8	24	0x2ee358	0xb3ae0
0x2ee2f8	25	0x2ee35c	0xaaa40
0x2ee2f8	26	0x2ee360	0x29100
0x2ee2f8	27	0x2ee364	0x25890
0x2ee2f8	28	0x2ee368	0x29100
0x2ee2f8	29	0x2ee36c	0x29100
0x2ee2f8	30	0x2ee370	0xe3f10
0x2ee2f8	31	0x2ee374	0x1ba900
0x2ee2f8	32	0x2ee378	0x1ba850
0x2ee2f8	33	0x2ee37c	0x25480
0x2ee2f8	34	0x2ee380	0x25490
0x2ee2f8	35	0x2ee384	0x25810
0x2ee2f8	36	0x2ee388	0xac5a0
0x2ee2f8	37	0x2ee38c	0x25860
0x2ee2f8	38	0x2ee390	0x25870
0x2ee2f8	39	0x2ee394	0x52cb0
0x2ee2f8	40	0x2ee398	0x1ba850
0x2ee2f8	41	0x2ee39c	0x25890
0x2ee2f8	42	0x2ee3a0	0x1a4040
0x2ee2f8	43	0x2ee3a4	0xab3c0
0x2ee2f8	44	0x2ee3a8	0xab4e0
0x2ee2f8	45	0x2ee3ac	0xab750
0x2ee2f8	46	0x2ee3b0	0xabdf0
0x2ee2f8	47	0x2ee3b4	0xac4c0
0x2ee2f8	48	0x2ee3b8	0x19ed70
0x2ee2f8	49	0x2ee3bc	0xac510
0x2ee2f8	50	0x2ee3c0	0xac540
0x2ee2f8	51	0x2ee3c4	0xacc20
0x2ee2f8	52	0x2ee3c8	0x19ed70
0x2ee2f8	53	0x2ee3cc	0x12a620
0x2ee2f8	54	0x2ee3d0	0x12a620
0x2ee2f8	55	0x2ee3d4	0x12a620
0x2ee2f8	56	0x2ee3d8	0xaa900
0x2ee2f8	57	0x2ee3dc	0xaa900
0x2ee2f8	58	0x2ee3e0	0xb3b50
0x2ee2f8	59	0x2ee3e4	0xb39f0
0x2ee2f8	60	0x2ee3e8	0xaaa80
0x2ee3f0	0	0x2ee3f0	0xb3df0
0x2ee3f0	1	0x2ee3f4	0xb3ec0
0x2ee3f0	2	0x2ee3f8	0xb3fb0
0x2ee3f0	3	0x2ee3fc	0x25890
0x2ee3f0	4	0x2ee400	0xb3fc0
0x2ee3f0	5	0x2ee404	0xaa440
0x2ee3f0	6	0x2ee408	0x254d0
0x2ee3f0	7	0x2ee40c	0x51f60
0x2ee3f0	8	0x2ee410	0x25890
0x2ee3f0	9	0x2ee414	0x25480
0x2ee3f0	10	0x2ee418	0x25520
0x2ee3f0	11	0x2ee41c	0x25530
0x2ee3f0	12	0x2ee420	0x51f50
0x2ee3f0	13	0x2ee424	0x25540
0x2ee3f0	14	0x2ee428	0x25800
0x2ee3f0	15	0x2ee42c	0xd1c00
0x2ee3f0	16	0x2ee430	0x254a0
0x2ee3f0	17	0x2ee434	0x254b0
0x2ee3f0	18	0x2ee438	0xaa910
0x2ee3f0	19	0x2ee43c	0xaa9a0
0x2ee3f0	20	0x2ee440	0xaa9b0
0x2ee3f0	21	0x2ee444	0xb42c0
0x2ee3f0	22	0x2ee448	0xb4340
0x2ee3f0	23	0x2ee44c	0xb3fe0
0x2ee3f0	24	0x2ee450	0xb40d0
0x2ee3f0	25	0x2ee454	0xb41b0
0x2ee3f0	26	0x2ee458	0xb4680
0x2ee3f0	27	0x2ee45c	0x25890
0x2ee3f0	28	0x2ee460	0xb4550
0x2ee3f0	29	0x2ee464	0xb4590
0x2ee3f0	30	0x2ee468	0x93840
0x2ee3f0	31	0x2ee46c	0x1ba900
0x2ee3f0	32	0x2ee470	0xb4630
0x2ee3f0	33	0x2ee474	0x25950
0x2ee3f0	34	0x2ee478	0xb4670
0x2ee3f0	35	0x2ee47c	0x25810
0x2ee3f0	36	0x2ee480	0xac5a0
0x2ee3f0	37	0x2ee484	0x25860
0x2ee3f0	38	0x2ee488	0x25870
0x2ee3f0	39	0x2ee48c	0x52cb0
0x2ee3f0	40	0x2ee490	0xd0b80
0x2ee3f0	41	0x2ee494	0x25890
0x2ee3f0	42	0x2ee498	0x1a4040
0x2ee3f0	43	0x2ee49c	0xab3c0
0x2ee3f0	44	0x2ee4a0	0xb4720
0x2ee3f0	45	0x2ee4a4	0xb4780
0x2ee3f0	46	0x2ee4a8	0xb47e0
0x2ee3f0	47	0x2ee4ac	0xd0c10
0x2ee3f0	48	0x2ee4b0	0x19ed70
0x2ee3f0	49	0x2ee4b4	0xac510
0x2ee3f0	50	0x2ee4b8	0xac540
0x2ee3f0	51	0x2ee4bc	0xb4c10
0x2ee3f0	52	0x2ee4c0	0xb4270
0x2ee3f0	53	0x2ee4c4	0xd1f90
0x2ee3f0	54	0x2ee4c8	0xd1fb0
0x2ee3f0	55	0x2ee4cc	0xd1fd0
0x2ee3f0	56	0x2ee4d0	0xaa900
0x2ee3f0	57	0x2ee4d4	0xaa900
0x2ee3f0	58	0x2ee4d8	0x29100
0x2ee3f0	59	0x2ee4dc	0x29100
0x2ee3f0	60	0x2ee4e0	0xaaa80
0x2ee3f0	61	0x2ee4e4	0xd0be0
0x2ee3f0	62	0x2ee4e8	0x12a620
0x2ee3f0	63	0x2ee4ec	0xd0c50
0x2ee3f0	64	0x2ee4f0	0x25890
0x2ee3f0	65	0x2ee4f4	0xd1c10
0x2ee3f0	66	0x2ee4f8	0xd1c60
0x2ee3f0	67	0x2ee4fc	0xb4af0
0x2ee508	0	0x2ee508	0xb6580
0x2ee508	1	0x2ee50c	0x29100
0x2ee508	2	0x2ee510	0x25890
0x2ee508	3	0x2ee514	0x25890
0x2ee508	4	0x2ee518	0xb66e0
0x2ee508	5	0x2ee51c	0xaa440
0x2ee508	6	0x2ee520	0x254d0
0x2ee508	7	0x2ee524	0x51f60
0x2ee508	8	0x2ee528	0x25890
0x2ee508	9	0x2ee52c	0x25480
0x2ee508	10	0x2ee530	0x25520
0x2ee508	11	0x2ee534	0x25530
0x2ee508	12	0x2ee538	0x51f50
0x2ee508	13	0x2ee53c	0x25540
0x2ee508	14	0x2ee540	0x25800
0x2ee508	15	0x2ee544	0x12a620
0x2ee508	16	0x2ee548	0x254a0
0x2ee508	17	0x2ee54c	0x254b0
0x2ee508	18	0x2ee550	0xaa910
0x2ee508	19	0x2ee554	0xaa9a0
0x2ee508	20	0x2ee558	0xaa9b0
0x2ee508	21	0x2ee55c	0xaa650
0x2ee508	22	0x2ee560	0xaa740
0x2ee508	23	0x2ee564	0xaaa40
0x2ee508	24	0x2ee568	0xb75b0
0x2ee508	25	0x2ee56c	0xaaa40
0x2ee508	26	0x2ee570	0x29100
0x2ee508	27	0x2ee574	0x25890
0x2ee508	28	0x2ee578	0xb7860
0x2ee508	29	0x2ee57c	0x29100
0x2ee508	30	0x2ee580	0xe3f10
0x2ee508	31	0x2ee584	0x1ba900
0x2ee508	32	0x2ee588	0x1ba850
0x2ee508	33	0x2ee58c	0x25480
0x2ee508	34	0x2ee590	0x25490
0x2ee508	35	0x2ee594	0x25810
0x2ee508	36	0x2ee598	0xac5a0
0x2ee508	37	0x2ee59c	0x25860
0x2ee508	38	0x2ee5a0	0x25870
0x2ee508	39	0x2ee5a4	0x52cb0
0x2ee508	40	0x2ee5a8	0x1ba850
0x2ee508	41	0x2ee5ac	0x25890
0x2ee508	42	0x2ee5b0	0x1a4040
0x2ee508	43	0x2ee5b4	0xab3c0
0x2ee508	44	0x2ee5b8	0xab4e0
0x2ee508	45	0x2ee5bc	0xab750
0x2ee508	46	0x2ee5c0	0xabdf0
0x2ee508	47	0x2ee5c4	0xac4c0
0x2ee508	48	0x2ee5c8	0x19ed70
0x2ee508	49	0x2ee5cc	0xac510
0x2ee508	50	0x2ee5d0	0xac540
0x2ee508	51	0x2ee5d4	0xacc20
0x2ee508	52	0x2ee5d8	0x19ed70
0x2ee508	53	0x2ee5dc	0x12a620
0x2ee508	54	0x2ee5e0	0x12a620
0x2ee508	55	0x2ee5e4	0x12a620
0x2ee508	56	0x2ee5e8	0xaa900
0x2ee508	57	0x2ee5ec	0xaa900
0x2ee508	58	0x2ee5f0	0x29100
0x2ee508	59	0x2ee5f4	0x29100
0x2ee508	60	0x2ee5f8	0xaaa80
0x2ee610	0	0x2ee610	0xb8970
0x2ee610	1	0x2ee614	0xb8a90
0x2ee610	2	0x2ee618	0xb8b30
0x2ee610	3	0x2ee61c	0xc2e40
0x2ee610	4	0x2ee620	0xb8e80
0x2ee610	5	0x2ee624	0xc36f0
0x2ee610	6	0x2ee628	0x254d0
0x2ee610	7	0x2ee62c	0x51f60
0x2ee610	8	0x2ee630	0x25890
0x2ee610	9	0x2ee634	0x25480
0x2ee610	10	0x2ee638	0x25520
0x2ee610	11	0x2ee63c	0x25530
0x2ee610	12	0x2ee640	0x51f50
0x2ee610	13	0x2ee644	0x25540
0x2ee610	14	0x2ee648	0x25800
0x2ee610	15	0x2ee64c	0xd1c00
0x2ee610	16	0x2ee650	0x254a0
0x2ee610	17	0x2ee654	0x254b0
0x2ee610	18	0x2ee658	0xaa910
0x2ee610	19	0x2ee65c	0xaa9a0
0x2ee610	20	0x2ee660	0xaa9b0
0x2ee610	21	0x2ee664	0xcdec0
0x2ee610	22	0x2ee668	0xb92a0
0x2ee610	23	0x2ee66c	0xb8fb0
0x2ee610	24	0x2ee670	0xb90a0
0x2ee610	25	0x2ee674	0xc1c20
0x2ee610	26	0x2ee678	0xc3200
0x2ee610	27	0x2ee67c	0x25890
0x2ee610	28	0x2ee680	0xe2d70
0x2ee610	29	0x2ee684	0xc3440
0x2ee610	30	0x2ee688	0xc2e80
0x2ee610	31	0x2ee68c	0x1ba900
0x2ee610	32	0x2ee690	0xc3cc0
0x2ee610	33	0x2ee694	0x25950
0x2ee610	34	0x2ee698	0xc3d10
0x2ee610	35	0x2ee69c	0x25810
0x2ee610	36	0x2ee6a0	0xac5a0
0x2ee610	37	0x2ee6a4	0x25860
0x2ee610	38	0x2ee6a8	0x25870
0x2ee610	39	0x2ee6ac	0x52cb0
0x2ee610	40	0x2ee6b0	0xd0b80
0x2ee610	41	0x2ee6b4	0xc2e60
0x2ee610	42	0x2ee6b8	0xc1da0
0x2ee610	43	0x2ee6bc	0xab3c0
0x2ee610	44	0x2ee6c0	0xc3f80
0x2ee610	45	0x2ee6c4	0xc49a0
0x2ee610	46	0x2ee6c8	0xc5ba0
0x2ee610	47	0x2ee6cc	0xd0c10
0x2ee610	48	0x2ee6d0	0x19ed70
0x2ee610	49	0x2ee6d4	0xc2db0
0x2ee610	50	0x2ee6d8	0xac540
0x2ee610	51	0x2ee6dc	0xacc20
0x2ee610	52	0x2ee6e0	0xc1f00
0x2ee610	53	0x2ee6e4	0xd1f90
0x2ee610	54	0x2ee6e8	0xd1fb0
0x2ee610	55	0x2ee6ec	0xd1fd0
0x2ee610	56	0x2ee6f0	0xaa900
0x2ee610	57	0x2ee6f4	0xaa900
0x2ee610	58	0x2ee6f8	0x29100
0x2ee610	59	0x2ee6fc	0x29100
0x2ee610	60	0x2ee700	0xc3bc0
0x2ee610	61	0x2ee704	0xd0be0
0x2ee610	62	0x2ee708	0x52cf0
0x2ee610	63	0x2ee70c	0xd0c50
0x2ee610	64	0x2ee710	0xc06c0
0x2ee610	65	0x2ee714	0xd1c10
0x2ee610	66	0x2ee718	0xd1c60
0x2ee610	67	0x2ee71c	0xc1e00
0x2ee610	68	0x2ee720	0xb8ea0
0x2ee610	69	0x2ee724	0xc0b30
0x2ee610	70	0x2ee728	0x52cd0
0x2ee610	71	0x2ee72c	0xc0db0
0x2ee610	72	0x2ee730	0xc3c40
0x2ee610	73	0x2ee734	0xc3d20
0x2ee610	74	0x2ee738	0xc6c80
0x2ee748	0	0x2ee748	0xb99b0
0x2ee748	1	0x2ee74c	0xb9d10
0x2ee748	2	0x2ee750	0x25890
0x2ee748	3	0x2ee754	0xb9a50
0x2ee748	4	0x2ee758	0xba710
0x2ee748	5	0x2ee75c	0xc36f0
0x2ee748	6	0x2ee760	0x254d0
0x2ee748	7	0x2ee764	0x51f60
0x2ee748	8	0x2ee768	0x25890
0x2ee748	9	0x2ee76c	0x25480
0x2ee748	10	0x2ee770	0x25520
0x2ee748	11	0x2ee774	0x25530
0x2ee748	12	0x2ee778	0x51f50
0x2ee748	13	0x2ee77c	0x25540
0x2ee748	14	0x2ee780	0x25800
0x2ee748	15	0x2ee784	0xd1c00
0x2ee748	16	0x2ee788	0x254a0
0x2ee748	17	0x2ee78c	0x254b0
0x2ee748	18	0x2ee790	0xaa910
0x2ee748	19	0x2ee794	0xaa9a0
0x2ee748	20	0x2ee798	0xaa9b0
0x2ee748	21	0x2ee79c	0xbb0d0
0x2ee748	22	0x2ee7a0	0xbb140
0x2ee748	23	0x2ee7a4	0xba8d0
0x2ee748	24	0x2ee7a8	0xbb050
0x2ee748	25	0x2ee7ac	0xc1c20
0x2ee748	26	0x2ee7b0	0xc3200
0x2ee748	27	0x2ee7b4	0x25890
0x2ee748	28	0x2ee7b8	0xc32e0
0x2ee748	29	0x2ee7bc	0xc3440
0x2ee748	30	0x2ee7c0	0xc2e80
0x2ee748	31	0x2ee7c4	0x1ba900
0x2ee748	32	0x2ee7c8	0xc3cc0
0x2ee748	33	0x2ee7cc	0x25950
0x2ee748	34	0x2ee7d0	0xc3d10
0x2ee748	35	0x2ee7d4	0x25810
0x2ee748	36	0x2ee7d8	0xac5a0
0x2ee748	37	0x2ee7dc	0x25860
0x2ee748	38	0x2ee7e0	0x25870
0x2ee748	39	0x2ee7e4	0x52cb0
0x2ee748	40	0x2ee7e8	0xd0b80
0x2ee748	41	0x2ee7ec	0xc2e60
0x2ee748	42	0x2ee7f0	0xbc5a0
0x2ee748	43	0x2ee7f4	0xab3c0
0x2ee748	44	0x2ee7f8	0xbc880
0x2ee748	45	0x2ee7fc	0xbcaa0
0x2ee748	46	0x2ee800	0xbd0f0
0x2ee748	47	0x2ee804	0xd0c10
0x2ee748	48	0x2ee808	0x19ed70
0x2ee748	49	0x2ee80c	0xc2db0
0x2ee748	50	0x2ee810	0xac540
0x2ee748	51	0x2ee814	0xacc20
0x2ee748	52	0x2ee818	0xc1f00
0x2ee748	53	0x2ee81c	0xd1f90
0x2ee748	54	0x2ee820	0xd1fb0
0x2ee748	55	0x2ee824	0xd1fd0
0x2ee748	56	0x2ee828	0xaa900
0x2ee748	57	0x2ee82c	0xaa900
0x2ee748	58	0x2ee830	0x29100
0x2ee748	59	0x2ee834	0x29100
0x2ee748	60	0x2ee838	0xb9ed0
0x2ee748	61	0x2ee83c	0xd0be0
0x2ee748	62	0x2ee840	0x52cf0
0x2ee748	63	0x2ee844	0xd0c50
0x2ee748	64	0x2ee848	0xc06c0
0x2ee748	65	0x2ee84c	0xd1c10
0x2ee748	66	0x2ee850	0xd1c60
0x2ee748	67	0x2ee854	0xc1e00
0x2ee748	68	0x2ee858	0xc3760
0x2ee748	69	0x2ee85c	0xc0b30
0x2ee748	70	0x2ee860	0x52cd0
0x2ee748	71	0x2ee864	0xc0db0
0x2ee748	72	0x2ee868	0xc3c40
0x2ee748	73	0x2ee86c	0xc3d20
0x2ee748	74	0x2ee870	0xc6c80
0x2ee748	75	0x2ee874	0xb9ef0
0x2ee888	0	0x2ee888	0xc0440
0x2ee888	1	0x2ee88c	0xc0a40
0x2ee888	2	0x2ee890	0x25890
0x2ee888	3	0x2ee894	0xc2e40
0x2ee888	4	0x2ee898	0xc0ce0
0x2ee888	5	0x2ee89c	0xc36f0
0x2ee888	6	0x2ee8a0	0x254d0
0x2ee888	7	0x2ee8a4	0x51f60
0x2ee888	8	0x2ee8a8	0x25890
0x2ee888	9	0x2ee8ac	0x25480
0x2ee888	10	0x2ee8b0	0x25520
0x2ee888	11	0x2ee8b4	0x25530
0x2ee888	12	0x2ee8b8	0x51f50
0x2ee888	13	0x2ee8bc	0x25540
0x2ee888	14	0x2ee8c0	0x25800
0x2ee888	15	0x2ee8c4	0xd1c00
0x2ee888	16	0x2ee8c8	0x254a0
0x2ee888	17	0x2ee8cc	0x254b0
0x2ee888	18	0x2ee8d0	0xaa910
0x2ee888	19	0x2ee8d4	0xaa9a0
0x2ee888	20	0x2ee8d8	0xaa9b0
0x2ee888	21	0x2ee8dc	0xc1ff0
0x2ee888	22	0x2ee8e0	0xc2430
0x2ee888	23	0x2ee8e4	0xc1850
0x2ee888	24	0x2ee8e8	0xc1960
0x2ee888	25	0x2ee8ec	0xc1c20
0x2ee888	26	0x2ee8f0	0xc3200
0x2ee888	27	0x2ee8f4	0x25890
0x2ee888	28	0x2ee8f8	0xc32e0
0x2ee888	29	0x2ee8fc	0xc3440
0x2ee888	30	0x2ee900	0xc2e80
0x2ee888	31	0x2ee904	0x1ba900
0x2ee888	32	0x2ee908	0xc3cc0
0x2ee888	33	0x2ee90c	0x25950
0x2ee888	34	0x2ee910	0xc3d10
0x2ee888	35	0x2ee914	0x25810
0x2ee888	36	0x2ee918	0xac5a0
0x2ee888	37	0x2ee91c	0x25860
0x2ee888	38	0x2ee920	0x25870
0x2ee888	39	0x2ee924	0x52cb0
0x2ee888	40	0x2ee928	0xd0b80
0x2ee888	41	0x2ee92c	0xc2e60
0x2ee888	42	0x2ee930	0xc1da0
0x2ee888	43	0x2ee934	0xab3c0
0x2ee888	44	0x2ee938	0xc3f80
0x2ee888	45	0x2ee93c	0xc49a0
0x2ee888	46	0x2ee940	0xc5ba0
0x2ee888	47	0x2ee944	0xd0c10
0x2ee888	48	0x2ee948	0x19ed70
0x2ee888	49	0x2ee94c	0xc2db0
0x2ee888	50	0x2ee950	0xac540
0x2ee888	51	0x2ee954	0xacc20
0x2ee888	52	0x2ee958	0xc1f00
0x2ee888	53	0x2ee95c	0xd1f90
0x2ee888	54	0x2ee960	0xd1fb0
0x2ee888	55	0x2ee964	0xd1fd0
0x2ee888	56	0x2ee968	0xaa900
0x2ee888	57	0x2ee96c	0xaa900
0x2ee888	58	0x2ee970	0x29100
0x2ee888	59	0x2ee974	0x29100
0x2ee888	60	0x2ee978	0xc3bc0
0x2ee888	61	0x2ee97c	0xd0be0
0x2ee888	62	0x2ee980	0x52cf0
0x2ee888	63	0x2ee984	0xd0c50
0x2ee888	64	0x2ee988	0xc06c0
0x2ee888	65	0x2ee98c	0xd1c10
0x2ee888	66	0x2ee990	0xd1c60
0x2ee888	67	0x2ee994	0xc1e00
0x2ee888	68	0x2ee998	0xc3760
0x2ee888	69	0x2ee99c	0xc0b30
0x2ee888	70	0x2ee9a0	0x52cd0
0x2ee888	71	0x2ee9a4	0xc0db0
0x2ee888	72	0x2ee9a8	0xc3c40
0x2ee888	73	0x2ee9ac	0xc3d20
0x2ee888	74	0x2ee9b0	0xc6c80
0x2ee9c8	0	0x2ee9c8	0xc8750
0x2ee9c8	1	0x2ee9cc	0xc8950
0x2ee9c8	2	0x2ee9d0	0x25890
0x2ee9c8	3	0x2ee9d4	0x25890
0x2ee9c8	4	0x2ee9d8	0xcb390
0x2ee9c8	5	0x2ee9dc	0xaa440
0x2ee9c8	6	0x2ee9e0	0x254d0
0x2ee9c8	7	0x2ee9e4	0x51f60
0x2ee9c8	8	0x2ee9e8	0x25890
0x2ee9c8	9	0x2ee9ec	0x25480
0x2ee9c8	10	0x2ee9f0	0x25520
0x2ee9c8	11	0x2ee9f4	0x25530
0x2ee9c8	12	0x2ee9f8	0x51f50
0x2ee9c8	13	0x2ee9fc	0x25540
0x2ee9c8	14	0x2eea00	0x25800
0x2ee9c8	15	0x2eea04	0x12a620
0x2ee9c8	16	0x2eea08	0x254a0
0x2ee9c8	17	0x2eea0c	0x254b0
0x2ee9c8	18	0x2eea10	0xaa910
0x2ee9c8	19	0x2eea14	0xaa9a0
0x2ee9c8	20	0x2eea18	0xaa9b0
0x2ee9c8	21	0x2eea1c	0xca660
0x2ee9c8	22	0x2eea20	0xca940
0x2ee9c8	23	0x2eea24	0xc94f0
0x2ee9c8	24	0x2eea28	0xca430
0x2ee9c8	25	0x2eea2c	0xaaa40
0x2ee9c8	26	0x2eea30	0x29100
0x2ee9c8	27	0x2eea34	0x25890
0x2ee9c8	28	0x2eea38	0xe2d70
0x2ee9c8	29	0x2eea3c	0x29100
0x2ee9c8	30	0x2eea40	0xcad40
0x2ee9c8	31	0x2eea44	0x1ba900
0x2ee9c8	32	0x2eea48	0x1ba850
0x2ee9c8	33	0x2eea4c	0x25480
0x2ee9c8	34	0x2eea50	0x25490
0x2ee9c8	35	0x2eea54	0x25810
0x2ee9c8	36	0x2eea58	0xac5a0
0x2ee9c8	37	0x2eea5c	0x25860
0x2ee9c8	38	0x2eea60	0x25870
0x2ee9c8	39	0x2eea64	0x52cb0
0x2ee9c8	40	0x2eea68	0x1ba850
0x2ee9c8	41	0x2eea6c	0x25890
0x2ee9c8	42	0x2eea70	0x1a4040
0x2ee9c8	43	0x2eea74	0xab3c0
0x2ee9c8	44	0x2eea78	0xcbb50
0x2ee9c8	45	0x2eea7c	0xcc200
0x2ee9c8	46	0x2eea80	0xcca90
0x2ee9c8	47	0x2eea84	0xac4c0
0x2ee9c8	48	0x2eea88	0x19ed70
0x2ee9c8	49	0x2eea8c	0xc7eb0
0x2ee9c8	50	0x2eea90	0xc7ed0
0x2ee9c8	51	0x2eea94	0xacc20
0x2ee9c8	52	0x2eea98	0x19ed70
0x2ee9c8	53	0x2eea9c	0x12a620
0x2ee9c8	54	0x2eeaa0	0x12a620
0x2ee9c8	55	0x2eeaa4	0x12a620
0x2ee9c8	56	0x2eeaa8	0xaa900
0x2ee9c8	57	0x2eeaac	0xaa900
0x2ee9c8	58	0x2eeab0	0xca600
0x2ee9c8	59	0x2eeab4	0xc9510
0x2ee9c8	60	0x2eeab8	0xaaa80
0x2eeac8	0	0x2eeac8	0xcd580
0x2eeac8	1	0x2eeacc	0xcd780
0x2eeac8	2	0x2eead0	0x25890
0x2eeac8	3	0x2eead4	0xcd820
0x2eeac8	4	0x2eead8	0xcdaa0
0x2eeac8	5	0x2eeadc	0xc36f0
0x2eeac8	6	0x2eeae0	0x254d0
0x2eeac8	7	0x2eeae4	0x51f60
0x2eeac8	8	0x2eeae8	0x25890
0x2eeac8	9	0x2eeaec	0x25480
0x2eeac8	10	0x2eeaf0	0x25520
0x2eeac8	11	0x2eeaf4	0x25530
0x2eeac8	12	0x2eeaf8	0x51f50
0x2eeac8	13	0x2eeafc	0x25540
0x2eeac8	14	0x2eeb00	0x25800
0x2eeac8	15	0x2eeb04	0xd1c00
0x2eeac8	16	0x2eeb08	0x254a0
0x2eeac8	17	0x2eeb0c	0x254b0
0x2eeac8	18	0x2eeb10	0xaa910
0x2eeac8	19	0x2eeb14	0xaa9a0
0x2eeac8	20	0x2eeb18	0xaa9b0
0x2eeac8	21	0x2eeb1c	0xcdec0
0x2eeac8	22	0x2eeb20	0xcded0
0x2eeac8	23	0x2eeb24	0xcdc50
0x2eeac8	24	0x2eeb28	0xcdd40
0x2eeac8	25	0x2eeb2c	0xc1c20
0x2eeac8	26	0x2eeb30	0xc3200
0x2eeac8	27	0x2eeb34	0x25890
0x2eeac8	28	0x2eeb38	0xc32e0
0x2eeac8	29	0x2eeb3c	0xc3440
0x2eeac8	30	0x2eeb40	0xc2e80
0x2eeac8	31	0x2eeb44	0x1ba900
0x2eeac8	32	0x2eeb48	0xc3cc0
0x2eeac8	33	0x2eeb4c	0x25950
0x2eeac8	34	0x2eeb50	0xc3d10
0x2eeac8	35	0x2eeb54	0x25810
0x2eeac8	36	0x2eeb58	0xac5a0
0x2eeac8	37	0x2eeb5c	0x25860
0x2eeac8	38	0x2eeb60	0x25870
0x2eeac8	39	0x2eeb64	0x52cb0
0x2eeac8	40	0x2eeb68	0xd0b80
0x2eeac8	41	0x2eeb6c	0xc2e60
0x2eeac8	42	0x2eeb70	0xc1da0
0x2eeac8	43	0x2eeb74	0xab3c0
0x2eeac8	44	0x2eeb78	0xc3f80
0x2eeac8	45	0x2eeb7c	0xc49a0
0x2eeac8	46	0x2eeb80	0xc5ba0
0x2eeac8	47	0x2eeb84	0xd0c10
0x2eeac8	48	0x2eeb88	0x19ed70
0x2eeac8	49	0x2eeb8c	0xc2db0
0x2eeac8	50	0x2eeb90	0xcd850
0x2eeac8	51	0x2eeb94	0xacc20
0x2eeac8	52	0x2eeb98	0xc1f00
0x2eeac8	53	0x2eeb9c	0xd1f90
0x2eeac8	54	0x2eeba0	0xd1fb0
0x2eeac8	55	0x2eeba4	0xd1fd0
0x2eeac8	56	0x2eeba8	0xaa900
0x2eeac8	57	0x2eebac	0xaa900
0x2eeac8	58	0x2eebb0	0x29100
0x2eeac8	59	0x2eebb4	0x29100
0x2eeac8	60	0x2eebb8	0xc3bc0
0x2eeac8	61	0x2eebbc	0xd0be0
0x2eeac8	62	0x2eebc0	0x52cf0
0x2eeac8	63	0x2eebc4	0xd0c50
0x2eeac8	64	0x2eebc8	0xc06c0
0x2eeac8	65	0x2eebcc	0xd1c10
0x2eeac8	66	0x2eebd0	0xd1c60
0x2eeac8	67	0x2eebd4	0xc1e00
0x2eeac8	68	0x2eebd8	0xc3760
0x2eeac8	69	0x2eebdc	0xc0b30
0x2eeac8	70	0x2eebe0	0x52cd0
0x2eeac8	71	0x2eebe4	0xc0db0
0x2eeac8	72	0x2eebe8	0xc3c40
0x2eeac8	73	0x2eebec	0xc3d20
0x2eeac8	74	0x2eebf0	0xc6c80
0x2eebf8	0	0x2eebf8	0xce0a0
0x2eebf8	1	0x2eebfc	0xce1a0
0x2eebf8	2	0x2eec00	0x25890
0x2eebf8	3	0x2eec04	0xc2e40
0x2eebf8	4	0x2eec08	0xce250
0x2eebf8	5	0x2eec0c	0xc36f0
0x2eebf8	6	0x2eec10	0x254d0
0x2eebf8	7	0x2eec14	0x51f60
0x2eebf8	8	0x2eec18	0x25890
0x2eebf8	9	0x2eec1c	0x25480
0x2eebf8	10	0x2eec20	0x25520
0x2eebf8	11	0x2eec24	0x25530
0x2eebf8	12	0x2eec28	0x51f50
0x2eebf8	13	0x2eec2c	0x25540
0x2eebf8	14	0x2eec30	0x25800
0x2eebf8	15	0x2eec34	0xd1c00
0x2eebf8	16	0x2eec38	0x254a0
0x2eebf8	17	0x2eec3c	0x254b0
0x2eebf8	18	0x2eec40	0xaa910
0x2eebf8	19	0x2eec44	0xaa9a0
0x2eebf8	20	0x2eec48	0xaa9b0
0x2eebf8	21	0x2eec4c	0xce5e0
0x2eebf8	22	0x2eec50	0xce630
0x2eebf8	23	0x2eec54	0xce2e0
0x2eebf8	24	0x2eec58	0xce3d0
0x2eebf8	25	0x2eec5c	0xc1c20
0x2eebf8	26	0x2eec60	0xc3200
0x2eebf8	27	0x2eec64	0x25890
0x2eebf8	28	0x2eec68	0x29100
0x2eebf8	29	0x2eec6c	0xc3440
0x2eebf8	30	0x2eec70	0xc2e80
0x2eebf8	31	0x2eec74	0x1ba900
0x2eebf8	32	0x2eec78	0xc3cc0
0x2eebf8	33	0x2eec7c	0x25950
0x2eebf8	34	0x2eec80	0xc3d10
0x2eebf8	35	0x2eec84	0x25810
0x2eebf8	36	0x2eec88	0xac5a0
0x2eebf8	37	0x2eec8c	0x25860
0x2eebf8	38	0x2eec90	0x25870
0x2eebf8	39	0x2eec94	0x52cb0
0x2eebf8	40	0x2eec98	0xd0b80
0x2eebf8	41	0x2eec9c	0xc2e60
0x2eebf8	42	0x2eeca0	0xc1da0
0x2eebf8	43	0x2eeca4	0xab3c0
0x2eebf8	44	0x2eeca8	0xce710
0x2eebf8	45	0x2eecac	0xce9f0
0x2eebf8	46	0x2eecb0	0xcec40
0x2eebf8	47	0x2eecb4	0xd0c10
0x2eebf8	48	0x2eecb8	0x19ed70
0x2eebf8	49	0x2eecbc	0xc2db0
0x2eebf8	50	0x2eecc0	0xac540
0x2eebf8	51	0x2eecc4	0xf9830
0x2eebf8	52	0x2eecc8	0xc1f00
0x2eebf8	53	0x2eeccc	0xd1f90
0x2eebf8	54	0x2eecd0	0xd1fb0
0x2eebf8	55	0x2eecd4	0xd1fd0
0x2eebf8	56	0x2eecd8	0xaa900
0x2eebf8	57	0x2eecdc	0xaa900
0x2eebf8	58	0x2eece0	0x29100
0x2eebf8	59	0x2eece4	0x29100
0x2eebf8	60	0x2eece8	0xc3bc0
0x2eebf8	61	0x2eecec	0xd0be0
0x2eebf8	62	0x2eecf0	0x52cf0
0x2eebf8	63	0x2eecf4	0xd0c50
0x2eebf8	64	0x2eecf8	0xc06c0
0x2eebf8	65	0x2eecfc	0xd1c10
0x2eebf8	66	0x2eed00	0xd1c60
0x2eebf8	67	0x2eed04	0xc1e00
0x2eebf8	68	0x2eed08	0xc3760
0x2eebf8	69	0x2eed0c	0xc0b30
0x2eebf8	70	0x2eed10	0x52cd0
0x2eebf8	71	0x2eed14	0xc0db0
0x2eebf8	72	0x2eed18	0xc3c40
0x2eebf8	73	0x2eed1c	0xc3d20
0x2eebf8	74	0x2eed20	0xc6c80
0x2eed28	0	0x2eed28	0xcefb0
0x2eed28	1	0x2eed2c	0xcf0c0
0x2eed28	2	0x2eed30	0x25890
0x2eed28	3	0x2eed34	0xc2e40
0x2eed28	4	0x2eed38	0xcf190
0x2eed28	5	0x2eed3c	0xc36f0
0x2eed28	6	0x2eed40	0x254d0
0x2eed28	7	0x2eed44	0x51f60
0x2eed28	8	0x2eed48	0x25890
0x2eed28	9	0x2eed4c	0x25480
0x2eed28	10	0x2eed50	0x25520
0x2eed28	11	0x2eed54	0x25530
0x2eed28	12	0x2eed58	0x51f50
0x2eed28	13	0x2eed5c	0x25540
0x2eed28	14	0x2eed60	0x25800
0x2eed28	15	0x2eed64	0xd1c00
0x2eed28	16	0x2eed68	0x254a0
0x2eed28	17	0x2eed6c	0x254b0
0x2eed28	18	0x2eed70	0xaa910
0x2eed28	19	0x2eed74	0xaa9a0
0x2eed28	20	0x2eed78	0xaa9b0
0x2eed28	21	0x2eed7c	0xcf950
0x2eed28	22	0x2eed80	0xcfa10
0x2eed28	23	0x2eed84	0xcf690
0x2eed28	24	0x2eed88	0xcf780
0x2eed28	25	0x2eed8c	0xc1c20
0x2eed28	26	0x2eed90	0xc3200
0x2eed28	27	0x2eed94	0x25890
0x2eed28	28	0x2eed98	0xc32e0
0x2eed28	29	0x2eed9c	0xc3440
0x2eed28	30	0x2eeda0	0xc2e80
0x2eed28	31	0x2eeda4	0x1ba900
0x2eed28	32	0x2eeda8	0xc3cc0
0x2eed28	33	0x2eedac	0x25950
0x2eed28	34	0x2eedb0	0xc3d10
0x2eed28	35	0x2eedb4	0x25810
0x2eed28	36	0x2eedb8	0xac5a0
0x2eed28	37	0x2eedbc	0x25860
0x2eed28	38	0x2eedc0	0x25870
0x2eed28	39	0x2eedc4	0x52cb0
0x2eed28	40	0x2eedc8	0xd0b80
0x2eed28	41	0x2eedcc	0xcf160
0x2eed28	42	0x2eedd0	0xc1da0
0x2eed28	43	0x2eedd4	0xab3c0
0x2eed28	44	0x2eedd8	0xcfb20
0x2eed28	45	0x2eeddc	0xcfe40
0x2eed28	46	0x2eede0	0xd0300
0x2eed28	47	0x2eede4	0xd0c10
0x2eed28	48	0x2eede8	0x19ed70
0x2eed28	49	0x2eedec	0xc2db0
0x2eed28	50	0x2eedf0	0xac540
0x2eed28	51	0x2eedf4	0xacc20
0x2eed28	52	0x2eedf8	0xc1f00
0x2eed28	53	0x2eedfc	0xd1f90
0x2eed28	54	0x2eee00	0xd1fb0
0x2eed28	55	0x2eee04	0xd1fd0
0x2eed28	56	0x2eee08	0xaa900
0x2eed28	57	0x2eee0c	0xaa900
0x2eed28	58	0x2eee10	0x29100
0x2eed28	59	0x2eee14	0x29100
0x2eed28	60	0x2eee18	0xc3bc0
0x2eed28	61	0x2eee1c	0xd0be0
0x2eed28	62	0x2eee20	0x52cf0
0x2eed28	63	0x2eee24	0xd0c50
0x2eed28	64	0x2eee28	0xc06c0
0x2eed28	65	0x2eee2c	0xd1c10
0x2eed28	66	0x2eee30	0xd1c60
0x2eed28	67	0x2eee34	0xc1e00
0x2eed28	68	0x2eee38	0xc3760
0x2eed28	69	0x2eee3c	0xcf490
0x2eed28	70	0x2eee40	0x52cd0
0x2eed28	71	0x2eee44	0xc0db0
0x2eed28	72	0x2eee48	0xc3c40
0x2eed28	73	0x2eee4c	0xc3d20
0x2eed28	74	0x2eee50	0xc6c80
0x2eef98	0	0x2eef98	0xd08f0
0x2eef98	1	0x2eef9c	0xd0d20
0x2eef98	2	0x2eefa0	0x25890
0x2eef98	3	0x2eefa4	0x25890
0x2eef98	4	0x2eefa8	0xaa420
0x2eef98	5	0x2eefac	0xaa440
0x2eef98	6	0x2eefb0	0x254d0
0x2eef98	7	0x2eefb4	0x51f60
0x2eef98	8	0x2eefb8	0x25890
0x2eef98	9	0x2eefbc	0x25480
0x2eef98	10	0x2eefc0	0x25520
0x2eef98	11	0x2eefc4	0x25530
0x2eef98	12	0x2eefc8	0x51f50
0x2eef98	13	0x2eefcc	0x25540
0x2eef98	14	0x2eefd0	0x25800
0x2eef98	15	0x2eefd4	0xd1c00
0x2eef98	16	0x2eefd8	0x254a0
0x2eef98	17	0x2eefdc	0x254b0
0x2eef98	18	0x2eefe0	0xaa910
0x2eef98	19	0x2eefe4	0xaa9a0
0x2eef98	20	0x2eefe8	0xaa9b0
0x2eef98	21	0x2eefec	0xd0d70
0x2eef98	22	0x2eeff0	0xd0e10
0x2eef98	23	0x2eeff4	0xaaa40
0x2eef98	24	0x2eeff8	0xaaa40
0x2eef98	25	0x2eeffc	0xaaa40
0x2eef98	26	0x2ef000	0x29100
0x2eef98	27	0x2ef004	0x25890
0x2eef98	28	0x2ef008	0xd2210
0x2eef98	29	0x2ef00c	0x29100
0x2eef98	30	0x2ef010	0x93840
0x2eef98	31	0x2ef014	0x1ba900
0x2eef98	32	0x2ef018	0x1ba850
0x2eef98	33	0x2ef01c	0x25480
0x2eef98	34	0x2ef020	0x25490
0x2eef98	35	0x2ef024	0x25810
0x2eef98	36	0x2ef028	0xac5a0
0x2eef98	37	0x2ef02c	0x25860
0x2eef98	38	0x2ef030	0x25870
0x2eef98	39	0x2ef034	0x52cb0
0x2eef98	40	0x2ef038	0xd0b80
0x2eef98	41	0x2ef03c	0x25890
0x2eef98	42	0x2ef040	0x1a4040
0x2eef98	43	0x2ef044	0xab3c0
0x2eef98	44	0x2ef048	0xd1180
0x2eef98	45	0x2ef04c	0xd1430
0x2eef98	46	0x2ef050	0xd1720
0x2eef98	47	0x2ef054	0xd0c10
0x2eef98	48	0x2ef058	0x19ed70
0x2eef98	49	0x2ef05c	0xac510
0x2eef98	50	0x2ef060	0xac540
0x2eef98	51	0x2ef064	0xacc20
0x2eef98	52	0x2ef068	0xd1f60
0x2eef98	53	0x2ef06c	0xd1f90
0x2eef98	54	0x2ef070	0xd1fb0
0x2eef98	55	0x2ef074	0xd1fd0
0x2eef98	56	0x2ef078	0xaa900
0x2eef98	57	0x2ef07c	0xaa900
0x2eef98	58	0x2ef080	0x29100
0x2eef98	59	0x2ef084	0x29100
0x2eef98	60	0x2ef088	0xaaa80
0x2eef98	61	0x2ef08c	0xd0be0
0x2eef98	62	0x2ef090	0x12a620
0x2eef98	63	0x2ef094	0xd0c50
0x2eef98	64	0x2ef098	0x25890
0x2eef98	65	0x2ef09c	0xd1c10
0x2eef98	66	0x2ef0a0	0xd1c60
0x2ef0a8	0	0x2ef0a8	0xd25c0
0x2ef0a8	1	0x2ef0ac	0xd26b0
0x2ef0a8	2	0x2ef0b0	0x25890
0x2ef0a8	3	0x2ef0b4	0xc2e40
0x2ef0a8	4	0x2ef0b8	0xd27f0
0x2ef0a8	5	0x2ef0bc	0xc36f0
0x2ef0a8	6	0x2ef0c0	0x254d0
0x2ef0a8	7	0x2ef0c4	0x51f60
0x2ef0a8	8	0x2ef0c8	0x25890
0x2ef0a8	9	0x2ef0cc	0x25480
0x2ef0a8	10	0x2ef0d0	0x25520
0x2ef0a8	11	0x2ef0d4	0x25530
0x2ef0a8	12	0x2ef0d8	0x51f50
0x2ef0a8	13	0x2ef0dc	0x25540
0x2ef0a8	14	0x2ef0e0	0x25800
0x2ef0a8	15	0x2ef0e4	0xd1c00
0x2ef0a8	16	0x2ef0e8	0x254a0
0x2ef0a8	17	0x2ef0ec	0x254b0
0x2ef0a8	18	0x2ef0f0	0xaa910
0x2ef0a8	19	0x2ef0f4	0xaa9a0
0x2ef0a8	20	0x2ef0f8	0xaa9b0
0x2ef0a8	21	0x2ef0fc	0xd2cc0
0x2ef0a8	22	0x2ef100	0xd2d50
0x2ef0a8	23	0x2ef104	0xd28e0
0x2ef0a8	24	0x2ef108	0xd29d0
0x2ef0a8	25	0x2ef10c	0xc1c20
0x2ef0a8	26	0x2ef110	0xc3200
0x2ef0a8	27	0x2ef114	0x25890
0x2ef0a8	28	0x2ef118	0xc32e0
0x2ef0a8	29	0x2ef11c	0xc3440
0x2ef0a8	30	0x2ef120	0xc2e80
0x2ef0a8	31	0x2ef124	0x1ba900
0x2ef0a8	32	0x2ef128	0xc3cc0
0x2ef0a8	33	0x2ef12c	0x25950
0x2ef0a8	34	0x2ef130	0xc3d10
0x2ef0a8	35	0x2ef134	0x25810
0x2ef0a8	36	0x2ef138	0xac5a0
0x2ef0a8	37	0x2ef13c	0x25860
0x2ef0a8	38	0x2ef140	0x25870
0x2ef0a8	39	0x2ef144	0x52cb0
0x2ef0a8	40	0x2ef148	0xd0b80
0x2ef0a8	41	0x2ef14c	0xc2e60
0x2ef0a8	42	0x2ef150	0xc1da0
0x2ef0a8	43	0x2ef154	0xab3c0
0x2ef0a8	44	0x2ef158	0xd3090
0x2ef0a8	45	0x2ef15c	0xd3340
0x2ef0a8	46	0x2ef160	0xd3510
0x2ef0a8	47	0x2ef164	0xd0c10
0x2ef0a8	48	0x2ef168	0x19ed70
0x2ef0a8	49	0x2ef16c	0xd37e0
0x2ef0a8	50	0x2ef170	0xac540
0x2ef0a8	51	0x2ef174	0xacc20
0x2ef0a8	52	0x2ef178	0xc1f00
0x2ef0a8	53	0x2ef17c	0xd1f90
0x2ef0a8	54	0x2ef180	0xd1fb0
0x2ef0a8	55	0x2ef184	0xd1fd0
0x2ef0a8	56	0x2ef188	0xaa900
0x2ef0a8	57	0x2ef18c	0xaa900
0x2ef0a8	58	0x2ef190	0x29100
0x2ef0a8	59	0x2ef194	0x29100
0x2ef0a8	60	0x2ef198	0xc3bc0
0x2ef0a8	61	0x2ef19c	0xd0be0
0x2ef0a8	62	0x2ef1a0	0x52cf0
0x2ef0a8	63	0x2ef1a4	0xd0c50
0x2ef0a8	64	0x2ef1a8	0xc06c0
0x2ef0a8	65	0x2ef1ac	0xd1c10
0x2ef0a8	66	0x2ef1b0	0xd1c60
0x2ef0a8	67	0x2ef1b4	0xc1e00
0x2ef0a8	68	0x2ef1b8	0xc3760
0x2ef0a8	69	0x2ef1bc	0xc0b30
0x2ef0a8	70	0x2ef1c0	0x52cd0
0x2ef0a8	71	0x2ef1c4	0xc0db0
0x2ef0a8	72	0x2ef1c8	0xc3c40
0x2ef0a8	73	0x2ef1cc	0xc3d20
0x2ef0a8	74	0x2ef1d0	0xc6c80
0x2ef1d8	0	0x2ef1d8	0xd3cb0
0x2ef1d8	1	0x2ef1dc	0xd4060
0x2ef1d8	2	0x2ef1e0	0x25890
0x2ef1d8	3	0x2ef1e4	0xd42b0
0x2ef1d8	4	0x2ef1e8	0xd4360
0x2ef1d8	5	0x2ef1ec	0xc36f0
0x2ef1d8	6	0x2ef1f0	0x254d0
0x2ef1d8	7	0x2ef1f4	0x51f60
0x2ef1d8	8	0x2ef1f8	0x25890
0x2ef1d8	9	0x2ef1fc	0x25480
0x2ef1d8	10	0x2ef200	0x25520
0x2ef1d8	11	0x2ef204	0x25530
0x2ef1d8	12	0x2ef208	0x51f50
0x2ef1d8	13	0x2ef20c	0x25540
0x2ef1d8	14	0x2ef210	0x25800
0x2ef1d8	15	0x2ef214	0xd1c00
0x2ef1d8	16	0x2ef218	0x254a0
0x2ef1d8	17	0x2ef21c	0x254b0
0x2ef1d8	18	0x2ef220	0xaa910
0x2ef1d8	19	0x2ef224	0xaa9a0
0x2ef1d8	20	0x2ef228	0xaa9b0
0x2ef1d8	21	0x2ef22c	0xd4a80
0x2ef1d8	22	0x2ef230	0xd5180
0x2ef1d8	23	0x2ef234	0xd4620
0x2ef1d8	24	0x2ef238	0xd4740
0x2ef1d8	25	0x2ef23c	0xc1c20
0x2ef1d8	26	0x2ef240	0xc3200
0x2ef1d8	27	0x2ef244	0x25890
0x2ef1d8	28	0x2ef248	0xd4100
0x2ef1d8	29	0x2ef24c	0xd4230
0x2ef1d8	30	0x2ef250	0xc2e80
0x2ef1d8	31	0x2ef254	0x1ba900
0x2ef1d8	32	0x2ef258	0xc3cc0
0x2ef1d8	33	0x2ef25c	0x25950
0x2ef1d8	34	0x2ef260	0xc3d10
0x2ef1d8	35	0x2ef264	0x25810
0x2ef1d8	36	0x2ef268	0xac5a0
0x2ef1d8	37	0x2ef26c	0x25860
0x2ef1d8	38	0x2ef270	0x25870
0x2ef1d8	39	0x2ef274	0x52cb0
0x2ef1d8	40	0x2ef278	0xd0b80
0x2ef1d8	41	0x2ef27c	0xc2e60
0x2ef1d8	42	0x2ef280	0xc1da0
0x2ef1d8	43	0x2ef284	0xab3c0
0x2ef1d8	44	0x2ef288	0xd65b0
0x2ef1d8	45	0x2ef28c	0xd7360
0x2ef1d8	46	0x2ef290	0xd8140
0x2ef1d8	47	0x2ef294	0xd0c10
0x2ef1d8	48	0x2ef298	0x19ed70
0x2ef1d8	49	0x2ef29c	0xc2db0
0x2ef1d8	50	0x2ef2a0	0xd4300
0x2ef1d8	51	0x2ef2a4	0xacc20
0x2ef1d8	52	0x2ef2a8	0xc1f00
0x2ef1d8	53	0x2ef2ac	0xd1f90
0x2ef1d8	54	0x2ef2b0	0xd1fb0
0x2ef1d8	55	0x2ef2b4	0xd1fd0
0x2ef1d8	56	0x2ef2b8	0xaa900
0x2ef1d8	57	0x2ef2bc	0xaa900
0x2ef1d8	58	0x2ef2c0	0x29100
0x2ef1d8	59	0x2ef2c4	0x29100
0x2ef1d8	60	0x2ef2c8	0xc3bc0
0x2ef1d8	61	0x2ef2cc	0xd0be0
0x2ef1d8	62	0x2ef2d0	0x52cf0
0x2ef1d8	63	0x2ef2d4	0xd0c50
0x2ef1d8	64	0x2ef2d8	0xc06c0
0x2ef1d8	65	0x2ef2dc	0xd1c10
0x2ef1d8	66	0x2ef2e0	0xd1c60
0x2ef1d8	67	0x2ef2e4	0xc1e00
0x2ef1d8	68	0x2ef2e8	0xc3760
0x2ef1d8	69	0x2ef2ec	0xc0b30
0x2ef1d8	70	0x2ef2f0	0x52cd0
0x2ef1d8	71	0x2ef2f4	0xc0db0
0x2ef1d8	72	0x2ef2f8	0xc3c40
0x2ef1d8	73	0x2ef2fc	0xc3d20
0x2ef1d8	74	0x2ef300	0xc6c80
0x2ef310	0	0x2ef310	0xd9040
0x2ef310	1	0x2ef314	0xd9620
0x2ef310	2	0x2ef318	0x25890
0x2ef310	3	0x2ef31c	0x25890
0x2ef310	4	0x2ef320	0xda6c0
0x2ef310	5	0x2ef324	0xaa440
0x2ef310	6	0x2ef328	0x254d0
0x2ef310	7	0x2ef32c	0x51f60
0x2ef310	8	0x2ef330	0x25890
0x2ef310	9	0x2ef334	0x25480
0x2ef310	10	0x2ef338	0x25520
0x2ef310	11	0x2ef33c	0x25530
0x2ef310	12	0x2ef340	0x51f50
0x2ef310	13	0x2ef344	0x25540
0x2ef310	14	0x2ef348	0x25800
0x2ef310	15	0x2ef34c	0x12a620
0x2ef310	16	0x2ef350	0x254a0
0x2ef310	17	0x2ef354	0x254b0
0x2ef310	18	0x2ef358	0xaa910
0x2ef310	19	0x2ef35c	0xaa9a0
0x2ef310	20	0x2ef360	0xaa9b0
0x2ef310	21	0x2ef364	0xda280
0x2ef310	22	0x2ef368	0xda460
0x2ef310	23	0x2ef36c	0xd9650
0x2ef310	24	0x2ef370	0xd9890
0x2ef310	25	0x2ef374	0xaaa40
0x2ef310	26	0x2ef378	0x29100
0x2ef310	27	0x2ef37c	0x25890
0x2ef310	28	0x2ef380	0xd9590
0x2ef310	29	0x2ef384	0x29100
0x2ef310	30	0x2ef388	0xe3f10
0x2ef310	31	0x2ef38c	0x1ba900
0x2ef310	32	0x2ef390	0x1ba850
0x2ef310	33	0x2ef394	0x25480
0x2ef310	34	0x2ef398	0x25490
0x2ef310	35	0x2ef39c	0x25810
0x2ef310	36	0x2ef3a0	0xac5a0
0x2ef310	37	0x2ef3a4	0x25860
0x2ef310	38	0x2ef3a8	0x25870
0x2ef310	39	0x2ef3ac	0x52cb0
0x2ef310	40	0x2ef3b0	0x1ba850
0x2ef310	41	0x2ef3b4	0x25890
0x2ef310	42	0x2ef3b8	0x1a4040
0x2ef310	43	0x2ef3bc	0xab3c0
0x2ef310	44	0x2ef3c0	0xda890
0x2ef310	45	0x2ef3c4	0xdabc0
0x2ef310	46	0x2ef3c8	0xdb240
0x2ef310	47	0x2ef3cc	0xac4c0
0x2ef310	48	0x2ef3d0	0x19ed70
0x2ef310	49	0x2ef3d4	0xac510
0x2ef310	50	0x2ef3d8	0xac540
0x2ef310	51	0x2ef3dc	0xacc20
0x2ef310	52	0x2ef3e0	0x19ed70
0x2ef310	53	0x2ef3e4	0x12a620
0x2ef310	54	0x2ef3e8	0x12a620
0x2ef310	55	0x2ef3ec	0x12a620
0x2ef310	56	0x2ef3f0	0xaa900
0x2ef310	57	0x2ef3f4	0xaa900
0x2ef310	58	0x2ef3f8	0xd98f0
0x2ef310	59	0x2ef3fc	0xd9670
0x2ef310	60	0x2ef400	0xaaa80
0x2ef420	0	0x2ef420	0xdc8f0
0x2ef420	1	0x2ef424	0xdcc10
0x2ef420	2	0x2ef428	0x25890
0x2ef420	3	0x2ef42c	0xdcd80
0x2ef420	4	0x2ef430	0xdd480
0x2ef420	5	0x2ef434	0xaa440
0x2ef420	6	0x2ef438	0x254d0
0x2ef420	7	0x2ef43c	0x51f60
0x2ef420	8	0x2ef440	0x25890
0x2ef420	9	0x2ef444	0x25480
0x2ef420	10	0x2ef448	0x25520
0x2ef420	11	0x2ef44c	0x25530
0x2ef420	12	0x2ef450	0x51f50
0x2ef420	13	0x2ef454	0x25540
0x2ef420	14	0x2ef458	0x25800
0x2ef420	15	0x2ef45c	0x12a620
0x2ef420	16	0x2ef460	0x254a0
0x2ef420	17	0x2ef464	0x254b0
0x2ef420	18	0x2ef468	0xaa910
0x2ef420	19	0x2ef46c	0xaa9a0
0x2ef420	20	0x2ef470	0xaa9b0
0x2ef420	21	0x2ef474	0xde760
0x2ef420	22	0x2ef478	0xde9e0
0x2ef420	23	0x2ef47c	0x138de0
0x2ef420	24	0x2ef480	0x138ef0
0x2ef420	25	0x2ef484	0xaaa40
0x2ef420	26	0x2ef488	0x29100
0x2ef420	27	0x2ef48c	0x25890
0x2ef420	28	0x2ef490	0xe2d70
0x2ef420	29	0x2ef494	0x29100
0x2ef420	30	0x2ef498	0xde730
0x2ef420	31	0x2ef49c	0x1ba900
0x2ef420	32	0x2ef4a0	0x1ba850
0x2ef420	33	0x2ef4a4	0x25480
0x2ef420	34	0x2ef4a8	0x25490
0x2ef420	35	0x2ef4ac	0x25810
0x2ef420	36	0x2ef4b0	0xac5a0
0x2ef420	37	0x2ef4b4	0x25860
0x2ef420	38	0x2ef4b8	0x25870
0x2ef420	39	0x2ef4bc	0x52cb0
0x2ef420	40	0x2ef4c0	0x1ba850
0x2ef420	41	0x2ef4c4	0x25890
0x2ef420	42	0x2ef4c8	0x1a4040
0x2ef420	43	0x2ef4cc	0xab3c0
0x2ef420	44	0x2ef4d0	0xdf5e0
0x2ef420	45	0x2ef4d4	0xdff30
0x2ef420	46	0x2ef4d8	0xe0df0
0x2ef420	47	0x2ef4dc	0xac4c0
0x2ef420	48	0x2ef4e0	0x19ed70
0x2ef420	49	0x2ef4e4	0xe1a60
0x2ef420	50	0x2ef4e8	0xac540
0x2ef420	51	0x2ef4ec	0xacc20
0x2ef420	52	0x2ef4f0	0x19ed70
0x2ef420	53	0x2ef4f4	0x12a620
0x2ef420	54	0x2ef4f8	0x12a620
0x2ef420	55	0x2ef4fc	0x12a620
0x2ef420	56	0x2ef500	0xaa900
0x2ef420	57	0x2ef504	0xaa900
0x2ef420	58	0x2ef508	0xdd310
0x2ef420	59	0x2ef50c	0xdcc90
0x2ef420	60	0x2ef510	0xe30c0
0x2ef518	0	0x2ef518	0xe1de0
0x2ef518	1	0x2ef51c	0xe2050
0x2ef518	2	0x2ef520	0x25890
0x2ef518	3	0x2ef524	0x25890
0x2ef518	4	0x2ef528	0xe2090
0x2ef518	5	0x2ef52c	0xaa440
0x2ef518	6	0x2ef530	0x254d0
0x2ef518	7	0x2ef534	0x51f60
0x2ef518	8	0x2ef538	0x25890
0x2ef518	9	0x2ef53c	0x25480
0x2ef518	10	0x2ef540	0x25520
0x2ef518	11	0x2ef544	0x25530
0x2ef518	12	0x2ef548	0x51f50
0x2ef518	13	0x2ef54c	0x25540
0x2ef518	14	0x2ef550	0x25800
0x2ef518	15	0x2ef554	0x12a620
0x2ef518	16	0x2ef558	0x254a0
0x2ef518	17	0x2ef55c	0x254b0
0x2ef518	18	0x2ef560	0xaa910
0x2ef518	19	0x2ef564	0xaa9a0
0x2ef518	20	0x2ef568	0xaa9b0
0x2ef518	21	0x2ef56c	0xe2b70
0x2ef518	22	0x2ef570	0xe2c00
0x2ef518	23	0x2ef574	0x138de0
0x2ef518	24	0x2ef578	0x138ef0
0x2ef518	25	0x2ef57c	0xaaa40
0x2ef518	26	0x2ef580	0x29100
0x2ef518	27	0x2ef584	0x25890
0x2ef518	28	0x2ef588	0xe2d70
0x2ef518	29	0x2ef58c	0x29100
0x2ef518	30	0x2ef590	0xe3f10
0x2ef518	31	0x2ef594	0x1ba900
0x2ef518	32	0x2ef598	0x1ba850
0x2ef518	33	0x2ef59c	0x25480
0x2ef518	34	0x2ef5a0	0x25490
0x2ef518	35	0x2ef5a4	0x25810
0x2ef518	36	0x2ef5a8	0xac5a0
0x2ef518	37	0x2ef5ac	0x25860
0x2ef518	38	0x2ef5b0	0x25870
0x2ef518	39	0x2ef5b4	0x52cb0
0x2ef518	40	0x2ef5b8	0x1ba850
0x2ef518	41	0x2ef5bc	0x25890
0x2ef518	42	0x2ef5c0	0x1a4040
0x2ef518	43	0x2ef5c4	0xab3c0
0x2ef518	44	0x2ef5c8	0xe30f0
0x2ef518	45	0x2ef5cc	0xe3380
0x2ef518	46	0x2ef5d0	0xe37d0
0x2ef518	47	0x2ef5d4	0xac4c0
0x2ef518	48	0x2ef5d8	0x19ed70
0x2ef518	49	0x2ef5dc	0xac510
0x2ef518	50	0x2ef5e0	0xac540
0x2ef518	51	0x2ef5e4	0xacc20
0x2ef518	52	0x2ef5e8	0x19ed70
0x2ef518	53	0x2ef5ec	0x12a620
0x2ef518	54	0x2ef5f0	0x12a620
0x2ef518	55	0x2ef5f4	0x12a620
0x2ef518	56	0x2ef5f8	0xaa900
0x2ef518	57	0x2ef5fc	0xaa900
0x2ef518	58	0x2ef600	0xe2970
0x2ef518	59	0x2ef604	0xe2880
0x2ef518	60	0x2ef608	0xe30c0
0x2ef610	0	0x2ef610	0xe3e60
0x2ef610	1	0x2ef614	0xe43c0
0x2ef610	2	0x2ef618	0x25890
0x2ef610	3	0x2ef61c	0x25890
0x2ef610	4	0x2ef620	0xaa420
0x2ef610	5	0x2ef624	0xe3ef0
0x2ef610	6	0x2ef628	0x254d0
0x2ef610	7	0x2ef62c	0x51f60
0x2ef610	8	0x2ef630	0x25890
0x2ef610	9	0x2ef634	0x25480
0x2ef610	10	0x2ef638	0x25520
0x2ef610	11	0x2ef63c	0x25530
0x2ef610	12	0x2ef640	0x51f50
0x2ef610	13	0x2ef644	0x25540
0x2ef610	14	0x2ef648	0x25800
0x2ef610	15	0x2ef64c	0x12a620
0x2ef610	16	0x2ef650	0x254a0
0x2ef610	17	0x2ef654	0x254b0
0x2ef610	18	0x2ef658	0xaa910
0x2ef610	19	0x2ef65c	0xaa9a0
0x2ef610	20	0x2ef660	0xaa9b0
0x2ef610	21	0x2ef664	0xe4580
0x2ef610	22	0x2ef668	0xe47a0
0x2ef610	23	0x2ef66c	0x81b40
0x2ef610	24	0x2ef670	0xe4550
0x2ef610	25	0x2ef674	0xaaa40
0x2ef610	26	0x2ef678	0x29100
0x2ef610	27	0x2ef67c	0x25890
0x2ef610	28	0x2ef680	0xe4be0
0x2ef610	29	0x2ef684	0xe69b0
0x2ef610	30	0x2ef688	0xe3f10
0x2ef610	31	0x2ef68c	0x1ba900
0x2ef610	32	0x2ef690	0x1ba850
0x2ef610	33	0x2ef694	0x25480
0x2ef610	34	0x2ef698	0x25490
0x2ef610	35	0x2ef69c	0x25810
0x2ef610	36	0x2ef6a0	0xe4ba0
0x2ef610	37	0x2ef6a4	0x25860
0x2ef610	38	0x2ef6a8	0x25870
0x2ef610	39	0x2ef6ac	0x52cb0
0x2ef610	40	0x2ef6b0	0x1ba850
0x2ef610	41	0x2ef6b4	0x25890
0x2ef610	42	0x2ef6b8	0x1a4040
0x2ef610	43	0x2ef6bc	0xab3c0
0x2ef610	44	0x2ef6c0	0xe4ed0
0x2ef610	45	0x2ef6c4	0xe52c0
0x2ef610	46	0x2ef6c8	0xe6120
0x2ef610	47	0x2ef6cc	0xac4c0
0x2ef610	48	0x2ef6d0	0x19ed70
0x2ef610	49	0x2ef6d4	0xe6960
0x2ef610	50	0x2ef6d8	0xe6910
0x2ef610	51	0x2ef6dc	0xacc20
0x2ef610	52	0x2ef6e0	0x19ed70
0x2ef610	53	0x2ef6e4	0x12a620
0x2ef610	54	0x2ef6e8	0x12a620
0x2ef610	55	0x2ef6ec	0x12a620
0x2ef610	56	0x2ef6f0	0xaa900
0x2ef610	57	0x2ef6f4	0xaa900
0x2ef610	58	0x2ef6f8	0xe4570
0x2ef610	59	0x2ef6fc	0xe4430
0x2ef610	60	0x2ef700	0xaaa80
0x2ef708	0	0x2ef708	0xe7700
0x2ef708	1	0x2ef70c	0xe7940
0x2ef708	2	0x2ef710	0x25890
0x2ef708	3	0x2ef714	0x25890
0x2ef708	4	0x2ef718	0xe8f80
0x2ef708	5	0x2ef71c	0xaa440
0x2ef708	6	0x2ef720	0x254d0
0x2ef708	7	0x2ef724	0x51f60
0x2ef708	8	0x2ef728	0x25890
0x2ef708	9	0x2ef72c	0x25480
0x2ef708	10	0x2ef730	0x25520
0x2ef708	11	0x2ef734	0x25530
0x2ef708	12	0x2ef738	0x51f50
0x2ef708	13	0x2ef73c	0x25540
0x2ef708	14	0x2ef740	0x25800
0x2ef708	15	0x2ef744	0x12a620
0x2ef708	16	0x2ef748	0x254a0
0x2ef708	17	0x2ef74c	0x254b0
0x2ef708	18	0x2ef750	0xaa910
0x2ef708	19	0x2ef754	0xaa9a0
0x2ef708	20	0x2ef758	0xaa9b0
0x2ef708	21	0x2ef75c	0xe98c0
0x2ef708	22	0x2ef760	0xe9dc0
0x2ef708	23	0x2ef764	0xe8150
0x2ef708	24	0x2ef768	0xe8260
0x2ef708	25	0x2ef76c	0xaaa40
0x2ef708	26	0x2ef770	0x29100
0x2ef708	27	0x2ef774	0x25890
0x2ef708	28	0x2ef778	0xe7ab0
0x2ef708	29	0x2ef77c	0x29100
0x2ef708	30	0x2ef780	0xe3f10
0x2ef708	31	0x2ef784	0x1ba900
0x2ef708	32	0x2ef788	0x1ba850
0x2ef708	33	0x2ef78c	0x25480
0x2ef708	34	0x2ef790	0x25490
0x2ef708	35	0x2ef794	0x25810
0x2ef708	36	0x2ef798	0xac5a0
0x2ef708	37	0x2ef79c	0x25860
0x2ef708	38	0x2ef7a0	0x25870
0x2ef708	39	0x2ef7a4	0x52cb0
0x2ef708	40	0x2ef7a8	0x1ba850
0x2ef708	41	0x2ef7ac	0x25890
0x2ef708	42	0x2ef7b0	0x1a4040
0x2ef708	43	0x2ef7b4	0xab3c0
0x2ef708	44	0x2ef7b8	0xeb130
0x2ef708	45	0x2ef7bc	0xec000
0x2ef708	46	0x2ef7c0	0xecb90
0x2ef708	47	0x2ef7c4	0xac4c0
0x2ef708	48	0x2ef7c8	0x19ed70
0x2ef708	49	0x2ef7cc	0xe9d90
0x2ef708	50	0x2ef7d0	0xe9da0
0x2ef708	51	0x2ef7d4	0xacc20
0x2ef708	52	0x2ef7d8	0x19ed70
0x2ef708	53	0x2ef7dc	0x12a620
0x2ef708	54	0x2ef7e0	0x12a620
0x2ef708	55	0x2ef7e4	0x12a620
0x2ef708	56	0x2ef7e8	0xaa900
0x2ef708	57	0x2ef7ec	0xaa900
0x2ef708	58	0x2ef7f0	0xeab90
0x2ef708	59	0x2ef7f4	0xe8170
0x2ef708	60	0x2ef7f8	0xe30c0
0x2ef808	0	0x2ef808	0xedb70
0x2ef808	1	0x2ef80c	0xc0a40
0x2ef808	2	0x2ef810	0x25890
0x2ef808	3	0x2ef814	0xc2e40
0x2ef808	4	0x2ef818	0xc0ce0
0x2ef808	5	0x2ef81c	0xc36f0
0x2ef808	6	0x2ef820	0x254d0
0x2ef808	7	0x2ef824	0x51f60
0x2ef808	8	0x2ef828	0x25890
0x2ef808	9	0x2ef82c	0x25480
0x2ef808	10	0x2ef830	0x25520
0x2ef808	11	0x2ef834	0x25530
0x2ef808	12	0x2ef838	0x51f50
0x2ef808	13	0x2ef83c	0x25540
0x2ef808	14	0x2ef840	0x25800
0x2ef808	15	0x2ef844	0xd1c00
0x2ef808	16	0x2ef848	0x254a0
0x2ef808	17	0x2ef84c	0x254b0
0x2ef808	18	0x2ef850	0xaa910
0x2ef808	19	0x2ef854	0xaa9a0
0x2ef808	20	0x2ef858	0xaa9b0
0x2ef808	21	0x2ef85c	0xc1ff0
0x2ef808	22	0x2ef860	0xc2430
0x2ef808	23	0x2ef864	0xc1850
0x2ef808	24	0x2ef868	0xee250
0x2ef808	25	0x2ef86c	0xc1c20
0x2ef808	26	0x2ef870	0xc3200
0x2ef808	27	0x2ef874	0x25890
0x2ef808	28	0x2ef878	0xc32e0
0x2ef808	29	0x2ef87c	0xc3440
0x2ef808	30	0x2ef880	0xc2e80
0x2ef808	31	0x2ef884	0x1ba900
0x2ef808	32	0x2ef888	0xc3cc0
0x2ef808	33	0x2ef88c	0x25950
0x2ef808	34	0x2ef890	0xc3d10
0x2ef808	35	0x2ef894	0x25810
0x2ef808	36	0x2ef898	0xac5a0
0x2ef808	37	0x2ef89c	0x25860
0x2ef808	38	0x2ef8a0	0x25870
0x2ef808	39	0x2ef8a4	0x52cb0
0x2ef808	40	0x2ef8a8	0xd0b80
0x2ef808	41	0x2ef8ac	0xc2e60
0x2ef808	42	0x2ef8b0	0xc1da0
0x2ef808	43	0x2ef8b4	0xab3c0
0x2ef808	44	0x2ef8b8	0xc3f80
0x2ef808	45	0x2ef8bc	0xc49a0
0x2ef808	46	0x2ef8c0	0xc5ba0
0x2ef808	47	0x2ef8c4	0xd0c10
0x2ef808	48	0x2ef8c8	0x19ed70
0x2ef808	49	0x2ef8cc	0xc2db0
0x2ef808	50	0x2ef8d0	0xac540
0x2ef808	51	0x2ef8d4	0xacc20
0x2ef808	52	0x2ef8d8	0xc1f00
0x2ef808	53	0x2ef8dc	0xd1f90
0x2ef808	54	0x2ef8e0	0xd1fb0
0x2ef808	55	0x2ef8e4	0xd1fd0
0x2ef808	56	0x2ef8e8	0xaa900
0x2ef808	57	0x2ef8ec	0xaa900
0x2ef808	58	0x2ef8f0	0x29100
0x2ef808	59	0x2ef8f4	0x29100
0x2ef808	60	0x2ef8f8	0xc3bc0
0x2ef808	61	0x2ef8fc	0xd0be0
0x2ef808	62	0x2ef900	0x52cf0
0x2ef808	63	0x2ef904	0xd0c50
0x2ef808	64	0x2ef908	0xc06c0
0x2ef808	65	0x2ef90c	0xd1c10
0x2ef808	66	0x2ef910	0xd1c60
0x2ef808	67	0x2ef914	0xc1e00
0x2ef808	68	0x2ef918	0xc3760
0x2ef808	69	0x2ef91c	0xc0b30
0x2ef808	70	0x2ef920	0x52cd0
0x2ef808	71	0x2ef924	0xc0db0
0x2ef808	72	0x2ef928	0xc3c40
0x2ef808	73	0x2ef92c	0xc3d20
0x2ef808	74	0x2ef930	0xc6c80
0x2ef938	0	0x2ef938	0xee5d0
0x2ef938	1	0x2ef93c	0xeeb40
0x2ef938	2	0x2ef940	0x25890
0x2ef938	3	0x2ef944	0x25890
0x2ef938	4	0x2ef948	0xeebf0
0x2ef938	5	0x2ef94c	0xe3ef0
0x2ef938	6	0x2ef950	0x254d0
0x2ef938	7	0x2ef954	0x51f60
0x2ef938	8	0x2ef958	0x25890
0x2ef938	9	0x2ef95c	0x25480
0x2ef938	10	0x2ef960	0x25520
0x2ef938	11	0x2ef964	0x25530
0x2ef938	12	0x2ef968	0x51f50
0x2ef938	13	0x2ef96c	0x25540
0x2ef938	14	0x2ef970	0x25800
0x2ef938	15	0x2ef974	0x12a620
0x2ef938	16	0x2ef978	0x254a0
0x2ef938	17	0x2ef97c	0x254b0
0x2ef938	18	0x2ef980	0xaa910
0x2ef938	19	0x2ef984	0xaa9a0
0x2ef938	20	0x2ef988	0xaa9b0
0x2ef938	21	0x2ef98c	0xefc10
0x2ef938	22	0x2ef990	0xefdd0
0x2ef938	23	0x2ef994	0xeeee0
0x2ef938	24	0x2ef998	0xeef00
0x2ef938	25	0x2ef99c	0xaaa40
0x2ef938	26	0x2ef9a0	0x29100
0x2ef938	27	0x2ef9a4	0x25890
0x2ef938	28	0x2ef9a8	0xf0300
0x2ef938	29	0x2ef9ac	0xf0070
0x2ef938	30	0x2ef9b0	0xefaa0
0x2ef938	31	0x2ef9b4	0x1ba900
0x2ef938	32	0x2ef9b8	0x1ba850
0x2ef938	33	0x2ef9bc	0x25480
0x2ef938	34	0x2ef9c0	0x25490
0x2ef938	35	0x2ef9c4	0x25810
0x2ef938	36	0x2ef9c8	0xe4ba0
0x2ef938	37	0x2ef9cc	0x25860
0x2ef938	38	0x2ef9d0	0x25870
0x2ef938	39	0x2ef9d4	0x52cb0
0x2ef938	40	0x2ef9d8	0x1ba850
0x2ef938	41	0x2ef9dc	0x25890
0x2ef938	42	0x2ef9e0	0x1a4040
0x2ef938	43	0x2ef9e4	0xab3c0
0x2ef938	44	0x2ef9e8	0xf18a0
0x2ef938	45	0x2ef9ec	0xf11c0
0x2ef938	46	0x2ef9f0	0xf09f0
0x2ef938	47	0x2ef9f4	0xac4c0
0x2ef938	48	0x2ef9f8	0x19ed70
0x2ef938	49	0x2ef9fc	0xeebb0
0x2ef938	50	0x2efa00	0xeebe0
0x2ef938	51	0x2efa04	0xacc20
0x2ef938	52	0x2efa08	0x19ed70
0x2ef938	53	0x2efa0c	0x12a620
0x2ef938	54	0x2efa10	0x12a620
0x2ef938	55	0x2efa14	0x12a620
0x2ef938	56	0x2efa18	0xaa900
0x2ef938	57	0x2efa1c	0xaa900
0x2ef938	58	0x2efa20	0xeef30
0x2ef938	59	0x2efa24	0xeef20
0x2ef938	60	0x2efa28	0xaaa80
0x2efab0	0	0x2efab0	0xf9220
0x2efab0	1	0x2efab4	0x25890
0x2efab0	2	0x2efab8	0x25890
0x2efab0	3	0x2efabc	0x25890
0x2efab0	4	0x2efac0	0xaa420
0x2efab0	5	0x2efac4	0xaa440
0x2efab0	6	0x2efac8	0x254d0
0x2efab0	7	0x2efacc	0x51f60
0x2efab0	8	0x2efad0	0x25890
0x2efab0	9	0x2efad4	0x25480
0x2efab0	10	0x2efad8	0x25520
0x2efab0	11	0x2efadc	0x25530
0x2efab0	12	0x2efae0	0x51f50
0x2efab0	13	0x2efae4	0x25540
0x2efab0	14	0x2efae8	0x25800
0x2efab0	15	0x2efaec	0x12a620
0x2efab0	16	0x2efaf0	0x254a0
0x2efab0	17	0x2efaf4	0x254b0
0x2efab0	18	0x2efaf8	0xaa910
0x2efab0	19	0x2efafc	0xaa9a0
0x2efab0	20	0x2efb00	0xaa9b0
0x2efab0	21	0x2efb04	0xaa650
0x2efab0	22	0x2efb08	0xaa740
0x2efab0	23	0x2efb0c	0xaaa40
0x2efab0	24	0x2efb10	0xf9470
0x2efab0	25	0x2efb14	0xaaa40
0x2efab0	26	0x2efb18	0x29100
0x2efab0	27	0x2efb1c	0x25890
0x2efab0	28	0x2efb20	0x29100
0x2efab0	29	0x2efb24	0x29100
0x2efab0	30	0x2efb28	0xe3f10
0x2efab0	31	0x2efb2c	0x1ba900
0x2efab0	32	0x2efb30	0x1ba850
0x2efab0	33	0x2efb34	0x25480
0x2efab0	34	0x2efb38	0x25490
0x2efab0	35	0x2efb3c	0x25810
0x2efab0	36	0x2efb40	0xac5a0
0x2efab0	37	0x2efb44	0x25860
0x2efab0	38	0x2efb48	0x25870
0x2efab0	39	0x2efb4c	0x52cb0
0x2efab0	40	0x2efb50	0x1ba850
0x2efab0	41	0x2efb54	0x25890
0x2efab0	42	0x2efb58	0x1a4040
0x2efab0	43	0x2efb5c	0xab3c0
0x2efab0	44	0x2efb60	0xab4e0
0x2efab0	45	0x2efb64	0xab750
0x2efab0	46	0x2efb68	0xabdf0
0x2efab0	47	0x2efb6c	0xac4c0
0x2efab0	48	0x2efb70	0x19ed70
0x2efab0	49	0x2efb74	0xac510
0x2efab0	50	0x2efb78	0xac540
0x2efab0	51	0x2efb7c	0xf9830
0x2efab0	52	0x2efb80	0x19ed70
0x2efab0	53	0x2efb84	0x12a620
0x2efab0	54	0x2efb88	0x12a620
0x2efab0	55	0x2efb8c	0x12a620
0x2efab0	56	0x2efb90	0xaa900
0x2efab0	57	0x2efb94	0xaa900
0x2efab0	58	0x2efb98	0x29100
0x2efab0	59	0x2efb9c	0x29100
0x2efab0	60	0x2efba0	0xaaa80
0x2efbe4	0	0x2efbe4	0x1033a0
0x2efbe4	1	0x2efbe8	0x103430
0x2efbf0	0	0x2efbf0	0x103810
0x2efbf0	1	0x2efbf4	0x104a90
0x2efbf0	2	0x2efbf8	0x104aa0
0x2efbf0	3	0x2efbfc	0x2a3160
0x2efbf0	4	0x2efc00	0x1c0150
0x2efbf0	5	0x2efc04	0x2a2950
0x2efbf0	6	0x2efc08	0x25480
0x2efbf0	7	0x2efc0c	0x2a3290
0x2efbf0	8	0x2efc10	0x2a3280
0x2efbf0	9	0x2efc14	0x2a32e0
0x2efbf0	10	0x2efc18	0x2a3310
0x2efbf0	11	0x2efc1c	0x2a32a0
0x2efbf0	12	0x2efc20	0x2a32b0
0x2efbf0	13	0x2efc24	0x108180
0x2efbf0	14	0x2efc28	0x106db0
0x2efbf0	15	0x2efc2c	0x2a34d0
0x2efbf0	16	0x2efc30	0x2a34e0
0x2efbf0	17	0x2efc34	0x2a34f0
0x2efbf0	18	0x2efc38	0x2a3500
0x2efbf0	19	0x2efc3c	0x2a3510
0x2efbf0	20	0x2efc40	0x2a3520
0x2efbf0	21	0x2efc44	0x2a3530
0x2efbf0	22	0x2efc48	0x132020
0x2efbf0	23	0x2efc4c	0x2a3540
0x2efbf0	24	0x2efc50	0x2a3550
0x2efbf0	25	0x2efc54	0x2a3560
0x2efbf0	26	0x2efc58	0x2a3570
0x2efbf0	27	0x2efc5c	0x106c90
0x2efbf0	28	0x2efc60	0x106650
0x2efbf0	29	0x2efc64	0x106c40
0x2efbf0	30	0x2efc68	0x2a35a0
0x2efbf0	31	0x2efc6c	0x2a35b0
0x2efbf0	32	0x2efc70	0x1b7790
0x2efbf0	33	0x2efc74	0x2a35e0
0x2efbf0	34	0x2efc78	0x107fd0
0x2efc80	0	0x2efc80	0x1081b0
0x2efc80	1	0x2efc84	0x104a90
0x2efc80	2	0x2efc88	0x1082b0
0x2efc80	3	0x2efc8c	0x2a3160
0x2efc80	4	0x2efc90	0x1c0150
0x2efc80	5	0x2efc94	0x2a2950
0x2efc80	6	0x2efc98	0x25480
0x2efc80	7	0x2efc9c	0x2a3290
0x2efc80	8	0x2efca0	0x2a3280
0x2efc80	9	0x2efca4	0x2a32e0
0x2efc80	10	0x2efca8	0x2a3310
0x2efc80	11	0x2efcac	0x2a32a0
0x2efc80	12	0x2efcb0	0x2a32b0
0x2efc80	13	0x2efcb4	0x108180
0x2efc80	14	0x2efcb8	0x1082c0
0x2efc80	15	0x2efcbc	0x2a34d0
0x2efc80	16	0x2efcc0	0x2a34e0
0x2efc80	17	0x2efcc4	0x2a34f0
0x2efc80	18	0x2efcc8	0x2a3500
0x2efc80	19	0x2efccc	0x2a3510
0x2efc80	20	0x2efcd0	0x2a3520
0x2efc80	21	0x2efcd4	0x2a3530
0x2efc80	22	0x2efcd8	0x132020
0x2efc80	23	0x2efcdc	0x2a3540
0x2efc80	24	0x2efce0	0x2a3550
0x2efc80	25	0x2efce4	0x2a3560
0x2efc80	26	0x2efce8	0x2a3570
0x2efc80	27	0x2efcec	0x2a2960
0x2efc80	28	0x2efcf0	0x19ed70
0x2efc80	29	0x2efcf4	0x2a3590
0x2efc80	30	0x2efcf8	0x2a35a0
0x2efc80	31	0x2efcfc	0x2a35b0
0x2efc80	32	0x2efd00	0x2a35c0
0x2efc80	33	0x2efd04	0x2a35e0
0x2efc80	34	0x2efd08	0x2a2cc0
0x2efd10	0	0x2efd10	0x108f40
0x2efd10	1	0x2efd14	0x104a90
0x2efd10	2	0x2efd18	0x1091c0
0x2efd10	3	0x2efd1c	0x2a3160
0x2efd10	4	0x2efd20	0x1c0150
0x2efd10	5	0x2efd24	0x2a2950
0x2efd10	6	0x2efd28	0x25480
0x2efd10	7	0x2efd2c	0x2a3290
0x2efd10	8	0x2efd30	0x2a3280
0x2efd10	9	0x2efd34	0x2a32e0
0x2efd10	10	0x2efd38	0x2a3310
0x2efd10	11	0x2efd3c	0x2a32a0
0x2efd10	12	0x2efd40	0x2a32b0
0x2efd10	13	0x2efd44	0x108180
0x2efd10	14	0x2efd48	0x1b7790
0x2efd10	15	0x2efd4c	0x2a34d0
0x2efd10	16	0x2efd50	0x2a34e0
0x2efd10	17	0x2efd54	0x2a34f0
0x2efd10	18	0x2efd58	0x2a3500
0x2efd10	19	0x2efd5c	0x2a3510
0x2efd10	20	0x2efd60	0x2a3520
0x2efd10	21	0x2efd64	0x2a3530
0x2efd10	22	0x2efd68	0x132020
0x2efd10	23	0x2efd6c	0x2a3540
0x2efd10	24	0x2efd70	0x2a3550
0x2efd10	25	0x2efd74	0x2a3560
0x2efd10	26	0x2efd78	0x2a3570
0x2efd10	27	0x2efd7c	0x109400
0x2efd10	28	0x2efd80	0x1092b0
0x2efd10	29	0x2efd84	0x2a3590
0x2efd10	30	0x2efd88	0x2a35a0
0x2efd10	31	0x2efd8c	0x2a35b0
0x2efd10	32	0x2efd90	0x2a35c0
0x2efd10	33	0x2efd94	0x2a35e0
0x2efd10	34	0x2efd98	0x109160
0x2efd10	35	0x2efd9c	0x108ff0
0x2efd10	36	0x2efda0	0x29100
0x2efd10	37	0x2efda4	0x29100
0x2efd10	38	0x2efda8	0x109410
0x2efd10	39	0x2efdac	0x1097b0
0x2efdb0	0	0x2efdb0	0x109bc0
0x2efdb0	1	0x2efdb4	0x109d20
0x2efdb0	2	0x2efdb8	0x109f40
0x2efdb0	3	0x2efdbc	0x2a3160
0x2efdb0	4	0x2efdc0	0x1c0150
0x2efdb0	5	0x2efdc4	0x2a2950
0x2efdb0	6	0x2efdc8	0x25480
0x2efdb0	7	0x2efdcc	0x2a3290
0x2efdb0	8	0x2efdd0	0x2a3280
0x2efdb0	9	0x2efdd4	0x2a32e0
0x2efdb0	10	0x2efdd8	0x2a3310
0x2efdb0	11	0x2efddc	0x2a32a0
0x2efdb0	12	0x2efde0	0x2a32b0
0x2efdb0	13	0x2efde4	0x108180
0x2efdb0	14	0x2efde8	0x10a080
0x2efdb0	15	0x2efdec	0x2a34d0
0x2efdb0	16	0x2efdf0	0x2a34e0
0x2efdb0	17	0x2efdf4	0x2a34f0
0x2efdb0	18	0x2efdf8	0x2a3500
0x2efdb0	19	0x2efdfc	0x2a3510
0x2efdb0	20	0x2efe00	0x2a3520
0x2efdb0	21	0x2efe04	0x2a3530
0x2efdb0	22	0x2efe08	0x132020
0x2efdb0	23	0x2efe0c	0x2a3540
0x2efdb0	24	0x2efe10	0x2a3550
0x2efdb0	25	0x2efe14	0x2a3560
0x2efdb0	26	0x2efe18	0x2a3570
0x2efdb0	27	0x2efe1c	0x2a2960
0x2efdb0	28	0x2efe20	0x19ed70
0x2efdb0	29	0x2efe24	0x2a3590
0x2efdb0	30	0x2efe28	0x2a35a0
0x2efdb0	31	0x2efe2c	0x19ed70
0x2efdb0	32	0x2efe30	0x2a35c0
0x2efdb0	33	0x2efe34	0x2a35e0
0x2efdb0	34	0x2efe38	0x2a2cc0
0x2efe50	0	0x2efe50	0x10a4d0
0x2efe50	1	0x2efe54	0x104a90
0x2efe50	2	0x2efe58	0x10a6d0
0x2efe50	3	0x2efe5c	0x2a3160
0x2efe50	4	0x2efe60	0x1c0150
0x2efe50	5	0x2efe64	0x2a2950
0x2efe50	6	0x2efe68	0x25480
0x2efe50	7	0x2efe6c	0x2a3290
0x2efe50	8	0x2efe70	0x2a3280
0x2efe50	9	0x2efe74	0x2a32e0
0x2efe50	10	0x2efe78	0x2a3310
0x2efe50	11	0x2efe7c	0x2a32a0
0x2efe50	12	0x2efe80	0x2a32b0
0x2efe50	13	0x2efe84	0x108180
0x2efe50	14	0x2efe88	0x10b210
0x2efe50	15	0x2efe8c	0x2a34d0
0x2efe50	16	0x2efe90	0x2a34e0
0x2efe50	17	0x2efe94	0x2a34f0
0x2efe50	18	0x2efe98	0x2a3500
0x2efe50	19	0x2efe9c	0x2a3510
0x2efe50	20	0x2efea0	0x2a3520
0x2efe50	21	0x2efea4	0x2a3530
0x2efe50	22	0x2efea8	0x132020
0x2efe50	23	0x2efeac	0x2a3540
0x2efe50	24	0x2efeb0	0x2a3550
0x2efe50	25	0x2efeb4	0x2a3560
0x2efe50	26	0x2efeb8	0x2a3570
0x2efe50	27	0x2efebc	0x2a2960
0x2efe50	28	0x2efec0	0x10b130
0x2efe50	29	0x2efec4	0x2a3590
0x2efe50	30	0x2efec8	0x2a35a0
0x2efe50	31	0x2efecc	0x2a35b0
0x2efe50	32	0x2efed0	0x1b7790
0x2efe50	33	0x2efed4	0x2a35e0
0x2efe50	34	0x2efed8	0x2a2cc0
0x2efee0	0	0x2efee0	0x10b550
0x2efee0	1	0x2efee4	0x104a90
0x2efee0	2	0x2efee8	0x10b670
0x2efee0	3	0x2efeec	0x2a3160
0x2efee0	4	0x2efef0	0x1c0150
0x2efee0	5	0x2efef4	0x2a2950
0x2efee0	6	0x2efef8	0x25480
0x2efee0	7	0x2efefc	0x2a3290
0x2efee0	8	0x2eff00	0x2a3280
0x2efee0	9	0x2eff04	0x2a32e0
0x2efee0	10	0x2eff08	0x2a3310
0x2efee0	11	0x2eff0c	0x2a32a0
0x2efee0	12	0x2eff10	0x2a32b0
0x2efee0	13	0x2eff14	0x108180
0x2efee0	14	0x2eff18	0x1082c0
0x2efee0	15	0x2eff1c	0x2a34d0
0x2efee0	16	0x2eff20	0x2a34e0
0x2efee0	17	0x2eff24	0x2a34f0
0x2efee0	18	0x2eff28	0x2a3500
0x2efee0	19	0x2eff2c	0x2a3510
0x2efee0	20	0x2eff30	0x2a3520
0x2efee0	21	0x2eff34	0x2a3530
0x2efee0	22	0x2eff38	0x132020
0x2efee0	23	0x2eff3c	0x2a3540
0x2efee0	24	0x2eff40	0x2a3550
0x2efee0	25	0x2eff44	0x2a3560
0x2efee0	26	0x2eff48	0x2a3570
0x2efee0	27	0x2eff4c	0x2a2960
0x2efee0	28	0x2eff50	0x10b750
0x2efee0	29	0x2eff54	0x2a3590
0x2efee0	30	0x2eff58	0x2a35a0
0x2efee0	31	0x2eff5c	0x2a35b0
0x2efee0	32	0x2eff60	0x2a35c0
0x2efee0	33	0x2eff64	0x2a35e0
0x2efee0	34	0x2eff68	0x2a2cc0
0x2efee0	35	0x2eff6c	0x10b5c0
0x2eff70	0	0x2eff70	0x10b920
0x2eff70	1	0x2eff74	0x10dd50
0x2eff70	2	0x2eff78	0x10baf0
0x2eff70	3	0x2eff7c	0x2a3160
0x2eff70	4	0x2eff80	0x1c0150
0x2eff70	5	0x2eff84	0x2a2950
0x2eff70	6	0x2eff88	0x25480
0x2eff70	7	0x2eff8c	0x2a3290
0x2eff70	8	0x2eff90	0x2a3280
0x2eff70	9	0x2eff94	0x2a32e0
0x2eff70	10	0x2eff98	0x2a3310
0x2eff70	11	0x2eff9c	0x2a32a0
0x2eff70	12	0x2effa0	0x2a32b0
0x2eff70	13	0x2effa4	0x108180
0x2eff70	14	0x2effa8	0x10de50
0x2eff70	15	0x2effac	0x2a34d0
0x2eff70	16	0x2effb0	0x2a34e0
0x2eff70	17	0x2effb4	0x2a34f0
0x2eff70	18	0x2effb8	0x2a3500
0x2eff70	19	0x2effbc	0x2a3510
0x2eff70	20	0x2effc0	0x2a3520
0x2eff70	21	0x2effc4	0x2a3530
0x2eff70	22	0x2effc8	0x132020
0x2eff70	23	0x2effcc	0x2a3540
0x2eff70	24	0x2effd0	0x2a3550
0x2eff70	25	0x2effd4	0x2a3560
0x2eff70	26	0x2effd8	0x2a3570
0x2eff70	27	0x2effdc	0x10de40
0x2eff70	28	0x2effe0	0x10dd80
0x2eff70	29	0x2effe4	0x2a3590
0x2eff70	30	0x2effe8	0x2a35a0
0x2eff70	31	0x2effec	0x2a35b0
0x2eff70	32	0x2efff0	0x2a35c0
0x2eff70	33	0x2efff4	0x2a35e0
0x2eff70	34	0x2efff8	0x10dd60
0x2eff70	35	0x2efffc	0x10b950
0x2eff70	36	0x2f0000	0x10e1d0
0x2eff70	37	0x2f0004	0x10e510
0x2eff70	38	0x2f0008	0x10e680
0x2eff70	39	0x2f000c	0x10e690
0x2f0010	0	0x2f0010	0x10ba70
0x2f0010	1	0x2f0014	0x112760
0x2f0010	2	0x2f0018	0x10baf0
0x2f0010	3	0x2f001c	0x2a3160
0x2f0010	4	0x2f0020	0x1c0150
0x2f0010	5	0x2f0024	0x2a2950
0x2f0010	6	0x2f0028	0x25480
0x2f0010	7	0x2f002c	0x2a3290
0x2f0010	8	0x2f0030	0x2a3280
0x2f0010	9	0x2f0034	0x2a32e0
0x2f0010	10	0x2f0038	0x2a3310
0x2f0010	11	0x2f003c	0x2a32a0
0x2f0010	12	0x2f0040	0x2a32b0
0x2f0010	13	0x2f0044	0x108180
0x2f0010	14	0x2f0048	0x112850
0x2f0010	15	0x2f004c	0x2a34d0
0x2f0010	16	0x2f0050	0x2a34e0
0x2f0010	17	0x2f0054	0x2a34f0
0x2f0010	18	0x2f0058	0x2a3500
0x2f0010	19	0x2f005c	0x2a3510
0x2f0010	20	0x2f0060	0x2a3520
0x2f0010	21	0x2f0064	0x2a3530
0x2f0010	22	0x2f0068	0x132020
0x2f0010	23	0x2f006c	0x2a3540
0x2f0010	24	0x2f0070	0x2a3550
0x2f0010	25	0x2f0074	0x2a3560
0x2f0010	26	0x2f0078	0x2a3570
0x2f0010	27	0x2f007c	0x10de40
0x2f0010	28	0x2f0080	0x112770
0x2f0010	29	0x2f0084	0x2a3590
0x2f0010	30	0x2f0088	0x2a35a0
0x2f0010	31	0x2f008c	0x2a35b0
0x2f0010	32	0x2f0090	0x2a35c0
0x2f0010	33	0x2f0094	0x2a35e0
0x2f0010	34	0x2f0098	0x10dd60
0x2f0010	35	0x2f009c	0x10baa0
0x2f0010	36	0x2f00a0	0x112ce0
0x2f0010	37	0x2f00a4	0x113300
0x2f0010	38	0x2f00a8	0x10e680
0x2f0010	39	0x2f00ac	0x1135c0
0x2f00b0	0	0x2f00b0	0x10bf50
0x2f00b0	1	0x2f00b4	0x10c0d0
0x2f00b0	2	0x2f00b8	0x10c0f0
0x2f00b0	3	0x2f00bc	0x2a3160
0x2f00b0	4	0x2f00c0	0x1c0150
0x2f00b0	5	0x2f00c4	0x2a2950
0x2f00b0	6	0x2f00c8	0x25480
0x2f00b0	7	0x2f00cc	0x2a3290
0x2f00b0	8	0x2f00d0	0x2a3280
0x2f00b0	9	0x2f00d4	0x2a32e0
0x2f00b0	10	0x2f00d8	0x2a3310
0x2f00b0	11	0x2f00dc	0x2a32a0
0x2f00b0	12	0x2f00e0	0x2a32b0
0x2f00b0	13	0x2f00e4	0x108180
0x2f00b0	14	0x2f00e8	0x10c5f0
0x2f00b0	15	0x2f00ec	0x2a34d0
0x2f00b0	16	0x2f00f0	0x2a34e0
0x2f00b0	17	0x2f00f4	0x2a34f0
0x2f00b0	18	0x2f00f8	0x2a3500
0x2f00b0	19	0x2f00fc	0x2a3510
0x2f00b0	20	0x2f0100	0x2a3520
0x2f00b0	21	0x2f0104	0x2a3530
0x2f00b0	22	0x2f0108	0x132020
0x2f00b0	23	0x2f010c	0x2a3540
0x2f00b0	24	0x2f0110	0x2a3550
0x2f00b0	25	0x2f0114	0x2a3560
0x2f00b0	26	0x2f0118	0x2a3570
0x2f00b0	27	0x2f011c	0x2a2960
0x2f00b0	28	0x2f0120	0x10c3b0
0x2f00b0	29	0x2f0124	0x10c550
0x2f00b0	30	0x2f0128	0x2a35a0
0x2f00b0	31	0x2f012c	0x2a35b0
0x2f00b0	32	0x2f0130	0x2a35c0
0x2f00b0	33	0x2f0134	0x2a35e0
0x2f00b0	34	0x2f0138	0x2a2cc0
0x2f00b0	35	0x2f013c	0x10c730
0x2f0140	0	0x2f0140	0x10cd50
0x2f0140	1	0x2f0144	0x104a90
0x2f0140	2	0x2f0148	0x10ce90
0x2f0140	3	0x2f014c	0x2a3160
0x2f0140	4	0x2f0150	0x1c0150
0x2f0140	5	0x2f0154	0x2a2950
0x2f0140	6	0x2f0158	0x25480
0x2f0140	7	0x2f015c	0x2a3290
0x2f0140	8	0x2f0160	0x2a3280
0x2f0140	9	0x2f0164	0x2a32e0
0x2f0140	10	0x2f0168	0x2a3310
0x2f0140	11	0x2f016c	0x2a32a0
0x2f0140	12	0x2f0170	0x2a32b0
0x2f0140	13	0x2f0174	0x108180
0x2f0140	14	0x2f0178	0x10d1e0
0x2f0140	15	0x2f017c	0x2a34d0
0x2f0140	16	0x2f0180	0x2a34e0
0x2f0140	17	0x2f0184	0x2a34f0
0x2f0140	18	0x2f0188	0x2a3500
0x2f0140	19	0x2f018c	0x2a3510
0x2f0140	20	0x2f0190	0x2a3520
0x2f0140	21	0x2f0194	0x2a3530
0x2f0140	22	0x2f0198	0x132020
0x2f0140	23	0x2f019c	0x2a3540
0x2f0140	24	0x2f01a0	0x2a3550
0x2f0140	25	0x2f01a4	0x2a3560
0x2f0140	26	0x2f01a8	0x2a3570
0x2f0140	27	0x2f01ac	0x2a2960
0x2f0140	28	0x2f01b0	0x10cff0
0x2f0140	29	0x2f01b4	0x2a3590
0x2f0140	30	0x2f01b8	0x2a35a0
0x2f0140	31	0x2f01bc	0x2a35b0
0x2f0140	32	0x2f01c0	0x2a35c0
0x2f0140	33	0x2f01c4	0x2a35e0
0x2f0140	34	0x2f01c8	0x2a2cc0
0x2f01d0	0	0x2f01d0	0x10d380
0x2f01d0	1	0x2f01d4	0x1253b0
0x2f01d0	2	0x2f01d8	0x10d400
0x2f01d0	3	0x2f01dc	0x2a3160
0x2f01d0	4	0x2f01e0	0x1c0150
0x2f01d0	5	0x2f01e4	0x2a2950
0x2f01d0	6	0x2f01e8	0x25480
0x2f01d0	7	0x2f01ec	0x2a3290
0x2f01d0	8	0x2f01f0	0x2a3280
0x2f01d0	9	0x2f01f4	0x2a32e0
0x2f01d0	10	0x2f01f8	0x2a3310
0x2f01d0	11	0x2f01fc	0x2a32a0
0x2f01d0	12	0x2f0200	0x2a32b0
0x2f01d0	13	0x2f0204	0x108180
0x2f01d0	14	0x2f0208	0x1257c0
0x2f01d0	15	0x2f020c	0x2a34d0
0x2f01d0	16	0x2f0210	0x2a34e0
0x2f01d0	17	0x2f0214	0x2a34f0
0x2f01d0	18	0x2f0218	0x2a3500
0x2f01d0	19	0x2f021c	0x2a3510
0x2f01d0	20	0x2f0220	0x2a3520
0x2f01d0	21	0x2f0224	0x2a3530
0x2f01d0	22	0x2f0228	0x132020
0x2f01d0	23	0x2f022c	0x2a3540
0x2f01d0	24	0x2f0230	0x2a3550
0x2f01d0	25	0x2f0234	0x2a3560
0x2f01d0	26	0x2f0238	0x2a3570
0x2f01d0	27	0x2f023c	0x2a2960
0x2f01d0	28	0x2f0240	0x10d560
0x2f01d0	29	0x2f0244	0x1257a0
0x2f01d0	30	0x2f0248	0x2a35a0
0x2f01d0	31	0x2f024c	0x2a35b0
0x2f01d0	32	0x2f0250	0x1b7790
0x2f01d0	33	0x2f0254	0x2a35e0
0x2f01d0	34	0x2f0258	0x2a2cc0
0x2f01d0	35	0x2f025c	0x10d3b0
0x2f0260	0	0x2f0260	0x10d660
0x2f0260	1	0x2f0264	0x104a90
0x2f0260	2	0x2f0268	0x10d6e0
0x2f0260	3	0x2f026c	0x2a3160
0x2f0260	4	0x2f0270	0x1c0150
0x2f0260	5	0x2f0274	0x2a2950
0x2f0260	6	0x2f0278	0x25480
0x2f0260	7	0x2f027c	0x2a3290
0x2f0260	8	0x2f0280	0x2a3280
0x2f0260	9	0x2f0284	0x2a32e0
0x2f0260	10	0x2f0288	0x2a3310
0x2f0260	11	0x2f028c	0x2a32a0
0x2f0260	12	0x2f0290	0x2a32b0
0x2f0260	13	0x2f0294	0x108180
0x2f0260	14	0x2f0298	0x1b7790
0x2f0260	15	0x2f029c	0x2a34d0
0x2f0260	16	0x2f02a0	0x2a34e0
0x2f0260	17	0x2f02a4	0x2a34f0
0x2f0260	18	0x2f02a8	0x2a3500
0x2f0260	19	0x2f02ac	0x2a3510
0x2f0260	20	0x2f02b0	0x2a3520
0x2f0260	21	0x2f02b4	0x2a3530
0x2f0260	22	0x2f02b8	0x132020
0x2f0260	23	0x2f02bc	0x2a3540
0x2f0260	24	0x2f02c0	0x2a3550
0x2f0260	25	0x2f02c4	0x2a3560
0x2f0260	26	0x2f02c8	0x2a3570
0x2f0260	27	0x2f02cc	0x111540
0x2f0260	28	0x2f02d0	0x10d7c0
0x2f0260	29	0x2f02d4	0x2a3590
0x2f0260	30	0x2f02d8	0x2a35a0
0x2f0260	31	0x2f02dc	0x2a35b0
0x2f0260	32	0x2f02e0	0x2a35c0
0x2f0260	33	0x2f02e4	0x2a35e0
0x2f0260	34	0x2f02e8	0x2a2cc0
0x2f0260	35	0x2f02ec	0x10d690
0x2f08b0	0	0x2f08b0	0x10d910
0x2f08b0	1	0x2f08b4	0x10dd50
0x2f08b0	2	0x2f08b8	0x10dd70
0x2f08b0	3	0x2f08bc	0x2a3160
0x2f08b0	4	0x2f08c0	0x1c0150
0x2f08b0	5	0x2f08c4	0x2a2950
0x2f08b0	6	0x2f08c8	0x25480
0x2f08b0	7	0x2f08cc	0x2a3290
0x2f08b0	8	0x2f08d0	0x2a3280
0x2f08b0	9	0x2f08d4	0x2a32e0
0x2f08b0	10	0x2f08d8	0x2a3310
0x2f08b0	11	0x2f08dc	0x2a32a0
0x2f08b0	12	0x2f08e0	0x2a32b0
0x2f08b0	13	0x2f08e4	0x108180
0x2f08b0	14	0x2f08e8	0x10de50
0x2f08b0	15	0x2f08ec	0x2a34d0
0x2f08b0	16	0x2f08f0	0x2a34e0
0x2f08b0	17	0x2f08f4	0x2a34f0
0x2f08b0	18	0x2f08f8	0x2a3500
0x2f08b0	19	0x2f08fc	0x2a3510
0x2f08b0	20	0x2f0900	0x2a3520
0x2f08b0	21	0x2f0904	0x2a3530
0x2f08b0	22	0x2f0908	0x132020
0x2f08b0	23	0x2f090c	0x2a3540
0x2f08b0	24	0x2f0910	0x2a3550
0x2f08b0	25	0x2f0914	0x2a3560
0x2f08b0	26	0x2f0918	0x2a3570
0x2f08b0	27	0x2f091c	0x10de40
0x2f08b0	28	0x2f0920	0x10dd80
0x2f08b0	29	0x2f0924	0x2a3590
0x2f08b0	30	0x2f0928	0x2a35a0
0x2f08b0	31	0x2f092c	0x2a35b0
0x2f08b0	32	0x2f0930	0x2a35c0
0x2f08b0	33	0x2f0934	0x2a35e0
0x2f08b0	34	0x2f0938	0x10dd60
0x2f08b0	35	0x2f093c	0x10d940
0x2f08b0	36	0x2f0940	0x10e1d0
0x2f08b0	37	0x2f0944	0x10e510
0x2f08b0	38	0x2f0948	0x10e680
0x2f08b0	39	0x2f094c	0x10e690
0x2f0950	0	0x2f0950	0x10e8c0
0x2f0950	1	0x2f0954	0x104a90
0x2f0950	2	0x2f0958	0x10fff0
0x2f0950	3	0x2f095c	0x2a3160
0x2f0950	4	0x2f0960	0x1c0150
0x2f0950	5	0x2f0964	0x2a2950
0x2f0950	6	0x2f0968	0x25480
0x2f0950	7	0x2f096c	0x2a3290
0x2f0950	8	0x2f0970	0x2a3280
0x2f0950	9	0x2f0974	0x2a32e0
0x2f0950	10	0x2f0978	0x2a3310
0x2f0950	11	0x2f097c	0x2a32a0
0x2f0950	12	0x2f0980	0x2a32b0
0x2f0950	13	0x2f0984	0x108180
0x2f0950	14	0x2f0988	0x1117d0
0x2f0950	15	0x2f098c	0x2a34d0
0x2f0950	16	0x2f0990	0x2a34e0
0x2f0950	17	0x2f0994	0x2a34f0
0x2f0950	18	0x2f0998	0x2a3500
0x2f0950	19	0x2f099c	0x2a3510
0x2f0950	20	0x2f09a0	0x2a3520
0x2f0950	21	0x2f09a4	0x2a3530
0x2f0950	22	0x2f09a8	0x132020
0x2f0950	23	0x2f09ac	0x2a3540
0x2f0950	24	0x2f09b0	0x2a3550
0x2f0950	25	0x2f09b4	0x2a3560
0x2f0950	26	0x2f09b8	0x2a3570
0x2f0950	27	0x2f09bc	0x111540
0x2f0950	28	0x2f09c0	0x111550
0x2f0950	29	0x2f09c4	0x11a220
0x2f0950	30	0x2f09c8	0x2a35a0
0x2f0950	31	0x2f09cc	0x115bb0
0x2f0950	32	0x2f09d0	0x111680
0x2f0950	33	0x2f09d4	0x2a35e0
0x2f0950	34	0x2f09d8	0x107fd0
0x2f29c8	0	0x2f29c8	0x1123e0
0x2f29c8	1	0x2f29cc	0x112760
0x2f29c8	2	0x2f29d0	0x10dd70
0x2f29c8	3	0x2f29d4	0x2a3160
0x2f29c8	4	0x2f29d8	0x1c0150
0x2f29c8	5	0x2f29dc	0x2a2950
0x2f29c8	6	0x2f29e0	0x25480
0x2f29c8	7	0x2f29e4	0x2a3290
0x2f29c8	8	0x2f29e8	0x2a3280
0x2f29c8	9	0x2f29ec	0x2a32e0
0x2f29c8	10	0x2f29f0	0x2a3310
0x2f29c8	11	0x2f29f4	0x2a32a0
0x2f29c8	12	0x2f29f8	0x2a32b0
0x2f29c8	13	0x2f29fc	0x108180
0x2f29c8	14	0x2f2a00	0x112850
0x2f29c8	15	0x2f2a04	0x2a34d0
0x2f29c8	16	0x2f2a08	0x2a34e0
0x2f29c8	17	0x2f2a0c	0x2a34f0
0x2f29c8	18	0x2f2a10	0x2a3500
0x2f29c8	19	0x2f2a14	0x2a3510
0x2f29c8	20	0x2f2a18	0x2a3520
0x2f29c8	21	0x2f2a1c	0x2a3530
0x2f29c8	22	0x2f2a20	0x132020
0x2f29c8	23	0x2f2a24	0x2a3540
0x2f29c8	24	0x2f2a28	0x2a3550
0x2f29c8	25	0x2f2a2c	0x2a3560
0x2f29c8	26	0x2f2a30	0x2a3570
0x2f29c8	27	0x2f2a34	0x10de40
0x2f29c8	28	0x2f2a38	0x112770
0x2f29c8	29	0x2f2a3c	0x2a3590
0x2f29c8	30	0x2f2a40	0x2a35a0
0x2f29c8	31	0x2f2a44	0x2a35b0
0x2f29c8	32	0x2f2a48	0x2a35c0
0x2f29c8	33	0x2f2a4c	0x2a35e0
0x2f29c8	34	0x2f2a50	0x10dd60
0x2f29c8	35	0x2f2a54	0x112410
0x2f29c8	36	0x2f2a58	0x112ce0
0x2f29c8	37	0x2f2a5c	0x113300
0x2f29c8	38	0x2f2a60	0x10e680
0x2f29c8	39	0x2f2a64	0x1135c0
0x2f2a68	0	0x2f2a68	0x113700
0x2f2a68	1	0x2f2a6c	0x104a90
0x2f2a68	2	0x2f2a70	0x113c90
0x2f2a68	3	0x2f2a74	0x2a3160
0x2f2a68	4	0x2f2a78	0x1c0150
0x2f2a68	5	0x2f2a7c	0x2a2950
0x2f2a68	6	0x2f2a80	0x25480
0x2f2a68	7	0x2f2a84	0x2a3290
0x2f2a68	8	0x2f2a88	0x2a3280
0x2f2a68	9	0x2f2a8c	0x2a32e0
0x2f2a68	10	0x2f2a90	0x2a3310
0x2f2a68	11	0x2f2a94	0x2a32a0
0x2f2a68	12	0x2f2a98	0x2a32b0
0x2f2a68	13	0x2f2a9c	0x108180
0x2f2a68	14	0x2f2aa0	0x1b7790
0x2f2a68	15	0x2f2aa4	0x2a34d0
0x2f2a68	16	0x2f2aa8	0x2a34e0
0x2f2a68	17	0x2f2aac	0x2a34f0
0x2f2a68	18	0x2f2ab0	0x2a3500
0x2f2a68	19	0x2f2ab4	0x2a3510
0x2f2a68	20	0x2f2ab8	0x2a3520
0x2f2a68	21	0x2f2abc	0x2a3530
0x2f2a68	22	0x2f2ac0	0x132020
0x2f2a68	23	0x2f2ac4	0x2a3540
0x2f2a68	24	0x2f2ac8	0x2a3550
0x2f2a68	25	0x2f2acc	0x2a3560
0x2f2a68	26	0x2f2ad0	0x2a3570
0x2f2a68	27	0x2f2ad4	0x2a2960
0x2f2a68	28	0x2f2ad8	0x113ea0
0x2f2a68	29	0x2f2adc	0x19ed70
0x2f2a68	30	0x2f2ae0	0x2a35a0
0x2f2a68	31	0x2f2ae4	0x2a35b0
0x2f2a68	32	0x2f2ae8	0x1b7790
0x2f2a68	33	0x2f2aec	0x2a35e0
0x2f2a68	34	0x2f2af0	0x2a2cc0
0x2f2af8	0	0x2f2af8	0x1145b0
0x2f2af8	1	0x2f2afc	0x104a90
0x2f2af8	2	0x2f2b00	0x114880
0x2f2af8	3	0x2f2b04	0x2a3160
0x2f2af8	4	0x2f2b08	0x1c0150
0x2f2af8	5	0x2f2b0c	0x2a2950
0x2f2af8	6	0x2f2b10	0x25480
0x2f2af8	7	0x2f2b14	0x2a3290
0x2f2af8	8	0x2f2b18	0x2a3280
0x2f2af8	9	0x2f2b1c	0x2a32e0
0x2f2af8	10	0x2f2b20	0x2a3310
0x2f2af8	11	0x2f2b24	0x2a32a0
0x2f2af8	12	0x2f2b28	0x2a32b0
0x2f2af8	13	0x2f2b2c	0x108180
0x2f2af8	14	0x2f2b30	0x114aa0
0x2f2af8	15	0x2f2b34	0x2a34d0
0x2f2af8	16	0x2f2b38	0x2a34e0
0x2f2af8	17	0x2f2b3c	0x2a34f0
0x2f2af8	18	0x2f2b40	0x2a3500
0x2f2af8	19	0x2f2b44	0x2a3510
0x2f2af8	20	0x2f2b48	0x2a3520
0x2f2af8	21	0x2f2b4c	0x2a3530
0x2f2af8	22	0x2f2b50	0x132020
0x2f2af8	23	0x2f2b54	0x2a3540
0x2f2af8	24	0x2f2b58	0x2a3550
0x2f2af8	25	0x2f2b5c	0x2a3560
0x2f2af8	26	0x2f2b60	0x2a3570
0x2f2af8	27	0x2f2b64	0x2a2960
0x2f2af8	28	0x2f2b68	0x114920
0x2f2af8	29	0x2f2b6c	0x2a3590
0x2f2af8	30	0x2f2b70	0x2a35a0
0x2f2af8	31	0x2f2b74	0x115bb0
0x2f2af8	32	0x2f2b78	0x2a35c0
0x2f2af8	33	0x2f2b7c	0x2a35e0
0x2f2af8	34	0x2f2b80	0x2a2cc0
0x2f2af8	35	0x2f2b84	0x114ce0
0x2f2b88	0	0x2f2b88	0x114fe0
0x2f2b88	1	0x2f2b8c	0x104a90
0x2f2b88	2	0x2f2b90	0x1155a0
0x2f2b88	3	0x2f2b94	0x2a3160
0x2f2b88	4	0x2f2b98	0x1c0150
0x2f2b88	5	0x2f2b9c	0x2a2950
0x2f2b88	6	0x2f2ba0	0x25480
0x2f2b88	7	0x2f2ba4	0x2a3290
0x2f2b88	8	0x2f2ba8	0x2a3280
0x2f2b88	9	0x2f2bac	0x2a32e0
0x2f2b88	10	0x2f2bb0	0x2a3310
0x2f2b88	11	0x2f2bb4	0x2a32a0
0x2f2b88	12	0x2f2bb8	0x2a32b0
0x2f2b88	13	0x2f2bbc	0x108180
0x2f2b88	14	0x2f2bc0	0x115900
0x2f2b88	15	0x2f2bc4	0x115ba0
0x2f2b88	16	0x2f2bc8	0x2a34e0
0x2f2b88	17	0x2f2bcc	0x2a34f0
0x2f2b88	18	0x2f2bd0	0x2a3500
0x2f2b88	19	0x2f2bd4	0x2a3510
0x2f2b88	20	0x2f2bd8	0x2a3520
0x2f2b88	21	0x2f2bdc	0x2a3530
0x2f2b88	22	0x2f2be0	0x132020
0x2f2b88	23	0x2f2be4	0x2a3540
0x2f2b88	24	0x2f2be8	0x2a3550
0x2f2b88	25	0x2f2bec	0x2a3560
0x2f2b88	26	0x2f2bf0	0x2a3570
0x2f2b88	27	0x2f2bf4	0x111540
0x2f2b88	28	0x2f2bf8	0x115a40
0x2f2b88	29	0x2f2bfc	0x115b40
0x2f2b88	30	0x2f2c00	0x2a35a0
0x2f2b88	31	0x2f2c04	0x115bb0
0x2f2b88	32	0x2f2c08	0x2a35c0
0x2f2b88	33	0x2f2c0c	0x2a35e0
0x2f2b88	34	0x2f2c10	0x2a2cc0
0x2f2c18	0	0x2f2c18	0x115d20
0x2f2c18	1	0x2f2c1c	0x104a90
0x2f2c18	2	0x2f2c20	0x1161a0
0x2f2c18	3	0x2f2c24	0x2a3160
0x2f2c18	4	0x2f2c28	0x1c0150
0x2f2c18	5	0x2f2c2c	0x2a2950
0x2f2c18	6	0x2f2c30	0x25480
0x2f2c18	7	0x2f2c34	0x2a3290
0x2f2c18	8	0x2f2c38	0x2a3280
0x2f2c18	9	0x2f2c3c	0x2a32e0
0x2f2c18	10	0x2f2c40	0x2a3310
0x2f2c18	11	0x2f2c44	0x2a32a0
0x2f2c18	12	0x2f2c48	0x2a32b0
0x2f2c18	13	0x2f2c4c	0x108180
0x2f2c18	14	0x2f2c50	0x1163b0
0x2f2c18	15	0x2f2c54	0x115ba0
0x2f2c18	16	0x2f2c58	0x2a34e0
0x2f2c18	17	0x2f2c5c	0x2a34f0
0x2f2c18	18	0x2f2c60	0x2a3500
0x2f2c18	19	0x2f2c64	0x2a3510
0x2f2c18	20	0x2f2c68	0x2a3520
0x2f2c18	21	0x2f2c6c	0x2a3530
0x2f2c18	22	0x2f2c70	0x132020
0x2f2c18	23	0x2f2c74	0x2a3540
0x2f2c18	24	0x2f2c78	0x2a3550
0x2f2c18	25	0x2f2c7c	0x2a3560
0x2f2c18	26	0x2f2c80	0x2a3570
0x2f2c18	27	0x2f2c84	0x111540
0x2f2c18	28	0x2f2c88	0x116500
0x2f2c18	29	0x2f2c8c	0x116580
0x2f2c18	30	0x2f2c90	0x2a35a0
0x2f2c18	31	0x2f2c94	0x2a35b0
0x2f2c18	32	0x2f2c98	0x2a35c0
0x2f2c18	33	0x2f2c9c	0x2a35e0
0x2f2c18	34	0x2f2ca0	0x2a2cc0
0x2f2ca8	0	0x2f2ca8	0x116aa0
0x2f2ca8	1	0x2f2cac	0x116e00
0x2f2ca8	2	0x2f2cb0	0x116e90
0x2f2ca8	3	0x2f2cb4	0x2a3160
0x2f2ca8	4	0x2f2cb8	0x1c0150
0x2f2ca8	5	0x2f2cbc	0x2a2950
0x2f2ca8	6	0x2f2cc0	0x25480
0x2f2ca8	7	0x2f2cc4	0x2a3290
0x2f2ca8	8	0x2f2cc8	0x2a3280
0x2f2ca8	9	0x2f2ccc	0x2a32e0
0x2f2ca8	10	0x2f2cd0	0x2a3310
0x2f2ca8	11	0x2f2cd4	0x2a32a0
0x2f2ca8	12	0x2f2cd8	0x2a32b0
0x2f2ca8	13	0x2f2cdc	0x108180
0x2f2ca8	14	0x2f2ce0	0x117330
0x2f2ca8	15	0x2f2ce4	0x2a34d0
0x2f2ca8	16	0x2f2ce8	0x2a34e0
0x2f2ca8	17	0x2f2cec	0x2a34f0
0x2f2ca8	18	0x2f2cf0	0x2a3500
0x2f2ca8	19	0x2f2cf4	0x2a3510
0x2f2ca8	20	0x2f2cf8	0x2a3520
0x2f2ca8	21	0x2f2cfc	0x2a3530
0x2f2ca8	22	0x2f2d00	0x132020
0x2f2ca8	23	0x2f2d04	0x2a3540
0x2f2ca8	24	0x2f2d08	0x2a3550
0x2f2ca8	25	0x2f2d0c	0x2a3560
0x2f2ca8	26	0x2f2d10	0x2a3570
0x2f2ca8	27	0x2f2d14	0x2a2960
0x2f2ca8	28	0x2f2d18	0x117120
0x2f2ca8	29	0x2f2d1c	0x117280
0x2f2ca8	30	0x2f2d20	0x2a35a0
0x2f2ca8	31	0x2f2d24	0x2a35b0
0x2f2ca8	32	0x2f2d28	0x1b7790
0x2f2ca8	33	0x2f2d2c	0x2a35e0
0x2f2ca8	34	0x2f2d30	0x2a2cc0
0x2f2d38	0	0x2f2d38	0x1178c0
0x2f2d38	1	0x2f2d3c	0x104a90
0x2f2d38	2	0x2f2d40	0x117b10
0x2f2d38	3	0x2f2d44	0x2a3160
0x2f2d38	4	0x2f2d48	0x1c0150
0x2f2d38	5	0x2f2d4c	0x2a2950
0x2f2d38	6	0x2f2d50	0x25480
0x2f2d38	7	0x2f2d54	0x2a3290
0x2f2d38	8	0x2f2d58	0x2a3280
0x2f2d38	9	0x2f2d5c	0x2a32e0
0x2f2d38	10	0x2f2d60	0x2a3310
0x2f2d38	11	0x2f2d64	0x2a32a0
0x2f2d38	12	0x2f2d68	0x2a32b0
0x2f2d38	13	0x2f2d6c	0x108180
0x2f2d38	14	0x2f2d70	0x117f30
0x2f2d38	15	0x2f2d74	0x2a34d0
0x2f2d38	16	0x2f2d78	0x2a34e0
0x2f2d38	17	0x2f2d7c	0x2a34f0
0x2f2d38	18	0x2f2d80	0x2a3500
0x2f2d38	19	0x2f2d84	0x2a3510
0x2f2d38	20	0x2f2d88	0x2a3520
0x2f2d38	21	0x2f2d8c	0x2a3530
0x2f2d38	22	0x2f2d90	0x132020
0x2f2d38	23	0x2f2d94	0x2a3540
0x2f2d38	24	0x2f2d98	0x2a3550
0x2f2d38	25	0x2f2d9c	0x2a3560
0x2f2d38	26	0x2f2da0	0x2a3570
0x2f2d38	27	0x2f2da4	0x2a2960
0x2f2d38	28	0x2f2da8	0x117d90
0x2f2d38	29	0x2f2dac	0x117ea0
0x2f2d38	30	0x2f2db0	0x2a35a0
0x2f2d38	31	0x2f2db4	0x2a35b0
0x2f2d38	32	0x2f2db8	0x1b7790
0x2f2d38	33	0x2f2dbc	0x2a35e0
0x2f2d38	34	0x2f2dc0	0x2a2cc0
0x2f2dc8	0	0x2f2dc8	0x1180b0
0x2f2dc8	1	0x2f2dcc	0x104a90
0x2f2dc8	2	0x2f2dd0	0x118280
0x2f2dc8	3	0x2f2dd4	0x2a3160
0x2f2dc8	4	0x2f2dd8	0x1c0150
0x2f2dc8	5	0x2f2ddc	0x2a2950
0x2f2dc8	6	0x2f2de0	0x25480
0x2f2dc8	7	0x2f2de4	0x2a3290
0x2f2dc8	8	0x2f2de8	0x2a3280
0x2f2dc8	9	0x2f2dec	0x2a32e0
0x2f2dc8	10	0x2f2df0	0x2a3310
0x2f2dc8	11	0x2f2df4	0x2a32a0
0x2f2dc8	12	0x2f2df8	0x2a32b0
0x2f2dc8	13	0x2f2dfc	0x108180
0x2f2dc8	14	0x2f2e00	0x1082c0
0x2f2dc8	15	0x2f2e04	0x2a34d0
0x2f2dc8	16	0x2f2e08	0x2a34e0
0x2f2dc8	17	0x2f2e0c	0x2a34f0
0x2f2dc8	18	0x2f2e10	0x2a3500
0x2f2dc8	19	0x2f2e14	0x2a3510
0x2f2dc8	20	0x2f2e18	0x2a3520
0x2f2dc8	21	0x2f2e1c	0x2a3530
0x2f2dc8	22	0x2f2e20	0x132020
0x2f2dc8	23	0x2f2e24	0x2a3540
0x2f2dc8	24	0x2f2e28	0x2a3550
0x2f2dc8	25	0x2f2e2c	0x2a3560
0x2f2dc8	26	0x2f2e30	0x2a3570
0x2f2dc8	27	0x2f2e34	0x2a2960
0x2f2dc8	28	0x2f2e38	0x118120
0x2f2dc8	29	0x2f2e3c	0x2a3590
0x2f2dc8	30	0x2f2e40	0x2a35a0
0x2f2dc8	31	0x2f2e44	0x2a35b0
0x2f2dc8	32	0x2f2e48	0x2a35c0
0x2f2dc8	33	0x2f2e4c	0x2a35e0
0x2f2dc8	34	0x2f2e50	0x2a2cc0
0x2f2e58	0	0x2f2e58	0x118480
0x2f2e58	1	0x2f2e5c	0x10dd50
0x2f2e58	2	0x2f2e60	0x118500
0x2f2e58	3	0x2f2e64	0x2a3160
0x2f2e58	4	0x2f2e68	0x1c0150
0x2f2e58	5	0x2f2e6c	0x2a2950
0x2f2e58	6	0x2f2e70	0x25480
0x2f2e58	7	0x2f2e74	0x2a3290
0x2f2e58	8	0x2f2e78	0x2a3280
0x2f2e58	9	0x2f2e7c	0x2a32e0
0x2f2e58	10	0x2f2e80	0x2a3310
0x2f2e58	11	0x2f2e84	0x2a32a0
0x2f2e58	12	0x2f2e88	0x2a32b0
0x2f2e58	13	0x2f2e8c	0x108180
0x2f2e58	14	0x2f2e90	0x10de50
0x2f2e58	15	0x2f2e94	0x2a34d0
0x2f2e58	16	0x2f2e98	0x2a34e0
0x2f2e58	17	0x2f2e9c	0x2a34f0
0x2f2e58	18	0x2f2ea0	0x2a3500
0x2f2e58	19	0x2f2ea4	0x2a3510
0x2f2e58	20	0x2f2ea8	0x2a3520
0x2f2e58	21	0x2f2eac	0x2a3530
0x2f2e58	22	0x2f2eb0	0x132020
0x2f2e58	23	0x2f2eb4	0x2a3540
0x2f2e58	24	0x2f2eb8	0x2a3550
0x2f2e58	25	0x2f2ebc	0x2a3560
0x2f2e58	26	0x2f2ec0	0x2a3570
0x2f2e58	27	0x2f2ec4	0x10de40
0x2f2e58	28	0x2f2ec8	0x118530
0x2f2e58	29	0x2f2ecc	0x2a3590
0x2f2e58	30	0x2f2ed0	0x2a35a0
0x2f2e58	31	0x2f2ed4	0x2a35b0
0x2f2e58	32	0x2f2ed8	0x2a35c0
0x2f2e58	33	0x2f2edc	0x2a35e0
0x2f2e58	34	0x2f2ee0	0x10dd60
0x2f2e58	35	0x2f2ee4	0x1184b0
0x2f2e58	36	0x2f2ee8	0x10e1d0
0x2f2e58	37	0x2f2eec	0x10e510
0x2f2e58	38	0x2f2ef0	0x10e680
0x2f2e58	39	0x2f2ef4	0x10e690
0x2f2ef8	0	0x2f2ef8	0x118680
0x2f2ef8	1	0x2f2efc	0x112760
0x2f2ef8	2	0x2f2f00	0x118500
0x2f2ef8	3	0x2f2f04	0x2a3160
0x2f2ef8	4	0x2f2f08	0x1c0150
0x2f2ef8	5	0x2f2f0c	0x2a2950
0x2f2ef8	6	0x2f2f10	0x25480
0x2f2ef8	7	0x2f2f14	0x2a3290
0x2f2ef8	8	0x2f2f18	0x2a3280
0x2f2ef8	9	0x2f2f1c	0x2a32e0
0x2f2ef8	10	0x2f2f20	0x2a3310
0x2f2ef8	11	0x2f2f24	0x2a32a0
0x2f2ef8	12	0x2f2f28	0x2a32b0
0x2f2ef8	13	0x2f2f2c	0x108180
0x2f2ef8	14	0x2f2f30	0x112850
0x2f2ef8	15	0x2f2f34	0x2a34d0
0x2f2ef8	16	0x2f2f38	0x2a34e0
0x2f2ef8	17	0x2f2f3c	0x2a34f0
0x2f2ef8	18	0x2f2f40	0x2a3500
0x2f2ef8	19	0x2f2f44	0x2a3510
0x2f2ef8	20	0x2f2f48	0x2a3520
0x2f2ef8	21	0x2f2f4c	0x2a3530
0x2f2ef8	22	0x2f2f50	0x132020
0x2f2ef8	23	0x2f2f54	0x2a3540
0x2f2ef8	24	0x2f2f58	0x2a3550
0x2f2ef8	25	0x2f2f5c	0x2a3560
0x2f2ef8	26	0x2f2f60	0x2a3570
0x2f2ef8	27	0x2f2f64	0x10de40
0x2f2ef8	28	0x2f2f68	0x118700
0x2f2ef8	29	0x2f2f6c	0x2a3590
0x2f2ef8	30	0x2f2f70	0x2a35a0
0x2f2ef8	31	0x2f2f74	0x2a35b0
0x2f2ef8	32	0x2f2f78	0x2a35c0
0x2f2ef8	33	0x2f2f7c	0x2a35e0
0x2f2ef8	34	0x2f2f80	0x10dd60
0x2f2ef8	35	0x2f2f84	0x1186b0
0x2f2ef8	36	0x2f2f88	0x112ce0
0x2f2ef8	37	0x2f2f8c	0x113300
0x2f2ef8	38	0x2f2f90	0x10e680
0x2f2ef8	39	0x2f2f94	0x1135c0
0x2f2f98	0	0x2f2f98	0x118850
0x2f2f98	1	0x2f2f9c	0x104a90
0x2f2f98	2	0x2f2fa0	0x118950
0x2f2f98	3	0x2f2fa4	0x2a3160
0x2f2f98	4	0x2f2fa8	0x1c0150
0x2f2f98	5	0x2f2fac	0x2a2950
0x2f2f98	6	0x2f2fb0	0x25480
0x2f2f98	7	0x2f2fb4	0x2a3290
0x2f2f98	8	0x2f2fb8	0x2a3280
0x2f2f98	9	0x2f2fbc	0x2a32e0
0x2f2f98	10	0x2f2fc0	0x2a3310
0x2f2f98	11	0x2f2fc4	0x2a32a0
0x2f2f98	12	0x2f2fc8	0x2a32b0
0x2f2f98	13	0x2f2fcc	0x108180
0x2f2f98	14	0x2f2fd0	0x1b7790
0x2f2f98	15	0x2f2fd4	0x2a34d0
0x2f2f98	16	0x2f2fd8	0x2a34e0
0x2f2f98	17	0x2f2fdc	0x2a34f0
0x2f2f98	18	0x2f2fe0	0x2a3500
0x2f2f98	19	0x2f2fe4	0x2a3510
0x2f2f98	20	0x2f2fe8	0x2a3520
0x2f2f98	21	0x2f2fec	0x2a3530
0x2f2f98	22	0x2f2ff0	0x132020
0x2f2f98	23	0x2f2ff4	0x2a3540
0x2f2f98	24	0x2f2ff8	0x2a3550
0x2f2f98	25	0x2f2ffc	0x2a3560
0x2f2f98	26	0x2f3000	0x2a3570
0x2f2f98	27	0x2f3004	0x111540
0x2f2f98	28	0x2f3008	0x1188d0
0x2f2f98	29	0x2f300c	0x2a3590
0x2f2f98	30	0x2f3010	0x2a35a0
0x2f2f98	31	0x2f3014	0x2a35b0
0x2f2f98	32	0x2f3018	0x2a35c0
0x2f2f98	33	0x2f301c	0x2a35e0
0x2f2f98	34	0x2f3020	0x2a2cc0
0x2f2f98	35	0x2f3024	0x118880
0x2f3028	0	0x2f3028	0x118a40
0x2f3028	1	0x2f302c	0x1253b0
0x2f3028	2	0x2f3030	0x118a70
0x2f3028	3	0x2f3034	0x2a3160
0x2f3028	4	0x2f3038	0x1c0150
0x2f3028	5	0x2f303c	0x2a2950
0x2f3028	6	0x2f3040	0x25480
0x2f3028	7	0x2f3044	0x2a3290
0x2f3028	8	0x2f3048	0x2a3280
0x2f3028	9	0x2f304c	0x2a32e0
0x2f3028	10	0x2f3050	0x2a3310
0x2f3028	11	0x2f3054	0x2a32a0
0x2f3028	12	0x2f3058	0x2a32b0
0x2f3028	13	0x2f305c	0x108180
0x2f3028	14	0x2f3060	0x1257c0
0x2f3028	15	0x2f3064	0x2a34d0
0x2f3028	16	0x2f3068	0x2a34e0
0x2f3028	17	0x2f306c	0x2a34f0
0x2f3028	18	0x2f3070	0x2a3500
0x2f3028	19	0x2f3074	0x2a3510
0x2f3028	20	0x2f3078	0x2a3520
0x2f3028	21	0x2f307c	0x2a3530
0x2f3028	22	0x2f3080	0x132020
0x2f3028	23	0x2f3084	0x2a3540
0x2f3028	24	0x2f3088	0x2a3550
0x2f3028	25	0x2f308c	0x2a3560
0x2f3028	26	0x2f3090	0x2a3570
0x2f3028	27	0x2f3094	0x2a2960
0x2f3028	28	0x2f3098	0x118b30
0x2f3028	29	0x2f309c	0x1257a0
0x2f3028	30	0x2f30a0	0x2a35a0
0x2f3028	31	0x2f30a4	0x2a35b0
0x2f3028	32	0x2f30a8	0x1b7790
0x2f3028	33	0x2f30ac	0x2a35e0
0x2f3028	34	0x2f30b0	0x2a2cc0
0x2f3118	0	0x2f3118	0x118cc0
0x2f3118	1	0x2f311c	0x104a90
0x2f3118	2	0x2f3120	0x118ec0
0x2f3118	3	0x2f3124	0x2a3160
0x2f3118	4	0x2f3128	0x1c0150
0x2f3118	5	0x2f312c	0x2a2950
0x2f3118	6	0x2f3130	0x25480
0x2f3118	7	0x2f3134	0x2a3290
0x2f3118	8	0x2f3138	0x2a3280
0x2f3118	9	0x2f313c	0x2a32e0
0x2f3118	10	0x2f3140	0x2a3310
0x2f3118	11	0x2f3144	0x2a32a0
0x2f3118	12	0x2f3148	0x2a32b0
0x2f3118	13	0x2f314c	0x108180
0x2f3118	14	0x2f3150	0x119510
0x2f3118	15	0x2f3154	0x2a34d0
0x2f3118	16	0x2f3158	0x2a34e0
0x2f3118	17	0x2f315c	0x2a34f0
0x2f3118	18	0x2f3160	0x2a3500
0x2f3118	19	0x2f3164	0x2a3510
0x2f3118	20	0x2f3168	0x2a3520
0x2f3118	21	0x2f316c	0x2a3530
0x2f3118	22	0x2f3170	0x132020
0x2f3118	23	0x2f3174	0x2a3540
0x2f3118	24	0x2f3178	0x2a3550
0x2f3118	25	0x2f317c	0x2a3560
0x2f3118	26	0x2f3180	0x2a3570
0x2f3118	27	0x2f3184	0x2a2960
0x2f3118	28	0x2f3188	0x119360
0x2f3118	29	0x2f318c	0x2a3590
0x2f3118	30	0x2f3190	0x2a35a0
0x2f3118	31	0x2f3194	0x2a35b0
0x2f3118	32	0x2f3198	0x2a35c0
0x2f3118	33	0x2f319c	0x2a35e0
0x2f3118	34	0x2f31a0	0x2a2cc0
0x2f31a8	0	0x2f31a8	0x119c00
0x2f31a8	1	0x2f31ac	0x104a90
0x2f31a8	2	0x2f31b0	0x119fb0
0x2f31a8	3	0x2f31b4	0x2a3160
0x2f31a8	4	0x2f31b8	0x1c0150
0x2f31a8	5	0x2f31bc	0x2a2950
0x2f31a8	6	0x2f31c0	0x25480
0x2f31a8	7	0x2f31c4	0x2a3290
0x2f31a8	8	0x2f31c8	0x2a3280
0x2f31a8	9	0x2f31cc	0x2a32e0
0x2f31a8	10	0x2f31d0	0x2a3310
0x2f31a8	11	0x2f31d4	0x2a32a0
0x2f31a8	12	0x2f31d8	0x2a32b0
0x2f31a8	13	0x2f31dc	0x108180
0x2f31a8	14	0x2f31e0	0x11a5e0
0x2f31a8	15	0x2f31e4	0x2a34d0
0x2f31a8	16	0x2f31e8	0x2a34e0
0x2f31a8	17	0x2f31ec	0x2a34f0
0x2f31a8	18	0x2f31f0	0x2a3500
0x2f31a8	19	0x2f31f4	0x2a3510
0x2f31a8	20	0x2f31f8	0x2a3520
0x2f31a8	21	0x2f31fc	0x2a3530
0x2f31a8	22	0x2f3200	0x132020
0x2f31a8	23	0x2f3204	0x2a3540
0x2f31a8	24	0x2f3208	0x2a3550
0x2f31a8	25	0x2f320c	0x2a3560
0x2f31a8	26	0x2f3210	0x2a3570
0x2f31a8	27	0x2f3214	0x2a2960
0x2f31a8	28	0x2f3218	0x11a240
0x2f31a8	29	0x2f321c	0x11a220
0x2f31a8	30	0x2f3220	0x2a35a0
0x2f31a8	31	0x2f3224	0x2a35b0
0x2f31a8	32	0x2f3228	0x11a4f0
0x2f31a8	33	0x2f322c	0x2a35e0
0x2f31a8	34	0x2f3230	0x2a2cc0
0x2f3238	0	0x2f3238	0x11ae50
0x2f3238	1	0x2f323c	0x104a90
0x2f3238	2	0x2f3240	0x11b100
0x2f3238	3	0x2f3244	0x2a3160
0x2f3238	4	0x2f3248	0x1c0150
0x2f3238	5	0x2f324c	0x2a2950
0x2f3238	6	0x2f3250	0x25480
0x2f3238	7	0x2f3254	0x2a3290
0x2f3238	8	0x2f3258	0x2a3280
0x2f3238	9	0x2f325c	0x2a32e0
0x2f3238	10	0x2f3260	0x2a3310
0x2f3238	11	0x2f3264	0x2a32a0
0x2f3238	12	0x2f3268	0x2a32b0
0x2f3238	13	0x2f326c	0x108180
0x2f3238	14	0x2f3270	0x11c160
0x2f3238	15	0x2f3274	0x2a34d0
0x2f3238	16	0x2f3278	0x2a34e0
0x2f3238	17	0x2f327c	0x2a34f0
0x2f3238	18	0x2f3280	0x2a3500
0x2f3238	19	0x2f3284	0x2a3510
0x2f3238	20	0x2f3288	0x2a3520
0x2f3238	21	0x2f328c	0x2a3530
0x2f3238	22	0x2f3290	0x132020
0x2f3238	23	0x2f3294	0x2a3540
0x2f3238	24	0x2f3298	0x2a3550
0x2f3238	25	0x2f329c	0x2a3560
0x2f3238	26	0x2f32a0	0x2a3570
0x2f3238	27	0x2f32a4	0x2a2960
0x2f3238	28	0x2f32a8	0x11bf70
0x2f3238	29	0x2f32ac	0x11a220
0x2f3238	30	0x2f32b0	0x2a35a0
0x2f3238	31	0x2f32b4	0x2a35b0
0x2f3238	32	0x2f32b8	0x11c070
0x2f3238	33	0x2f32bc	0x2a35e0
0x2f3238	34	0x2f32c0	0x2a2cc0
0x2f3410	0	0x2f3410	0x11cc80
0x2f3410	1	0x2f3414	0x104a90
0x2f3410	2	0x2f3418	0x11d140
0x2f3410	3	0x2f341c	0x2a3160
0x2f3410	4	0x2f3420	0x1c0150
0x2f3410	5	0x2f3424	0x2a2950
0x2f3410	6	0x2f3428	0x25480
0x2f3410	7	0x2f342c	0x2a3290
0x2f3410	8	0x2f3430	0x2a3280
0x2f3410	9	0x2f3434	0x2a32e0
0x2f3410	10	0x2f3438	0x2a3310
0x2f3410	11	0x2f343c	0x2a32a0
0x2f3410	12	0x2f3440	0x2a32b0
0x2f3410	13	0x2f3444	0x108180
0x2f3410	14	0x2f3448	0x1b7790
0x2f3410	15	0x2f344c	0x2a34d0
0x2f3410	16	0x2f3450	0x2a34e0
0x2f3410	17	0x2f3454	0x2a34f0
0x2f3410	18	0x2f3458	0x2a3500
0x2f3410	19	0x2f345c	0x2a3510
0x2f3410	20	0x2f3460	0x2a3520
0x2f3410	21	0x2f3464	0x2a3530
0x2f3410	22	0x2f3468	0x132020
0x2f3410	23	0x2f346c	0x2a3540
0x2f3410	24	0x2f3470	0x2a3550
0x2f3410	25	0x2f3474	0x2a3560
0x2f3410	26	0x2f3478	0x2a3570
0x2f3410	27	0x2f347c	0x111540
0x2f3410	28	0x2f3480	0x11d1f0
0x2f3410	29	0x2f3484	0x2a3590
0x2f3410	30	0x2f3488	0x2a35a0
0x2f3410	31	0x2f348c	0x2a35b0
0x2f3410	32	0x2f3490	0x2a35c0
0x2f3410	33	0x2f3494	0x2a35e0
0x2f3410	34	0x2f3498	0x2a2cc0
0x2f3410	35	0x2f349c	0x11cd00
0x2f34a0	0	0x2f34a0	0x11da00
0x2f34a0	1	0x2f34a4	0x11db30
0x2f34a0	2	0x2f34a8	0x11db70
0x2f34a0	3	0x2f34ac	0x2a3160
0x2f34a0	4	0x2f34b0	0x1c0150
0x2f34a0	5	0x2f34b4	0x2a2950
0x2f34a0	6	0x2f34b8	0x25480
0x2f34a0	7	0x2f34bc	0x2a3290
0x2f34a0	8	0x2f34c0	0x2a3280
0x2f34a0	9	0x2f34c4	0x2a32e0
0x2f34a0	10	0x2f34c8	0x2a3310
0x2f34a0	11	0x2f34cc	0x2a32a0
0x2f34a0	12	0x2f34d0	0x2a32b0
0x2f34a0	13	0x2f34d4	0x108180
0x2f34a0	14	0x2f34d8	0x11dba0
0x2f34a0	15	0x2f34dc	0x2a34d0
0x2f34a0	16	0x2f34e0	0x2a34e0
0x2f34a0	17	0x2f34e4	0x2a34f0
0x2f34a0	18	0x2f34e8	0x2a3500
0x2f34a0	19	0x2f34ec	0x2a3510
0x2f34a0	20	0x2f34f0	0x2a3520
0x2f34a0	21	0x2f34f4	0x2a3530
0x2f34a0	22	0x2f34f8	0x132020
0x2f34a0	23	0x2f34fc	0x2a3540
0x2f34a0	24	0x2f3500	0x2a3550
0x2f34a0	25	0x2f3504	0x2a3560
0x2f34a0	26	0x2f3508	0x2a3570
0x2f34a0	27	0x2f350c	0x2a2960
0x2f34a0	28	0x2f3510	0x19ed70
0x2f34a0	29	0x2f3514	0x2a3590
0x2f34a0	30	0x2f3518	0x2a35a0
0x2f34a0	31	0x2f351c	0x2a35b0
0x2f34a0	32	0x2f3520	0x1b7790
0x2f34a0	33	0x2f3524	0x2a35e0
0x2f34a0	34	0x2f3528	0x2a2cc0
0x2f3530	0	0x2f3530	0x11e7f0
0x2f3530	1	0x2f3534	0x104a90
0x2f3530	2	0x2f3538	0x1082b0
0x2f3530	3	0x2f353c	0x2a3160
0x2f3530	4	0x2f3540	0x1c0150
0x2f3530	5	0x2f3544	0x2a2950
0x2f3530	6	0x2f3548	0x25480
0x2f3530	7	0x2f354c	0x2a3290
0x2f3530	8	0x2f3550	0x2a3280
0x2f3530	9	0x2f3554	0x2a32e0
0x2f3530	10	0x2f3558	0x2a3310
0x2f3530	11	0x2f355c	0x2a32a0
0x2f3530	12	0x2f3560	0x2a32b0
0x2f3530	13	0x2f3564	0x108180
0x2f3530	14	0x2f3568	0x11ebd0
0x2f3530	15	0x2f356c	0x2a34d0
0x2f3530	16	0x2f3570	0x2a34e0
0x2f3530	17	0x2f3574	0x2a34f0
0x2f3530	18	0x2f3578	0x2a3500
0x2f3530	19	0x2f357c	0x2a3510
0x2f3530	20	0x2f3580	0x2a3520
0x2f3530	21	0x2f3584	0x2a3530
0x2f3530	22	0x2f3588	0x132020
0x2f3530	23	0x2f358c	0x2a3540
0x2f3530	24	0x2f3590	0x2a3550
0x2f3530	25	0x2f3594	0x2a3560
0x2f3530	26	0x2f3598	0x2a3570
0x2f3530	27	0x2f359c	0x2a2960
0x2f3530	28	0x2f35a0	0x19ed70
0x2f3530	29	0x2f35a4	0x2a3590
0x2f3530	30	0x2f35a8	0x2a35a0
0x2f3530	31	0x2f35ac	0x11eb90
0x2f3530	32	0x2f35b0	0x2a35c0
0x2f3530	33	0x2f35b4	0x2a35e0
0x2f3530	34	0x2f35b8	0x2a2cc0
0x2f35c0	0	0x2f35c0	0x120020
0x2f35c0	1	0x2f35c4	0x104a90
0x2f35c0	2	0x2f35c8	0x1207a0
0x2f35c0	3	0x2f35cc	0x2a3160
0x2f35c0	4	0x2f35d0	0x1c0150
0x2f35c0	5	0x2f35d4	0x2a2950
0x2f35c0	6	0x2f35d8	0x25480
0x2f35c0	7	0x2f35dc	0x2a3290
0x2f35c0	8	0x2f35e0	0x2a3280
0x2f35c0	9	0x2f35e4	0x2a32e0
0x2f35c0	10	0x2f35e8	0x2a3310
0x2f35c0	11	0x2f35ec	0x2a32a0
0x2f35c0	12	0x2f35f0	0x2a32b0
0x2f35c0	13	0x2f35f4	0x108180
0x2f35c0	14	0x2f35f8	0x122900
0x2f35c0	15	0x2f35fc	0x2a34d0
0x2f35c0	16	0x2f3600	0x2a34e0
0x2f35c0	17	0x2f3604	0x2a34f0
0x2f35c0	18	0x2f3608	0x2a3500
0x2f35c0	19	0x2f360c	0x2a3510
0x2f35c0	20	0x2f3610	0x2a3520
0x2f35c0	21	0x2f3614	0x2a3530
0x2f35c0	22	0x2f3618	0x132020
0x2f35c0	23	0x2f361c	0x2a3540
0x2f35c0	24	0x2f3620	0x2a3550
0x2f35c0	25	0x2f3624	0x2a3560
0x2f35c0	26	0x2f3628	0x2a3570
0x2f35c0	27	0x2f362c	0x2a2960
0x2f35c0	28	0x2f3630	0x1226e0
0x2f35c0	29	0x2f3634	0x11a220
0x2f35c0	30	0x2f3638	0x2a35a0
0x2f35c0	31	0x2f363c	0x2a35b0
0x2f35c0	32	0x2f3640	0x122810
0x2f35c0	33	0x2f3644	0x2a35e0
0x2f35c0	34	0x2f3648	0x2a2cc0
0x2f3650	0	0x2f3650	0x1230a0
0x2f3650	1	0x2f3654	0x2a3050
0x2f3650	2	0x2f3658	0x123130
0x2f3650	3	0x2f365c	0x2a3160
0x2f3650	4	0x2f3660	0x1c0150
0x2f3650	5	0x2f3664	0x2a2950
0x2f3650	6	0x2f3668	0x25480
0x2f3650	7	0x2f366c	0x2a3290
0x2f3650	8	0x2f3670	0x2a3280
0x2f3650	9	0x2f3674	0x2a32e0
0x2f3650	10	0x2f3678	0x2a3310
0x2f3650	11	0x2f367c	0x2a32a0
0x2f3650	12	0x2f3680	0x2a32b0
0x2f3650	13	0x2f3684	0x108180
0x2f3650	14	0x2f3688	0x2a34a0
0x2f3650	15	0x2f368c	0x2a34d0
0x2f3650	16	0x2f3690	0x2a34e0
0x2f3650	17	0x2f3694	0x2a34f0
0x2f3650	18	0x2f3698	0x2a3500
0x2f3650	19	0x2f369c	0x2a3510
0x2f3650	20	0x2f36a0	0x2a3520
0x2f3650	21	0x2f36a4	0x2a3530
0x2f3650	22	0x2f36a8	0x132020
0x2f3650	23	0x2f36ac	0x2a3540
0x2f3650	24	0x2f36b0	0x2a3550
0x2f3650	25	0x2f36b4	0x2a3560
0x2f3650	26	0x2f36b8	0x2a3570
0x2f3650	27	0x2f36bc	0x2a2960
0x2f3650	28	0x2f36c0	0x123470
0x2f3650	29	0x2f36c4	0x2a3590
0x2f3650	30	0x2f36c8	0x2a35a0
0x2f3650	31	0x2f36cc	0x2a35b0
0x2f3650	32	0x2f36d0	0x2a35c0
0x2f3650	33	0x2f36d4	0x2a35e0
0x2f3650	34	0x2f36d8	0x2a2cc0
0x2f3650	35	0x2f36dc	0x1230d0
0x2f36e0	0	0x2f36e0	0x123880
0x2f36e0	1	0x2f36e4	0x10c0d0
0x2f36e0	2	0x2f36e8	0x1239d0
0x2f36e0	3	0x2f36ec	0x2a3160
0x2f36e0	4	0x2f36f0	0x1c0150
0x2f36e0	5	0x2f36f4	0x2a2950
0x2f36e0	6	0x2f36f8	0x25480
0x2f36e0	7	0x2f36fc	0x2a3290
0x2f36e0	8	0x2f3700	0x2a3280
0x2f36e0	9	0x2f3704	0x2a32e0
0x2f36e0	10	0x2f3708	0x2a3310
0x2f36e0	11	0x2f370c	0x2a32a0
0x2f36e0	12	0x2f3710	0x2a32b0
0x2f36e0	13	0x2f3714	0x108180
0x2f36e0	14	0x2f3718	0x123e00
0x2f36e0	15	0x2f371c	0x2a34d0
0x2f36e0	16	0x2f3720	0x2a34e0
0x2f36e0	17	0x2f3724	0x2a34f0
0x2f36e0	18	0x2f3728	0x2a3500
0x2f36e0	19	0x2f372c	0x2a3510
0x2f36e0	20	0x2f3730	0x2a3520
0x2f36e0	21	0x2f3734	0x2a3530
0x2f36e0	22	0x2f3738	0x132020
0x2f36e0	23	0x2f373c	0x2a3540
0x2f36e0	24	0x2f3740	0x2a3550
0x2f36e0	25	0x2f3744	0x2a3560
0x2f36e0	26	0x2f3748	0x2a3570
0x2f36e0	27	0x2f374c	0x2a2960
0x2f36e0	28	0x2f3750	0x123bd0
0x2f36e0	29	0x2f3754	0x123dc0
0x2f36e0	30	0x2f3758	0x2a35a0
0x2f36e0	31	0x2f375c	0x2a35b0
0x2f36e0	32	0x2f3760	0x2a35c0
0x2f36e0	33	0x2f3764	0x2a35e0
0x2f36e0	34	0x2f3768	0x2a2cc0
0x2f36e0	35	0x2f376c	0x123f30
0x2f3770	0	0x2f3770	0x124240
0x2f3770	1	0x2f3774	0x104a90
0x2f3770	2	0x2f3778	0x124390
0x2f3770	3	0x2f377c	0x2a3160
0x2f3770	4	0x2f3780	0x1c0150
0x2f3770	5	0x2f3784	0x2a2950
0x2f3770	6	0x2f3788	0x25480
0x2f3770	7	0x2f378c	0x2a3290
0x2f3770	8	0x2f3790	0x2a3280
0x2f3770	9	0x2f3794	0x2a32e0
0x2f3770	10	0x2f3798	0x2a3310
0x2f3770	11	0x2f379c	0x2a32a0
0x2f3770	12	0x2f37a0	0x2a32b0
0x2f3770	13	0x2f37a4	0x108180
0x2f3770	14	0x2f37a8	0x124760
0x2f3770	15	0x2f37ac	0x2a34d0
0x2f3770	16	0x2f37b0	0x2a34e0
0x2f3770	17	0x2f37b4	0x2a34f0
0x2f3770	18	0x2f37b8	0x2a3500
0x2f3770	19	0x2f37bc	0x2a3510
0x2f3770	20	0x2f37c0	0x2a3520
0x2f3770	21	0x2f37c4	0x2a3530
0x2f3770	22	0x2f37c8	0x132020
0x2f3770	23	0x2f37cc	0x2a3540
0x2f3770	24	0x2f37d0	0x2a3550
0x2f3770	25	0x2f37d4	0x2a3560
0x2f3770	26	0x2f37d8	0x2a3570
0x2f3770	27	0x2f37dc	0x2a2960
0x2f3770	28	0x2f37e0	0x124720
0x2f3770	29	0x2f37e4	0x124680
0x2f3770	30	0x2f37e8	0x2a35a0
0x2f3770	31	0x2f37ec	0x124720
0x2f3770	32	0x2f37f0	0x1b7790
0x2f3770	33	0x2f37f4	0x2a35e0
0x2f3770	34	0x2f37f8	0x2a2cc0
0x2f3808	0	0x2f3808	0x124c70
0x2f3808	1	0x2f380c	0x1253b0
0x2f3808	2	0x2f3810	0x1253e0
0x2f3808	3	0x2f3814	0x2a3160
0x2f3808	4	0x2f3818	0x1c0150
0x2f3808	5	0x2f381c	0x2a2950
0x2f3808	6	0x2f3820	0x25480
0x2f3808	7	0x2f3824	0x2a3290
0x2f3808	8	0x2f3828	0x2a3280
0x2f3808	9	0x2f382c	0x2a32e0
0x2f3808	10	0x2f3830	0x2a3310
0x2f3808	11	0x2f3834	0x2a32a0
0x2f3808	12	0x2f3838	0x2a32b0
0x2f3808	13	0x2f383c	0x108180
0x2f3808	14	0x2f3840	0x1257c0
0x2f3808	15	0x2f3844	0x2a34d0
0x2f3808	16	0x2f3848	0x2a34e0
0x2f3808	17	0x2f384c	0x2a34f0
0x2f3808	18	0x2f3850	0x2a3500
0x2f3808	19	0x2f3854	0x2a3510
0x2f3808	20	0x2f3858	0x2a3520
0x2f3808	21	0x2f385c	0x2a3530
0x2f3808	22	0x2f3860	0x132020
0x2f3808	23	0x2f3864	0x2a3540
0x2f3808	24	0x2f3868	0x2a3550
0x2f3808	25	0x2f386c	0x2a3560
0x2f3808	26	0x2f3870	0x2a3570
0x2f3808	27	0x2f3874	0x2a2960
0x2f3808	28	0x2f3878	0x125510
0x2f3808	29	0x2f387c	0x1257a0
0x2f3808	30	0x2f3880	0x2a35a0
0x2f3808	31	0x2f3884	0x2a35b0
0x2f3808	32	0x2f3888	0x1b7790
0x2f3808	33	0x2f388c	0x2a35e0
0x2f3808	34	0x2f3890	0x2a2cc0
0x2f3898	0	0x2f3898	0x125ce0
0x2f3898	1	0x2f389c	0x2a3050
0x2f3898	2	0x2f38a0	0x2a2880
0x2f3898	3	0x2f38a4	0x2a3160
0x2f3898	4	0x2f38a8	0x1c0150
0x2f3898	5	0x2f38ac	0x2a2950
0x2f3898	6	0x2f38b0	0x25480
0x2f3898	7	0x2f38b4	0x2a3290
0x2f3898	8	0x2f38b8	0x2a3280
0x2f3898	9	0x2f38bc	0x2a32e0
0x2f3898	10	0x2f38c0	0x2a3310
0x2f3898	11	0x2f38c4	0x2a32a0
0x2f3898	12	0x2f38c8	0x2a32b0
0x2f3898	13	0x2f38cc	0x108180
0x2f3898	14	0x2f38d0	0x2a34a0
0x2f3898	15	0x2f38d4	0x2a34d0
0x2f3898	16	0x2f38d8	0x2a34e0
0x2f3898	17	0x2f38dc	0x2a34f0
0x2f3898	18	0x2f38e0	0x2a3500
0x2f3898	19	0x2f38e4	0x2a3510
0x2f3898	20	0x2f38e8	0x2a3520
0x2f3898	21	0x2f38ec	0x2a3530
0x2f3898	22	0x2f38f0	0x132020
0x2f3898	23	0x2f38f4	0x2a3540
0x2f3898	24	0x2f38f8	0x2a3550
0x2f3898	25	0x2f38fc	0x2a3560
0x2f3898	26	0x2f3900	0x2a3570
0x2f3898	27	0x2f3904	0x2a2960
0x2f3898	28	0x2f3908	0x2a5e10
0x2f3898	29	0x2f390c	0x2a3590
0x2f3898	30	0x2f3910	0x2a35a0
0x2f3898	31	0x2f3914	0x2a35b0
0x2f3898	32	0x2f3918	0x2a35c0
0x2f3898	33	0x2f391c	0x2a35e0
0x2f3898	34	0x2f3920	0x2a2cc0
0x2f3924	0	0x2f3924	0x126aa0
0x2f3924	1	0x2f3928	0x2c080d
0x2f3924	2	0x2f392c	0x2c080d
0x2f3924	3	0x2f3930	0x2c080d
0x2f3924	4	0x2f3934	0x2c080d
0x2f3924	5	0x2f3938	0x2c080d
0x2f3924	6	0x2f393c	0x2c080d
0x2f3924	7	0x2f3940	0x2c080d
0x2f3924	8	0x2f3944	0x2c080d
0x2f3948	0	0x2f3948	0x126b50
0x2f3948	1	0x2f394c	0x126d40
0x2f3948	2	0x2f3950	0x29100
0x2f3948	3	0x2f3954	0x126f20
0x2f3948	4	0x2f3958	0x126fc0
0x2f3948	5	0x2f395c	0x129090
0x2f3948	6	0x2f3960	0x1270e0
0x2f3948	7	0x2f3964	0x127130
0x2f3948	8	0x2f3968	0x127160
0x2f396c	0	0x2f396c	0x1271f0
0x2f396c	1	0x2f3970	0x1275d0
0x2f396c	2	0x2f3974	0x29100
0x2f396c	3	0x2f3978	0x127760
0x2f396c	4	0x2f397c	0x127850
0x2f396c	5	0x2f3980	0x129090
0x2f396c	6	0x2f3984	0x127910
0x2f396c	7	0x2f3988	0x1279c0
0x2f396c	8	0x2f398c	0x1279e0
0x2f3990	0	0x2f3990	0x127a80
0x2f3990	1	0x2f3994	0x127d30
0x2f3990	2	0x2f3998	0x29100
0x2f3990	3	0x2f399c	0x127f10
0x2f3990	4	0x2f39a0	0x128000
0x2f3990	5	0x2f39a4	0x129090
0x2f3990	6	0x2f39a8	0x128070
0x2f3990	7	0x2f39ac	0x128200
0x2f3990	8	0x2f39b0	0x128220
0x2f39b4	0	0x2f39b4	0x128300
0x2f39b4	1	0x2f39b8	0x128b60
0x2f39b4	2	0x2f39bc	0x29100
0x2f39b4	3	0x2f39c0	0x128e50
0x2f39b4	4	0x2f39c4	0x128f90
0x2f39b4	5	0x2f39c8	0x129090
0x2f39b4	6	0x2f39cc	0x1290c0
0x2f39b4	7	0x2f39d0	0x129100
0x2f39b4	8	0x2f39d4	0x129130
0x2f39f8	0	0x2f39f8	0x133c50
0x2f39f8	1	0x2f39fc	0x134240
0x2f39f8	2	0x2f3a00	0x25890
0x2f39f8	3	0x2f3a04	0x25890
0x2f39f8	4	0x2f3a08	0x135310
0x2f39f8	5	0x2f3a0c	0xaa440
0x2f39f8	6	0x2f3a10	0x254d0
0x2f39f8	7	0x2f3a14	0x51f60
0x2f39f8	8	0x2f3a18	0x25890
0x2f39f8	9	0x2f3a1c	0x25480
0x2f39f8	10	0x2f3a20	0x25520
0x2f39f8	11	0x2f3a24	0x25530
0x2f39f8	12	0x2f3a28	0x51f50
0x2f39f8	13	0x2f3a2c	0x25540
0x2f39f8	14	0x2f3a30	0x25800
0x2f39f8	15	0x2f3a34	0x12a620
0x2f39f8	16	0x2f3a38	0x254a0
0x2f39f8	17	0x2f3a3c	0x254b0
0x2f39f8	18	0x2f3a40	0xaa910
0x2f39f8	19	0x2f3a44	0xaa9a0
0x2f39f8	20	0x2f3a48	0xaa9b0
0x2f39f8	21	0x2f3a4c	0x135ec0
0x2f39f8	22	0x2f3a50	0x136400
0x2f39f8	23	0x2f3a54	0x29100
0x2f39f8	24	0x2f3a58	0x29100
0x2f39f8	25	0x2f3a5c	0xaaa40
0x2f39f8	26	0x2f3a60	0x29100
0x2f39f8	27	0x2f3a64	0x25890
0x2f39f8	28	0x2f3a68	0x29100
0x2f39f8	29	0x2f3a6c	0x29100
0x2f39f8	30	0x2f3a70	0xe3f10
0x2f39f8	31	0x2f3a74	0x1ba900
0x2f39f8	32	0x2f3a78	0x1ba850
0x2f39f8	33	0x2f3a7c	0x25480
0x2f39f8	34	0x2f3a80	0x25490
0x2f39f8	35	0x2f3a84	0x25810
0x2f39f8	36	0x2f3a88	0xac5a0
0x2f39f8	37	0x2f3a8c	0x25860
0x2f39f8	38	0x2f3a90	0x25870
0x2f39f8	39	0x2f3a94	0x52cb0
0x2f39f8	40	0x2f3a98	0x1ba850
0x2f39f8	41	0x2f3a9c	0x25890
0x2f39f8	42	0x2f3aa0	0x1a4040
0x2f39f8	43	0x2f3aa4	0xab3c0
0x2f39f8	44	0x2f3aa8	0x1368d0
0x2f39f8	45	0x2f3aac	0x136e10
0x2f39f8	46	0x2f3ab0	0x137690
0x2f39f8	47	0x2f3ab4	0xac4c0
0x2f39f8	48	0x2f3ab8	0x19ed70
0x2f39f8	49	0x2f3abc	0xac510
0x2f39f8	50	0x2f3ac0	0xac540
0x2f39f8	51	0x2f3ac4	0xacc20
0x2f39f8	52	0x2f3ac8	0x19ed70
0x2f39f8	53	0x2f3acc	0x12a620
0x2f39f8	54	0x2f3ad0	0x12a620
0x2f39f8	55	0x2f3ad4	0x12a620
0x2f39f8	56	0x2f3ad8	0xaa900
0x2f39f8	57	0x2f3adc	0xaa900
0x2f39f8	58	0x2f3ae0	0x29100
0x2f39f8	59	0x2f3ae4	0x29100
0x2f39f8	60	0x2f3ae8	0xaaa80
0x2f3af0	0	0x2f3af0	0x138a00
0x2f3af0	1	0x2f3af4	0x138d60
0x2f3af0	2	0x2f3af8	0x25890
0x2f3af0	3	0x2f3afc	0x25890
0x2f3af0	4	0x2f3b00	0x138f60
0x2f3af0	5	0x2f3b04	0xaa440
0x2f3af0	6	0x2f3b08	0x254d0
0x2f3af0	7	0x2f3b0c	0x51f60
0x2f3af0	8	0x2f3b10	0x25890
0x2f3af0	9	0x2f3b14	0x25480
0x2f3af0	10	0x2f3b18	0x25520
0x2f3af0	11	0x2f3b1c	0x25530
0x2f3af0	12	0x2f3b20	0x51f50
0x2f3af0	13	0x2f3b24	0x25540
0x2f3af0	14	0x2f3b28	0x25800
0x2f3af0	15	0x2f3b2c	0x12a620
0x2f3af0	16	0x2f3b30	0x254a0
0x2f3af0	17	0x2f3b34	0x254b0
0x2f3af0	18	0x2f3b38	0xaa910
0x2f3af0	19	0x2f3b3c	0xaa9a0
0x2f3af0	20	0x2f3b40	0xaa9b0
0x2f3af0	21	0x2f3b44	0x13aff0
0x2f3af0	22	0x2f3b48	0x13b1a0
0x2f3af0	23	0x2f3b4c	0x138de0
0x2f3af0	24	0x2f3b50	0x138ef0
0x2f3af0	25	0x2f3b54	0xaaa40
0x2f3af0	26	0x2f3b58	0x29100
0x2f3af0	27	0x2f3b5c	0x25890
0x2f3af0	28	0x2f3b60	0xe2d70
0x2f3af0	29	0x2f3b64	0x29100
0x2f3af0	30	0x2f3b68	0xe3f10
0x2f3af0	31	0x2f3b6c	0x1ba900
0x2f3af0	32	0x2f3b70	0x1ba850
0x2f3af0	33	0x2f3b74	0x25480
0x2f3af0	34	0x2f3b78	0x25490
0x2f3af0	35	0x2f3b7c	0x25810
0x2f3af0	36	0x2f3b80	0xac5a0
0x2f3af0	37	0x2f3b84	0x25860
0x2f3af0	38	0x2f3b88	0x25870
0x2f3af0	39	0x2f3b8c	0x52cb0
0x2f3af0	40	0x2f3b90	0x1ba850
0x2f3af0	41	0x2f3b94	0x25890
0x2f3af0	42	0x2f3b98	0x1a4040
0x2f3af0	43	0x2f3b9c	0xab3c0
0x2f3af0	44	0x2f3ba0	0x1396f0
0x2f3af0	45	0x2f3ba4	0x139d90
0x2f3af0	46	0x2f3ba8	0x13a630
0x2f3af0	47	0x2f3bac	0xac4c0
0x2f3af0	48	0x2f3bb0	0x19ed70
0x2f3af0	49	0x2f3bb4	0xac510
0x2f3af0	50	0x2f3bb8	0xac540
0x2f3af0	51	0x2f3bbc	0xacc20
0x2f3af0	52	0x2f3bc0	0x19ed70
0x2f3af0	53	0x2f3bc4	0x12a620
0x2f3af0	54	0x2f3bc8	0x12a620
0x2f3af0	55	0x2f3bcc	0x12a620
0x2f3af0	56	0x2f3bd0	0xaa900
0x2f3af0	57	0x2f3bd4	0xaa900
0x2f3af0	58	0x2f3bd8	0x138f10
0x2f3af0	59	0x2f3bdc	0x138e00
0x2f3af0	60	0x2f3be0	0xe30c0
0x2f3be8	0	0x2f3be8	0x13c7c0
0x2f3be8	1	0x2f3bec	0x13c860
0x2f3c18	0	0x2f3c18	0x142ea0
0x2f3c18	1	0x2f3c1c	0x142d70
0x2f3c18	2	0x2f3c20	0x142e30
0x2f3c18	3	0x2f3c24	0x142e40
0x2f3c18	4	0x2f3c28	0x142e50
0x2f3c18	5	0x2f3c2c	0x142e90
0x2f3c18	6	0x2f3c30	0x142720
0x2f3c18	7	0x2f3c34	0x142730
0x2f3c18	8	0x2f3c38	0x142740
0x2f3c18	9	0x2f3c3c	0x142d20
0x2f3c18	10	0x2f3c40	0x25890
0x2f3c18	11	0x2f3c44	0x142d30
0x2f3c4c	0	0x2f3c4c	0x144af0
0x2f3c4c	1	0x2f3c50	0x1433a0
0x2f3c4c	2	0x2f3c54	0x143370
0x2f3c4c	3	0x2f3c58	0x1438b0
0x2f3c4c	4	0x2f3c5c	0x144aa0
0x2f3c4c	5	0x2f3c60	0x144ae0
0x2f3c4c	6	0x2f3c64	0x143a40
0x2f3c4c	7	0x2f3c68	0x143dd0
0x2f3c4c	8	0x2f3c6c	0x144110
0x2f3c4c	9	0x2f3c70	0x144600
0x2f3c4c	10	0x2f3c74	0x1449c0
0x2f3c4c	11	0x2f3c78	0x25480
0x2f3c88	0	0x2f3c88	0x145770
0x2f3c88	1	0x2f3c8c	0x2c080d
0x2f3c88	2	0x2f3c90	0x2c080d
0x2f3c88	3	0x2f3c94	0x2c080d
0x2f3c88	4	0x2f3c98	0x2c080d
0x2f3c88	5	0x2f3c9c	0x2c080d
0x2f3c88	6	0x2f3ca0	0x2c080d
0x2f3c88	7	0x2f3ca4	0x2c080d
0x2f3c88	8	0x2f3ca8	0x2c080d
0x2f3c88	9	0x2f3cac	0x2c080d
0x2f3c88	10	0x2f3cb0	0x25890
0x2f3c88	11	0x2f3cb4	0x2c080d
0x2f3cc4	0	0x2f3cc4	0x2c080d
0x2f3cc4	1	0x2f3cc8	0x2c080d
0x2f3ccc	0	0x2f3ccc	0x14b430
0x2f3ccc	1	0x2f3cd0	0x14b2c0
0x2f3ccc	2	0x2f3cd4	0x156760
0x2f3cd8	0	0x2f3cd8	0x149c40
0x2f3cd8	1	0x2f3cdc	0x149d10
0x2f3ce0	0	0x2f3ce0	0x149d80
0x2f3ce0	1	0x2f3ce4	0x149e50
0x2f3cec	0	0x2f3cec	0x150e70
0x2f3cec	1	0x2f3cf0	0x150d50
0x2f3cec	2	0x2f3cf4	0x150dd0
0x2f3e2c	0	0x2f3e2c	0x156790
0x2f3e2c	1	0x2f3e30	0x156740
0x2f3e2c	2	0x2f3e34	0x156760
0x2f3e38	0	0x2f3e38	0x156770
0x2f3e38	1	0x2f3e3c	0x156630
0x2f3e38	2	0x2f3e40	0x1566b0
0x2f3e48	0	0x2f3e48	0x15c640
0x2f3e48	1	0x2f3e4c	0x163550
0x2f3e48	2	0x2f3e50	0x164940
0x2f3e48	3	0x2f3e54	0x1657a0
0x2f3e58	0	0x2f3e58	0x166da0
0x2f3e58	1	0x2f3e5c	0x167080
0x2f3e58	2	0x2f3e60	0x167310
0x2f3e58	3	0x2f3e64	0x1673d0
0x2f3e58	4	0x2f3e68	0x1a4040
0x2f3e58	5	0x2f3e6c	0x166fe0
0x2f3e58	6	0x2f3e70	0x2c080d
0x2f3e58	7	0x2f3e74	0x25480
0x2f3e58	8	0x2f3e78	0x1a4040
0x2f3e7c	0	0x2f3e7c	0x167990
0x2f3e80	0	0x2f3e80	0x16af20
0x2f3e80	1	0x2f3e84	0x16ab80
0x2f3e80	2	0x2f3e88	0x16ac00
0x2f3e8c	0	0x2f3e8c	0x16af40
0x2f3e8c	1	0x2f3e90	0x16aca0
0x2f3e8c	2	0x2f3e94	0x16ac00
0x2f3e98	0	0x2f3e98	0x16af60
0x2f3e98	1	0x2f3e9c	0x16ada0
0x2f3e98	2	0x2f3ea0	0x16ac00
0x2f3ea4	0	0x2f3ea4	0x16af80
0x2f3ea4	1	0x2f3ea8	0x16aea0
0x2f3ea4	2	0x2f3eac	0x16ac00
0x2f3eec	0	0x2f3eec	0x1804a0
0x2f3eec	1	0x2f3ef0	0x180c30
0x2f3eec	2	0x2f3ef4	0x180bb0
0x2f3eec	3	0x2f3ef8	0x181510
0x2f3eec	4	0x2f3efc	0x1815b0
0x2f3eec	5	0x2f3f00	0x1815a0
0x2f3eec	6	0x2f3f04	0x1814f0
0x2f3eec	7	0x2f3f08	0x181500
0x2f3eec	8	0x2f3f0c	0x181d70
0x2f3eec	9	0x2f3f10	0x180730
0x2f40b8	0	0x2f40b8	0x1912f0
0x2f40b8	1	0x2f40bc	0x25480
0x2f40c0	0	0x2f40c0	0x19b650
0x2f4210	0	0x2f4210	0x1a3270
0x2f4210	1	0x2f4214	0x2c080d
0x2f4210	2	0x2f4218	0x2c080d
0x2f4210	3	0x2f421c	0x2c080d
0x2f4210	4	0x2f4220	0x2c080d
0x2f4210	5	0x2f4224	0x2c080d
0x2f4210	6	0x2f4228	0x2c080d
0x2f4210	7	0x2f422c	0x2c080d
0x2f4210	8	0x2f4230	0x2c080d
0x2f4210	9	0x2f4234	0x1a3290
0x2f423c	0	0x2f423c	0x1a3f20
0x2f423c	1	0x2f4240	0x1a3f40
0x2f423c	2	0x2f4244	0x1a3f60
0x2f423c	3	0x2f4248	0x1a3fd0
0x2f423c	4	0x2f424c	0x1a3f80
0x2f423c	5	0x2f4250	0x1a4000
0x2f423c	6	0x2f4254	0x1a3fb0
0x2f423c	7	0x2f4258	0x1a3fc0
0x2f423c	8	0x2f425c	0x1a4040
0x2f423c	9	0x2f4260	0x1a3290
0x2f426c	0	0x2f426c	0x1aa720
0x2f426c	1	0x2f4270	0x1abd50
0x2f426c	2	0x2f4274	0x1abf10
0x2f426c	3	0x2f4278	0x1ac050
0x2f4290	0	0x2f4290	0x1ac910
0x2f4290	1	0x2f4294	0x1b0f70
0x2f4290	2	0x2f4298	0x1b0ff0
0x2f4290	3	0x2f429c	0x1b2100
0x2f4290	4	0x2f42a0	0x1af360
0x2f4290	5	0x2f42a4	0x1af330
0x2f42a8	0	0x2f42a8	0x1b30c0
0x2f42bc	0	0x2f42bc	0x1b89d0
0x2f42c8	0	0x2f42c8	0x1b9440
0x2f42c8	1	0x2f42cc	0x1b9510
0x2f42c8	2	0x2f42d0	0x1be280
0x2f42c8	3	0x2f42d4	0x1b9520
0x2f42c8	4	0x2f42d8	0x1b96e0
0x2f42c8	5	0x2f42dc	0x1ba850
0x2f42c8	6	0x2f42e0	0x1b94f0
0x2f42c8	7	0x2f42e4	0x1b9760
0x2f42c8	8	0x2f42e8	0x25480
0x2f42c8	9	0x2f42ec	0x25950
0x2f42c8	10	0x2f42f0	0x1bedd0
0x2f42c8	11	0x2f42f4	0x29100
0x2f42c8	12	0x2f42f8	0x29100
0x2f42c8	13	0x2f42fc	0x1bb160
0x2f42c8	14	0x2f4300	0x25890
0x2f42c8	15	0x2f4304	0x12a620
0x2f42c8	16	0x2f4308	0x1b9780
0x2f42c8	17	0x2f430c	0x1bea00
0x2f42c8	18	0x2f4310	0x1ba850
0x2f42c8	19	0x2f4314	0x1b94f0
0x2f42c8	20	0x2f4318	0x25890
0x2f42c8	21	0x2f431c	0x29100
0x2f42c8	22	0x2f4320	0x1bb170
0x2f42c8	23	0x2f4324	0x1bb180
0x2f42c8	24	0x2f4328	0x25480
0x2f42c8	25	0x2f432c	0x1b9500
0x2f42c8	26	0x2f4330	0x29100
0x2f42c8	27	0x2f4334	0x1b97c0
0x2f42c8	28	0x2f4338	0x1b9d10
0x2f42c8	29	0x2f433c	0x1ba150
0x2f42c8	30	0x2f4340	0x1ba860
0x2f42c8	31	0x2f4344	0x1bede0
0x2f42c8	32	0x2f4348	0x1bef00
0x2f4360	0	0x2f4360	0x1bb2a0
0x2f4360	1	0x2f4364	0x1bb3b0
0x2f4360	2	0x2f4368	0x1be280
0x2f4360	3	0x2f436c	0x1bb3d0
0x2f4360	4	0x2f4370	0x1bb680
0x2f4360	5	0x2f4374	0x1ba850
0x2f4360	6	0x2f4378	0x1b94f0
0x2f4360	7	0x2f437c	0x1bb810
0x2f4360	8	0x2f4380	0x25480
0x2f4360	9	0x2f4384	0x25480
0x2f4360	10	0x2f4388	0x1bedd0
0x2f4360	11	0x2f438c	0x29100
0x2f4360	12	0x2f4390	0x29100
0x2f4360	13	0x2f4394	0x1bb160
0x2f4360	14	0x2f4398	0x25890
0x2f4360	15	0x2f439c	0x12a620
0x2f4360	16	0x2f43a0	0x1bb840
0x2f4360	17	0x2f43a4	0x1bea00
0x2f4360	18	0x2f43a8	0x1ba850
0x2f4360	19	0x2f43ac	0x25890
0x2f4360	20	0x2f43b0	0x25890
0x2f4360	21	0x2f43b4	0x29100
0x2f4360	22	0x2f43b8	0x1bb170
0x2f4360	23	0x2f43bc	0x1bb180
0x2f4360	24	0x2f43c0	0x25480
0x2f4360	25	0x2f43c4	0x1bb3c0
0x2f4360	26	0x2f43c8	0x29100
0x2f4360	27	0x2f43cc	0x1bb880
0x2f4360	28	0x2f43d0	0x1bc1d0
0x2f4360	29	0x2f43d4	0x1bc950
0x2f4360	30	0x2f43d8	0x1bd4f0
0x2f4360	31	0x2f43dc	0x1bede0
0x2f4360	32	0x2f43e0	0x1bef00
0x2f43e8	0	0x2f43e8	0x1be160
0x2f43e8	1	0x2f43ec	0x1be250
0x2f43e8	2	0x2f43f0	0x1be280
0x2f43e8	3	0x2f43f4	0x1be370
0x2f43e8	4	0x2f43f8	0x1be710
0x2f43e8	5	0x2f43fc	0x1bec70
0x2f43e8	6	0x2f4400	0x29100
0x2f43e8	7	0x2f4404	0x1bec40
0x2f43e8	8	0x2f4408	0x2c080d
0x2f43e8	9	0x2f440c	0x2c080d
0x2f43e8	10	0x2f4410	0x1bedd0
0x2f43e8	11	0x2f4414	0x29100
0x2f43e8	12	0x2f4418	0x29100
0x2f43e8	13	0x2f441c	0x1bb160
0x2f43e8	14	0x2f4420	0x25890
0x2f43e8	15	0x2f4424	0x1be230
0x2f43e8	16	0x2f4428	0x1be830
0x2f43e8	17	0x2f442c	0x1bea00
0x2f43e8	18	0x2f4430	0x1ba850
0x2f43e8	19	0x2f4434	0x25890
0x2f43e8	20	0x2f4438	0x25890
0x2f43e8	21	0x2f443c	0x29100
0x2f43e8	22	0x2f4440	0x1bb170
0x2f43e8	23	0x2f4444	0x1bb180
0x2f43e8	24	0x2f4448	0x25480
0x2f43e8	25	0x2f444c	0x29100
0x2f43e8	26	0x2f4450	0x29100
0x2f43e8	27	0x2f4454	0x1bf5e0
0x2f43e8	28	0x2f4458	0x1bf900
0x2f43e8	29	0x2f445c	0x1bf9f0
0x2f43e8	30	0x2f4460	0x1bf550
0x2f43e8	31	0x2f4464	0x1bede0
0x2f43e8	32	0x2f4468	0x1bef00
0x2f446c	0	0x2f446c	0x1bfd90
0x2f446c	1	0x2f4470	0x1c0600
0x2f4474	0	0x2f4474	0x1c1170
0x2f4474	1	0x2f4478	0x1c1210
0x2f447c	0	0x2f447c	0x1c13a0
0x2f447c	1	0x2f4480	0x1c1480
0x2f4484	0	0x2f4484	0x1c1590
0x2f4484	1	0x2f4488	0x1c16a0
0x2f4484	2	0x2f448c	0x1c1660
0x2f4484	3	0x2f4490	0x23aaa0
0x2f4484	4	0x2f4494	0x23aae0
0x2f4484	5	0x2f4498	0x23aa90
0x2f4484	6	0x2f449c	0x1c1ab0
0x2f4484	7	0x2f44a0	0x1c1ac0
0x2f4484	8	0x2f44a4	0x1c1b10
0x2f4484	9	0x2f44a8	0x1c1600
0x2f44ac	0	0x2f44ac	0x1c5580
0x2f44ac	1	0x2f44b0	0x1c5620
0x2f44cc	0	0x2f44cc	0x1c71e0
0x2f44cc	1	0x2f44d0	0x1c7180
0x2f44cc	2	0x2f44d4	0x156760
0x2f44d8	0	0x2f44d8	0x1c71c0
0x2f44d8	1	0x2f44dc	0x1c70d0
0x2f44d8	2	0x2f44e0	0x1c7150
0x2f44e8	0	0x2f44e8	0x1c7bb0
0x2f44ec	0	0x2f44ec	0x1c84a0
0x2f44ec	1	0x2f44f0	0x2c080d
0x2f44ec	2	0x2f44f4	0x2c080d
0x2f44ec	3	0x2f44f8	0x2c080d
0x2f44ec	4	0x2f44fc	0x2c080d
0x2f4500	0	0x2f4500	0x1c8700
0x2f4500	1	0x2f4504	0x1c8730
0x2f4500	2	0x2f4508	0x29100
0x2f4500	3	0x2f450c	0x1c8ce0
0x2f4500	4	0x2f4510	0x1c8830
0x2f4528	0	0x2f4528	0x1c8fc0
0x2f4528	1	0x2f452c	0x2c080d
0x2f4528	2	0x2f4530	0x2c080d
0x2f4538	0	0x2f4538	0x1cc2c0
0x2f4538	1	0x2f453c	0x2c080d
0x2f4538	2	0x2f4540	0x1cc820
0x2f4538	3	0x2f4544	0x1ccb60
0x2f4538	4	0x2f4548	0x1ccdb0
0x2f4538	5	0x2f454c	0x1cc330
0x2f4538	6	0x2f4550	0x25950
0x2f4538	7	0x2f4554	0x1e9530
0x2f4538	8	0x2f4558	0x206da0
0x2f4538	9	0x2f455c	0x206da0
0x2f4538	10	0x2f4560	0x1cc3d0
0x2f4564	0	0x2f4564	0x1cd250
0x2f4564	1	0x2f4568	0x1cd280
0x2f4564	2	0x2f456c	0x1cd4c0
0x2f4564	3	0x2f4570	0x1cd850
0x2f4564	4	0x2f4574	0x1cda50
0x2f4564	5	0x2f4578	0x1cc330
0x2f4564	6	0x2f457c	0x1ef450
0x2f4564	7	0x2f4580	0x1ef470
0x2f4564	8	0x2f4584	0x206da0
0x2f4564	9	0x2f4588	0x206da0
0x2f4564	10	0x2f458c	0x1cd3c0
0x2f4590	0	0x2f4590	0x1cde50
0x2f4590	1	0x2f4594	0x1cde80
0x2f4590	2	0x2f4598	0x1ce020
0x2f4590	3	0x2f459c	0x1ce2b0
0x2f4590	4	0x2f45a0	0x1ce390
0x2f4590	5	0x2f45a4	0x1cc330
0x2f4590	6	0x2f45a8	0x1ef450
0x2f4590	7	0x2f45ac	0x1ef470
0x2f4590	8	0x2f45b0	0x206da0
0x2f4590	9	0x2f45b4	0x206da0
0x2f4590	10	0x2f45b8	0x1cdfa0
0x2f45bc	0	0x2f45bc	0x1ce6b0
0x2f45bc	1	0x2f45c0	0x1ce6e0
0x2f45bc	2	0x2f45c4	0x1ce880
0x2f45bc	3	0x2f45c8	0x1ceb10
0x2f45bc	4	0x2f45cc	0x1cebf0
0x2f45bc	5	0x2f45d0	0x1cc330
0x2f45bc	6	0x2f45d4	0x1ef450
0x2f45bc	7	0x2f45d8	0x1ef470
0x2f45bc	8	0x2f45dc	0x206da0
0x2f45bc	9	0x2f45e0	0x206da0
0x2f45bc	10	0x2f45e4	0x1ce800
0x2f45e8	0	0x2f45e8	0x1cef20
0x2f45e8	1	0x2f45ec	0x1cef50
0x2f45e8	2	0x2f45f0	0x1cf140
0x2f45e8	3	0x2f45f4	0x1cf480
0x2f45e8	4	0x2f45f8	0x1cf5f0
0x2f45e8	5	0x2f45fc	0x1cc330
0x2f45e8	6	0x2f4600	0x1ef450
0x2f45e8	7	0x2f4604	0x1ef470
0x2f45e8	8	0x2f4608	0x206da0
0x2f45e8	9	0x2f460c	0x206da0
0x2f45e8	10	0x2f4610	0x1cf080
0x2f4614	0	0x2f4614	0x1cfa50
0x2f4614	1	0x2f4618	0x1cfaf0
0x2f4614	2	0x2f461c	0x1cfd20
0x2f4614	3	0x2f4620	0x1d0070
0x2f4614	4	0x2f4624	0x1d01f0
0x2f4614	5	0x2f4628	0x1cc330
0x2f4614	6	0x2f462c	0x1ef450
0x2f4614	7	0x2f4630	0x1ef470
0x2f4614	8	0x2f4634	0x206da0
0x2f4614	9	0x2f4638	0x206da0
0x2f4614	10	0x2f463c	0x1cfc50
0x2f4640	0	0x2f4640	0x1d0640
0x2f4640	1	0x2f4644	0x1d06f0
0x2f4640	2	0x2f4648	0x1d0a00
0x2f4640	3	0x2f464c	0x1d0d20
0x2f4640	4	0x2f4650	0x1d0fb0
0x2f4640	5	0x2f4654	0x1cc330
0x2f4640	6	0x2f4658	0x1d0870
0x2f4640	7	0x2f465c	0x1ef470
0x2f4640	8	0x2f4660	0x206da0
0x2f4640	9	0x2f4664	0x206da0
0x2f4640	10	0x2f4668	0x1d08a0
0x2f466c	0	0x2f466c	0x1d14b0
0x2f466c	1	0x2f4670	0x1d1550
0x2f466c	2	0x2f4674	0x1d1880
0x2f466c	3	0x2f4678	0x1d1b90
0x2f466c	4	0x2f467c	0x1d1db0
0x2f466c	5	0x2f4680	0x1cc330
0x2f466c	6	0x2f4684	0x1d16e0
0x2f466c	7	0x2f4688	0x1dfb70
0x2f466c	8	0x2f468c	0x206da0
0x2f466c	9	0x2f4690	0x206da0
0x2f466c	10	0x2f4694	0x1d1700
0x2f4698	0	0x2f4698	0x1d2280
0x2f4698	1	0x2f469c	0x1d2370
0x2f4698	2	0x2f46a0	0x1d2900
0x2f4698	3	0x2f46a4	0x1d2d40
0x2f4698	4	0x2f46a8	0x1d3270
0x2f4698	5	0x2f46ac	0x1cc330
0x2f4698	6	0x2f46b0	0x1d2510
0x2f4698	7	0x2f46b4	0x1d2520
0x2f4698	8	0x2f46b8	0x206da0
0x2f4698	9	0x2f46bc	0x206da0
0x2f4698	10	0x2f46c0	0x1d2540
0x2f46c4	0	0x2f46c4	0x1d3970
0x2f46c4	1	0x2f46c8	0x1d39e0
0x2f46c4	2	0x2f46cc	0x1d3d60
0x2f46c4	3	0x2f46d0	0x1d44c0
0x2f46c4	4	0x2f46d4	0x1d4750
0x2f46c4	5	0x2f46d8	0x1cc330
0x2f46c4	6	0x2f46dc	0x1d16e0
0x2f46c4	7	0x2f46e0	0x1e9530
0x2f46c4	8	0x2f46e4	0x206da0
0x2f46c4	9	0x2f46e8	0x206da0
0x2f46c4	10	0x2f46ec	0x1d3c10
0x2f46f0	0	0x2f46f0	0x1d4c80
0x2f46f0	1	0x2f46f4	0x1d4cb0
0x2f46f0	2	0x2f46f8	0x1d4e50
0x2f46f0	3	0x2f46fc	0x1d50e0
0x2f46f0	4	0x2f4700	0x1d51c0
0x2f46f0	5	0x2f4704	0x1cc330
0x2f46f0	6	0x2f4708	0x1ef450
0x2f46f0	7	0x2f470c	0x1ef470
0x2f46f0	8	0x2f4710	0x206da0
0x2f46f0	9	0x2f4714	0x206da0
0x2f46f0	10	0x2f4718	0x1d4dd0
0x2f471c	0	0x2f471c	0x1d54e0
0x2f471c	1	0x2f4720	0x1d5600
0x2f471c	2	0x2f4724	0x1d5c40
0x2f471c	3	0x2f4728	0x1d61d0
0x2f471c	4	0x2f472c	0x1d6c10
0x2f471c	5	0x2f4730	0x1cc330
0x2f471c	6	0x2f4734	0x1d5860
0x2f471c	7	0x2f4738	0x1d58c0
0x2f471c	8	0x2f473c	0x206da0
0x2f471c	9	0x2f4740	0x206da0
0x2f471c	10	0x2f4744	0x1d5950
0x2f4748	0	0x2f4748	0x1d7220
0x2f4748	1	0x2f474c	0x1d7290
0x2f4748	2	0x2f4750	0x1d7420
0x2f4748	3	0x2f4754	0x1d7790
0x2f4748	4	0x2f4758	0x1d7900
0x2f4748	5	0x2f475c	0x1cc330
0x2f4748	6	0x2f4760	0x1d7310
0x2f4748	7	0x2f4764	0x1e9530
0x2f4748	8	0x2f4768	0x206da0
0x2f4748	9	0x2f476c	0x206da0
0x2f4748	10	0x2f4770	0x1d7330
0x2f4774	0	0x2f4774	0x1d7d50
0x2f4774	1	0x2f4778	0x1d7dc0
0x2f4774	2	0x2f477c	0x1d8060
0x2f4774	3	0x2f4780	0x1d8410
0x2f4774	4	0x2f4784	0x1d8580
0x2f4774	5	0x2f4788	0x1cc330
0x2f4774	6	0x2f478c	0x1dfb40
0x2f4774	7	0x2f4790	0x1dfb70
0x2f4774	8	0x2f4794	0x206da0
0x2f4774	9	0x2f4798	0x206da0
0x2f4774	10	0x2f479c	0x1d7f00
0x2f47a0	0	0x2f47a0	0x1d8990
0x2f47a0	1	0x2f47a4	0x1d89c0
0x2f47a0	2	0x2f47a8	0x1d8b60
0x2f47a0	3	0x2f47ac	0x1d8df0
0x2f47a0	4	0x2f47b0	0x1d8ed0
0x2f47a0	5	0x2f47b4	0x1cc330
0x2f47a0	6	0x2f47b8	0x1ef450
0x2f47a0	7	0x2f47bc	0x1ef470
0x2f47a0	8	0x2f47c0	0x206da0
0x2f47a0	9	0x2f47c4	0x206da0
0x2f47a0	10	0x2f47c8	0x1d8ae0
0x2f47cc	0	0x2f47cc	0x1d9200
0x2f47cc	1	0x2f47d0	0x1d9230
0x2f47cc	2	0x2f47d4	0x1d9530
0x2f47cc	3	0x2f47d8	0x1d9a70
0x2f47cc	4	0x2f47dc	0x1d9ca0
0x2f47cc	5	0x2f47e0	0x1cc330
0x2f47cc	6	0x2f47e4	0x1d93c0
0x2f47cc	7	0x2f47e8	0x1d93e0
0x2f47cc	8	0x2f47ec	0x206da0
0x2f47cc	9	0x2f47f0	0x206da0
0x2f47cc	10	0x2f47f4	0x1d9430
0x2f47f8	0	0x2f47f8	0x1da130
0x2f47f8	1	0x2f47fc	0x1da180
0x2f47f8	2	0x2f4800	0x1da470
0x2f47f8	3	0x2f4804	0x1da840
0x2f47f8	4	0x2f4808	0x1dacc0
0x2f47f8	5	0x2f480c	0x1cc330
0x2f47f8	6	0x2f4810	0x1da1d0
0x2f47f8	7	0x2f4814	0x1da200
0x2f47f8	8	0x2f4818	0x206da0
0x2f47f8	9	0x2f481c	0x206da0
0x2f47f8	10	0x2f4820	0x1da240
0x2f4824	0	0x2f4824	0x1db0d0
0x2f4824	1	0x2f4828	0x1db100
0x2f4824	2	0x2f482c	0x1db200
0x2f4824	3	0x2f4830	0x1db6f0
0x2f4824	4	0x2f4834	0x1db900
0x2f4824	5	0x2f4838	0x1cc330
0x2f4824	6	0x2f483c	0x1ef450
0x2f4824	7	0x2f4840	0x1ef470
0x2f4824	8	0x2f4844	0x206da0
0x2f4824	9	0x2f4848	0x206da0
0x2f4824	10	0x2f484c	0x1db140
0x2f4850	0	0x2f4850	0x1dbd80
0x2f4850	1	0x2f4854	0x1dbe60
0x2f4850	2	0x2f4858	0x1dc0b0
0x2f4850	3	0x2f485c	0x1dc5b0
0x2f4850	4	0x2f4860	0x1dc750
0x2f4850	5	0x2f4864	0x1dbe20
0x2f4850	6	0x2f4868	0x17ba0
0x2f4850	7	0x2f486c	0x1e0f60
0x2f4850	8	0x2f4870	0x206da0
0x2f4850	9	0x2f4874	0x1dbf40
0x2f4850	10	0x2f4878	0x1dbfa0
0x2f487c	0	0x2f487c	0x1dcb40
0x2f487c	1	0x2f4880	0x1dcb70
0x2f487c	2	0x2f4884	0x1edb00
0x2f487c	3	0x2f4888	0x1edb10
0x2f487c	4	0x2f488c	0x1dcb80
0x2f487c	5	0x2f4890	0x1cc330
0x2f487c	6	0x2f4894	0x17ba0
0x2f487c	7	0x2f4898	0x1e9530
0x2f487c	8	0x2f489c	0x206da0
0x2f487c	9	0x2f48a0	0x206da0
0x2f487c	10	0x2f48a4	0x1edaf0
0x2f48a8	0	0x2f48a8	0x1dcd30
0x2f48a8	1	0x2f48ac	0x1dcde0
0x2f48a8	2	0x2f48b0	0x1dd0e0
0x2f48a8	3	0x2f48b4	0x1dd460
0x2f48a8	4	0x2f48b8	0x1dd8d0
0x2f48a8	5	0x2f48bc	0x1cc330
0x2f48a8	6	0x2f48c0	0x1dce60
0x2f48a8	7	0x2f48c4	0x1dce90
0x2f48a8	8	0x2f48c8	0x206da0
0x2f48a8	9	0x2f48cc	0x206da0
0x2f48a8	10	0x2f48d0	0x1dced0
0x2f48d4	0	0x2f48d4	0x1ddd10
0x2f48d4	1	0x2f48d8	0x1dddc0
0x2f48d4	2	0x2f48dc	0x1de100
0x2f48d4	3	0x2f48e0	0x1de480
0x2f48d4	4	0x2f48e4	0x1dea20
0x2f48d4	5	0x2f48e8	0x1cc330
0x2f48d4	6	0x2f48ec	0x1dde40
0x2f48d4	7	0x2f48f0	0x1dde80
0x2f48d4	8	0x2f48f4	0x206da0
0x2f48d4	9	0x2f48f8	0x206da0
0x2f48d4	10	0x2f48fc	0x1dded0
0x2f4900	0	0x2f4900	0x1deef0
0x2f4900	1	0x2f4904	0x1def60
0x2f4900	2	0x2f4908	0x1df140
0x2f4900	3	0x2f490c	0x1df490
0x2f4900	4	0x2f4910	0x1df5c0
0x2f4900	5	0x2f4914	0x1cc330
0x2f4900	6	0x2f4918	0x1defc0
0x2f4900	7	0x2f491c	0x1ef470
0x2f4900	8	0x2f4920	0x1df010
0x2f4900	9	0x2f4924	0x206da0
0x2f4900	10	0x2f4928	0x1df070
0x2f492c	0	0x2f492c	0x1df9c0
0x2f492c	1	0x2f4930	0x1dfa30
0x2f492c	2	0x2f4934	0x1dfc60
0x2f492c	3	0x2f4938	0x1dfff0
0x2f492c	4	0x2f493c	0x1e0160
0x2f492c	5	0x2f4940	0x1cc330
0x2f492c	6	0x2f4944	0x1dfb40
0x2f492c	7	0x2f4948	0x1dfb70
0x2f492c	8	0x2f494c	0x206da0
0x2f492c	9	0x2f4950	0x206da0
0x2f492c	10	0x2f4954	0x1dfb90
0x2f4958	0	0x2f4958	0x1e0580
0x2f4958	1	0x2f495c	0x1e05b0
0x2f4958	2	0x2f4960	0x1e06c0
0x2f4958	3	0x2f4964	0x1e09f0
0x2f4958	4	0x2f4968	0x1e0b60
0x2f4958	5	0x2f496c	0x1cc330
0x2f4958	6	0x2f4970	0x1e05e0
0x2f4958	7	0x2f4974	0x1e0f60
0x2f4958	8	0x2f4978	0x206da0
0x2f4958	9	0x2f497c	0x206da0
0x2f4958	10	0x2f4980	0x1e0600
0x2f4984	0	0x2f4984	0x1e0f00
0x2f4984	1	0x2f4988	0x1e0f30
0x2f4984	2	0x2f498c	0x1e1040
0x2f4984	3	0x2f4990	0x1e1370
0x2f4984	4	0x2f4994	0x1e14e0
0x2f4984	5	0x2f4998	0x1cc330
0x2f4984	6	0x2f499c	0x1e05e0
0x2f4984	7	0x2f49a0	0x1e0f60
0x2f4984	8	0x2f49a4	0x206da0
0x2f4984	9	0x2f49a8	0x206da0
0x2f4984	10	0x2f49ac	0x1e0f80
0x2f49b0	0	0x2f49b0	0x1e1880
0x2f49b0	1	0x2f49b4	0x1e18b0
0x2f49b0	2	0x2f49b8	0x1e19a0
0x2f49b0	3	0x2f49bc	0x1e1cd0
0x2f49b0	4	0x2f49c0	0x1e1e40
0x2f49b0	5	0x2f49c4	0x1cc330
0x2f49b0	6	0x2f49c8	0x1e05e0
0x2f49b0	7	0x2f49cc	0x1e0f60
0x2f49b0	8	0x2f49d0	0x206da0
0x2f49b0	9	0x2f49d4	0x206da0
0x2f49b0	10	0x2f49d8	0x1e18e0
0x2f49dc	0	0x2f49dc	0x1e21e0
0x2f49dc	1	0x2f49e0	0x1e2210
0x2f49dc	2	0x2f49e4	0x1e2300
0x2f49dc	3	0x2f49e8	0x1e2630
0x2f49dc	4	0x2f49ec	0x1e27a0
0x2f49dc	5	0x2f49f0	0x1cc330
0x2f49dc	6	0x2f49f4	0x1e05e0
0x2f49dc	7	0x2f49f8	0x1e0f60
0x2f49dc	8	0x2f49fc	0x206da0
0x2f49dc	9	0x2f4a00	0x206da0
0x2f49dc	10	0x2f4a04	0x1e2240
0x2f4a08	0	0x2f4a08	0x1e2b50
0x2f4a08	1	0x2f4a0c	0x1e2ba0
0x2f4a08	2	0x2f4a10	0x1e2e70
0x2f4a08	3	0x2f4a14	0x1e3240
0x2f4a08	4	0x2f4a18	0x1e36c0
0x2f4a08	5	0x2f4a1c	0x1cc330
0x2f4a08	6	0x2f4a20	0x1e2be0
0x2f4a08	7	0x2f4a24	0x1e2c10
0x2f4a08	8	0x2f4a28	0x206da0
0x2f4a08	9	0x2f4a2c	0x206da0
0x2f4a08	10	0x2f4a30	0x1e2c50
0x2f4a34	0	0x2f4a34	0x1e3ac0
0x2f4a34	1	0x2f4a38	0x1e3af0
0x2f4a34	2	0x2f4a3c	0x1e3be0
0x2f4a34	3	0x2f4a40	0x1e3f10
0x2f4a34	4	0x2f4a44	0x1e4080
0x2f4a34	5	0x2f4a48	0x1cc330
0x2f4a34	6	0x2f4a4c	0x1e05e0
0x2f4a34	7	0x2f4a50	0x1e0f60
0x2f4a34	8	0x2f4a54	0x206da0
0x2f4a34	9	0x2f4a58	0x206da0
0x2f4a34	10	0x2f4a5c	0x1e3b20
0x2f4a60	0	0x2f4a60	0x1e4460
0x2f4a60	1	0x2f4a64	0x1e44d0
0x2f4a60	2	0x2f4a68	0x1e4610
0x2f4a60	3	0x2f4a6c	0x1e4880
0x2f4a60	4	0x2f4a70	0x1e4940
0x2f4a60	5	0x2f4a74	0x1cc330
0x2f4a60	6	0x2f4a78	0x1e4d80
0x2f4a60	7	0x2f4a7c	0x1e9530
0x2f4a60	8	0x2f4a80	0x1e4520
0x2f4a60	9	0x2f4a84	0x206da0
0x2f4a60	10	0x2f4a88	0x1e4580
0x2f4a8c	0	0x2f4a8c	0x1e4cb0
0x2f4a8c	1	0x2f4a90	0x1e4d20
0x2f4a8c	2	0x2f4a94	0x1e4ec0
0x2f4a8c	3	0x2f4a98	0x1e5130
0x2f4a8c	4	0x2f4a9c	0x1e51f0
0x2f4a8c	5	0x2f4aa0	0x1cc330
0x2f4a8c	6	0x2f4aa4	0x1e4d80
0x2f4a8c	7	0x2f4aa8	0x1e9530
0x2f4a8c	8	0x2f4aac	0x1e4dd0
0x2f4a8c	9	0x2f4ab0	0x206da0
0x2f4a8c	10	0x2f4ab4	0x1e4e30
0x2f4ab8	0	0x2f4ab8	0x1e5530
0x2f4ab8	1	0x2f4abc	0x1e5560
0x2f4ab8	2	0x2f4ac0	0x1e5690
0x2f4ab8	3	0x2f4ac4	0x1e5a40
0x2f4ab8	4	0x2f4ac8	0x1e5cb0
0x2f4ab8	5	0x2f4acc	0x1cc330
0x2f4ab8	6	0x2f4ad0	0x17ba0
0x2f4ab8	7	0x2f4ad4	0x1e9530
0x2f4ab8	8	0x2f4ad8	0x206da0
0x2f4ab8	9	0x2f4adc	0x206da0
0x2f4ab8	10	0x2f4ae0	0x1e5590
0x2f4ae4	0	0x2f4ae4	0x1e5fe0
0x2f4ae4	1	0x2f4ae8	0x1e6010
0x2f4ae4	2	0x2f4aec	0x1e60c0
0x2f4ae4	3	0x2f4af0	0x1e6340
0x2f4ae4	4	0x2f4af4	0x1e6420
0x2f4ae4	5	0x2f4af8	0x1cc330
0x2f4ae4	6	0x2f4afc	0x1ef450
0x2f4ae4	7	0x2f4b00	0x1ef470
0x2f4ae4	8	0x2f4b04	0x206da0
0x2f4ae4	9	0x2f4b08	0x206da0
0x2f4ae4	10	0x2f4b0c	0x1e6040
0x2f4b10	0	0x2f4b10	0x1e6730
0x2f4b10	1	0x2f4b14	0x1e6760
0x2f4b10	2	0x2f4b18	0x1e6800
0x2f4b10	3	0x2f4b1c	0x1e6a80
0x2f4b10	4	0x2f4b20	0x1e6b60
0x2f4b10	5	0x2f4b24	0x1cc330
0x2f4b10	6	0x2f4b28	0x1ef450
0x2f4b10	7	0x2f4b2c	0x1ef470
0x2f4b10	8	0x2f4b30	0x206da0
0x2f4b10	9	0x2f4b34	0x206da0
0x2f4b10	10	0x2f4b38	0x1e6780
0x2f4b3c	0	0x2f4b3c	0x1e6f80
0x2f4b3c	1	0x2f4b40	0x1e6fd0
0x2f4b3c	2	0x2f4b44	0x1e72e0
0x2f4b3c	3	0x2f4b48	0x1e7620
0x2f4b3c	4	0x2f4b4c	0x1e7a50
0x2f4b3c	5	0x2f4b50	0x1cc330
0x2f4b3c	6	0x2f4b54	0x1da1d0
0x2f4b3c	7	0x2f4b58	0x1e7050
0x2f4b3c	8	0x2f4b5c	0x206da0
0x2f4b3c	9	0x2f4b60	0x206da0
0x2f4b3c	10	0x2f4b64	0x1e7090
0x2f4b68	0	0x2f4b68	0x1e7fd0
0x2f4b68	1	0x2f4b6c	0x1e80a0
0x2f4b68	2	0x2f4b70	0x1e8370
0x2f4b68	3	0x2f4b74	0x1e8740
0x2f4b68	4	0x2f4b78	0x1e8a40
0x2f4b68	5	0x2f4b7c	0x1cc330
0x2f4b68	6	0x2f4b80	0x1e80f0
0x2f4b68	7	0x2f4b84	0x1e8120
0x2f4b68	8	0x2f4b88	0x206da0
0x2f4b68	9	0x2f4b8c	0x206da0
0x2f4b68	10	0x2f4b90	0x1e8170
0x2f4b94	0	0x2f4b94	0x1e8e60
0x2f4b94	1	0x2f4b98	0x1e8e90
0x2f4b94	2	0x2f4b9c	0x1e9010
0x2f4b94	3	0x2f4ba0	0x1e95e0
0x2f4b94	4	0x2f4ba4	0x1e9950
0x2f4b94	5	0x2f4ba8	0x1cc330
0x2f4b94	6	0x2f4bac	0x1ef450
0x2f4b94	7	0x2f4bb0	0x1ef470
0x2f4b94	8	0x2f4bb4	0x206da0
0x2f4b94	9	0x2f4bb8	0x206da0
0x2f4b94	10	0x2f4bbc	0x1e8ed0
0x2f4bc0	0	0x2f4bc0	0x1e9e50
0x2f4bc0	1	0x2f4bc4	0x1e9e80
0x2f4bc0	2	0x2f4bc8	0x1e9f80
0x2f4bc0	3	0x2f4bcc	0x1ea290
0x2f4bc0	4	0x2f4bd0	0x1ea400
0x2f4bc0	5	0x2f4bd4	0x1cc330
0x2f4bc0	6	0x2f4bd8	0x1ef450
0x2f4bc0	7	0x2f4bdc	0x1ef470
0x2f4bc0	8	0x2f4be0	0x206da0
0x2f4bc0	9	0x2f4be4	0x206da0
0x2f4bc0	10	0x2f4be8	0x1e9ec0
0x2f4bec	0	0x2f4bec	0x1ea7a0
0x2f4bec	1	0x2f4bf0	0x1ea7d0
0x2f4bec	2	0x2f4bf4	0x1ea8d0
0x2f4bec	3	0x2f4bf8	0x1eabe0
0x2f4bec	4	0x2f4bfc	0x1ead50
0x2f4bec	5	0x2f4c00	0x1cc330
0x2f4bec	6	0x2f4c04	0x1ef450
0x2f4bec	7	0x2f4c08	0x1ef470
0x2f4bec	8	0x2f4c0c	0x206da0
0x2f4bec	9	0x2f4c10	0x206da0
0x2f4bec	10	0x2f4c14	0x1ea810
0x2f4c18	0	0x2f4c18	0x1eb0f0
0x2f4c18	1	0x2f4c1c	0x1eb120
0x2f4c18	2	0x2f4c20	0x1eb210
0x2f4c18	3	0x2f4c24	0x1eb520
0x2f4c18	4	0x2f4c28	0x1eb690
0x2f4c18	5	0x2f4c2c	0x1cc330
0x2f4c18	6	0x2f4c30	0x1ef450
0x2f4c18	7	0x2f4c34	0x1ef470
0x2f4c18	8	0x2f4c38	0x206da0
0x2f4c18	9	0x2f4c3c	0x206da0
0x2f4c18	10	0x2f4c40	0x1eb150
0x2f4c44	0	0x2f4c44	0x1eba30
0x2f4c44	1	0x2f4c48	0x1eba60
0x2f4c44	2	0x2f4c4c	0x1ebb90
0x2f4c44	3	0x2f4c50	0x1ebf00
0x2f4c44	4	0x2f4c54	0x1ec100
0x2f4c44	5	0x2f4c58	0x1cc330
0x2f4c44	6	0x2f4c5c	0x1e05e0
0x2f4c44	7	0x2f4c60	0x1e0f60
0x2f4c44	8	0x2f4c64	0x206da0
0x2f4c44	9	0x2f4c68	0x206da0
0x2f4c44	10	0x2f4c6c	0x1eba90
0x2f4c70	0	0x2f4c70	0x1ec510
0x2f4c70	1	0x2f4c74	0x1ec540
0x2f4c70	2	0x2f4c78	0x1ec7b0
0x2f4c70	3	0x2f4c7c	0x1ecb30
0x2f4c70	4	0x2f4c80	0x1ecd40
0x2f4c70	5	0x2f4c84	0x1cc330
0x2f4c70	6	0x2f4c88	0x1ec650
0x2f4c70	7	0x2f4c8c	0x1ec670
0x2f4c70	8	0x2f4c90	0x206da0
0x2f4c70	9	0x2f4c94	0x206da0
0x2f4c70	10	0x2f4c98	0x1ec6b0
0x2f4c9c	0	0x2f4c9c	0x1ed190
0x2f4c9c	1	0x2f4ca0	0x1ed200
0x2f4c9c	2	0x2f4ca4	0x1ed310
0x2f4c9c	3	0x2f4ca8	0x1ed610
0x2f4c9c	4	0x2f4cac	0x1ed710
0x2f4c9c	5	0x2f4cb0	0x1cc330
0x2f4c9c	6	0x2f4cb4	0x1ed220
0x2f4c9c	7	0x2f4cb8	0x1e9530
0x2f4c9c	8	0x2f4cbc	0x206da0
0x2f4c9c	9	0x2f4cc0	0x206da0
0x2f4c9c	10	0x2f4cc4	0x1ed240
0x2f4cc8	0	0x2f4cc8	0x1edab0
0x2f4cc8	1	0x2f4ccc	0x1edae0
0x2f4cc8	2	0x2f4cd0	0x1edb00
0x2f4cc8	3	0x2f4cd4	0x1edb10
0x2f4cc8	4	0x2f4cd8	0x1dcb80
0x2f4cc8	5	0x2f4cdc	0x1cc330
0x2f4cc8	6	0x2f4ce0	0x17ba0
0x2f4cc8	7	0x2f4ce4	0x1e9530
0x2f4cc8	8	0x2f4ce8	0x206da0
0x2f4cc8	9	0x2f4cec	0x206da0
0x2f4cc8	10	0x2f4cf0	0x1edaf0
0x2f4cf4	0	0x2f4cf4	0x1edb40
0x2f4cf4	1	0x2f4cf8	0x1edb70
0x2f4cf4	2	0x2f4cfc	0x1edc10
0x2f4cf4	3	0x2f4d00	0x1ede90
0x2f4cf4	4	0x2f4d04	0x1edf70
0x2f4cf4	5	0x2f4d08	0x1cc330
0x2f4cf4	6	0x2f4d0c	0x1ef450
0x2f4cf4	7	0x2f4d10	0x1ef470
0x2f4cf4	8	0x2f4d14	0x206da0
0x2f4cf4	9	0x2f4d18	0x206da0
0x2f4cf4	10	0x2f4d1c	0x1edb90
0x2f4d20	0	0x2f4d20	0x1ee280
0x2f4d20	1	0x2f4d24	0x1ee2b0
0x2f4d20	2	0x2f4d28	0x1ee350
0x2f4d20	3	0x2f4d2c	0x1ee5d0
0x2f4d20	4	0x2f4d30	0x1ee6b0
0x2f4d20	5	0x2f4d34	0x1cc330
0x2f4d20	6	0x2f4d38	0x1ef450
0x2f4d20	7	0x2f4d3c	0x1ef470
0x2f4d20	8	0x2f4d40	0x206da0
0x2f4d20	9	0x2f4d44	0x206da0
0x2f4d20	10	0x2f4d48	0x1ee2d0
0x2f4d4c	0	0x2f4d4c	0x1ee9c0
0x2f4d4c	1	0x2f4d50	0x1ee9f0
0x2f4d4c	2	0x2f4d54	0x1eead0
0x2f4d4c	3	0x2f4d58	0x1eedf0
0x2f4d4c	4	0x2f4d5c	0x1eef50
0x2f4d4c	5	0x2f4d60	0x1cc330
0x2f4d4c	6	0x2f4d64	0x17ba0
0x2f4d4c	7	0x2f4d68	0x1e9530
0x2f4d4c	8	0x2f4d6c	0x206da0
0x2f4d4c	9	0x2f4d70	0x206da0
0x2f4d4c	10	0x2f4d74	0x1eea10
0x2f4d78	0	0x2f4d78	0x1ef2e0
0x2f4d78	1	0x2f4d7c	0x1ef310
0x2f4d78	2	0x2f4d80	0x1ef550
0x2f4d78	3	0x2f4d84	0x1ef860
0x2f4d78	4	0x2f4d88	0x1ef9d0
0x2f4d78	5	0x2f4d8c	0x1cc330
0x2f4d78	6	0x2f4d90	0x1ef450
0x2f4d78	7	0x2f4d94	0x1ef470
0x2f4d78	8	0x2f4d98	0x206da0
0x2f4d78	9	0x2f4d9c	0x206da0
0x2f4d78	10	0x2f4da0	0x1ef490
0x2f4da4	0	0x2f4da4	0x1efd70
0x2f4da4	1	0x2f4da8	0x1efda0
0x2f4da4	2	0x2f4dac	0x1efe90
0x2f4da4	3	0x2f4db0	0x1f01a0
0x2f4da4	4	0x2f4db4	0x1f0310
0x2f4da4	5	0x2f4db8	0x1cc330
0x2f4da4	6	0x2f4dbc	0x1e05e0
0x2f4da4	7	0x2f4dc0	0x1e0f60
0x2f4da4	8	0x2f4dc4	0x206da0
0x2f4da4	9	0x2f4dc8	0x206da0
0x2f4da4	10	0x2f4dcc	0x1efdd0
0x2f4dd0	0	0x2f4dd0	0x1f06a0
0x2f4dd0	1	0x2f4dd4	0x1f06d0
0x2f4dd0	2	0x2f4dd8	0x1f08d0
0x2f4dd0	3	0x2f4ddc	0x1f0be0
0x2f4dd0	4	0x2f4de0	0x1f0d50
0x2f4dd0	5	0x2f4de4	0x1cc330
0x2f4dd0	6	0x2f4de8	0x1ef450
0x2f4dd0	7	0x2f4dec	0x1ef470
0x2f4dd0	8	0x2f4df0	0x206da0
0x2f4dd0	9	0x2f4df4	0x206da0
0x2f4dd0	10	0x2f4df8	0x1f0810
0x2f4dfc	0	0x2f4dfc	0x1f1180
0x2f4dfc	1	0x2f4e00	0x1f11b0
0x2f4dfc	2	0x2f4e04	0x1ba850
0x2f4dfc	3	0x2f4e08	0x1f1470
0x2f4dfc	4	0x2f4e0c	0x1f17e0
0x2f4dfc	5	0x2f4e10	0x1f19b0
0x2f4dfc	6	0x2f4e14	0x25950
0x2f4dfc	7	0x2f4e18	0x206d90
0x2f4dfc	8	0x2f4e1c	0x1f11d0
0x2f4dfc	9	0x2f4e20	0x1e9530
0x2f4dfc	10	0x2f4e24	0x206da0
0x2f4dfc	11	0x2f4e28	0x206da0
0x2f4dfc	12	0x2f4e2c	0x1f1cf0
0x2f4e30	0	0x2f4e30	0x1f1e00
0x2f4e30	1	0x2f4e34	0x1f1e30
0x2f4e30	2	0x2f4e38	0x1ba850
0x2f4e30	3	0x2f4e3c	0x1f1ef0
0x2f4e30	4	0x2f4e40	0x1f2180
0x2f4e30	5	0x2f4e44	0x1f2250
0x2f4e30	6	0x2f4e48	0x1f1e60
0x2f4e30	7	0x2f4e4c	0x206d90
0x2f4e30	8	0x2f4e50	0x1f11d0
0x2f4e30	9	0x2f4e54	0x1e9530
0x2f4e30	10	0x2f4e58	0x206da0
0x2f4e30	11	0x2f4e5c	0x206da0
0x2f4e30	12	0x2f4e60	0x1f1e70
0x2f4e64	0	0x2f4e64	0x1f25b0
0x2f4e64	1	0x2f4e68	0x1f11b0
0x2f4e64	2	0x2f4e6c	0x1f2620
0x2f4e64	3	0x2f4e70	0x1f26f0
0x2f4e64	4	0x2f4e74	0x1f2970
0x2f4e64	5	0x2f4e78	0x1f2a50
0x2f4e64	6	0x2f4e7c	0x1f8430
0x2f4e64	7	0x2f4e80	0x206d90
0x2f4e64	8	0x2f4e84	0x1f11d0
0x2f4e64	9	0x2f4e88	0x1e9530
0x2f4e64	10	0x2f4e8c	0x206da0
0x2f4e64	11	0x2f4e90	0x206da0
0x2f4e64	12	0x2f4e94	0x1f2660
0x2f4e98	0	0x2f4e98	0x1f2dc0
0x2f4e98	1	0x2f4e9c	0x1f2df0
0x2f4e98	2	0x2f4ea0	0x1ba850
0x2f4e98	3	0x2f4ea4	0x1f30a0
0x2f4e98	4	0x2f4ea8	0x1f3480
0x2f4e98	5	0x2f4eac	0x1f3690
0x2f4e98	6	0x2f4eb0	0x201890
0x2f4e98	7	0x2f4eb4	0x206d90
0x2f4e98	8	0x2f4eb8	0x1f11d0
0x2f4e98	9	0x2f4ebc	0x1f2f20
0x2f4e98	10	0x2f4ec0	0x206da0
0x2f4e98	11	0x2f4ec4	0x206da0
0x2f4e98	12	0x2f4ec8	0x1f2f60
0x2f4ecc	0	0x2f4ecc	0x1f3b20
0x2f4ecc	1	0x2f4ed0	0x1f3b50
0x2f4ecc	2	0x2f4ed4	0x1ba850
0x2f4ecc	3	0x2f4ed8	0x1f3c10
0x2f4ecc	4	0x2f4edc	0x1f3ea0
0x2f4ecc	5	0x2f4ee0	0x1f3f80
0x2f4ecc	6	0x2f4ee4	0x200800
0x2f4ecc	7	0x2f4ee8	0x206d90
0x2f4ecc	8	0x2f4eec	0x1f11d0
0x2f4ecc	9	0x2f4ef0	0x200820
0x2f4ecc	10	0x2f4ef4	0x206da0
0x2f4ecc	11	0x2f4ef8	0x206da0
0x2f4ecc	12	0x2f4efc	0x1f3b90
0x2f4f00	0	0x2f4f00	0x1f42b0
0x2f4f00	1	0x2f4f04	0x1f42e0
0x2f4f00	2	0x2f4f08	0x1ba850
0x2f4f00	3	0x2f4f0c	0x1f4400
0x2f4f00	4	0x2f4f10	0x1f4730
0x2f4f00	5	0x2f4f14	0x1f48b0
0x2f4f00	6	0x2f4f18	0x1f4330
0x2f4f00	7	0x2f4f1c	0x206d90
0x2f4f00	8	0x2f4f20	0x1f11d0
0x2f4f00	9	0x2f4f24	0x1e9530
0x2f4f00	10	0x2f4f28	0x206da0
0x2f4f00	11	0x2f4f2c	0x206da0
0x2f4f00	12	0x2f4f30	0x1f4340
0x2f4f34	0	0x2f4f34	0x1f4ca0
0x2f4f34	1	0x2f4f38	0x1f11b0
0x2f4f34	2	0x2f4f3c	0x1f4cd0
0x2f4f34	3	0x2f4f40	0x1f5150
0x2f4f34	4	0x2f4f44	0x1f5490
0x2f4f34	5	0x2f4f48	0x1f5600
0x2f4f34	6	0x2f4f4c	0x200800
0x2f4f34	7	0x2f4f50	0x206d90
0x2f4f34	8	0x2f4f54	0x1f11d0
0x2f4f34	9	0x2f4f58	0x200820
0x2f4f34	10	0x2f4f5c	0x206da0
0x2f4f34	11	0x2f4f60	0x206da0
0x2f4f34	12	0x2f4f64	0x1f5090
0x2f4f68	0	0x2f4f68	0x1f5a10
0x2f4f68	1	0x2f4f6c	0x1f11b0
0x2f4f68	2	0x2f4f70	0x1f5a60
0x2f4f68	3	0x2f4f74	0x1f5d50
0x2f4f68	4	0x2f4f78	0x1f60b0
0x2f4f68	5	0x2f4f7c	0x1f6660
0x2f4f68	6	0x2f4f80	0x1f8c30
0x2f4f68	7	0x2f4f84	0x206d90
0x2f4f68	8	0x2f4f88	0x1f11d0
0x2f4f68	9	0x2f4f8c	0x1f5ad0
0x2f4f68	10	0x2f4f90	0x206da0
0x2f4f68	11	0x2f4f94	0x206da0
0x2f4f68	12	0x2f4f98	0x1f5b10
0x2f4f9c	0	0x2f4f9c	0x1f6b60
0x2f4f9c	1	0x2f4fa0	0x1f11b0
0x2f4f9c	2	0x2f4fa4	0x1f6c00
0x2f4f9c	3	0x2f4fa8	0x1f6f70
0x2f4f9c	4	0x2f4fac	0x1f72c0
0x2f4f9c	5	0x2f4fb0	0x1f74c0
0x2f4f9c	6	0x2f4fb4	0x1fa170
0x2f4f9c	7	0x2f4fb8	0x206d90
0x2f4f9c	8	0x2f4fbc	0x1f11d0
0x2f4f9c	9	0x2f4fc0	0x200820
0x2f4f9c	10	0x2f4fc4	0x206da0
0x2f4f9c	11	0x2f4fc8	0x206da0
0x2f4f9c	12	0x2f4fcc	0x1f6ea0
0x2f4fd0	0	0x2f4fd0	0x1f78c0
0x2f4fd0	1	0x2f4fd4	0x1f7930
0x2f4fd0	2	0x2f4fd8	0x1ba850
0x2f4fd0	3	0x2f4fdc	0x1f7a30
0x2f4fd0	4	0x2f4fe0	0x1f7dd0
0x2f4fd0	5	0x2f4fe4	0x1f7f40
0x2f4fd0	6	0x2f4fe8	0x1f8430
0x2f4fd0	7	0x2f4fec	0x206d90
0x2f4fd0	8	0x2f4ff0	0x1f11d0
0x2f4fd0	9	0x2f4ff4	0x1e9530
0x2f4fd0	10	0x2f4ff8	0x206da0
0x2f4fd0	11	0x2f4ffc	0x206da0
0x2f4fd0	12	0x2f5000	0x1f7960
0x2f5004	0	0x2f5004	0x1f8380
0x2f5004	1	0x2f5008	0x1f11b0
0x2f5004	2	0x2f500c	0x1f83f0
0x2f5004	3	0x2f5010	0x1f84e0
0x2f5004	4	0x2f5014	0x1f8760
0x2f5004	5	0x2f5018	0x1f8840
0x2f5004	6	0x2f501c	0x1f8430
0x2f5004	7	0x2f5020	0x206d90
0x2f5004	8	0x2f5024	0x1f11d0
0x2f5004	9	0x2f5028	0x1e9530
0x2f5004	10	0x2f502c	0x206da0
0x2f5004	11	0x2f5030	0x206da0
0x2f5004	12	0x2f5034	0x1f8450
0x2f5038	0	0x2f5038	0x1f8b70
0x2f5038	1	0x2f503c	0x1f8bc0
0x2f5038	2	0x2f5040	0x1ba850
0x2f5038	3	0x2f5044	0x1f8e20
0x2f5038	4	0x2f5048	0x1f9110
0x2f5038	5	0x2f504c	0x1f9520
0x2f5038	6	0x2f5050	0x1f8c30
0x2f5038	7	0x2f5054	0x206d90
0x2f5038	8	0x2f5058	0x1f11d0
0x2f5038	9	0x2f505c	0x1f5ad0
0x2f5038	10	0x2f5060	0x206da0
0x2f5038	11	0x2f5064	0x206da0
0x2f5038	12	0x2f5068	0x1f8c60
0x2f506c	0	0x2f506c	0x1f98e0
0x2f506c	1	0x2f5070	0x1f9910
0x2f506c	2	0x2f5074	0x1ba850
0x2f506c	3	0x2f5078	0x1f99d0
0x2f506c	4	0x2f507c	0x1f9c60
0x2f506c	5	0x2f5080	0x1f9d40
0x2f506c	6	0x2f5084	0x200800
0x2f506c	7	0x2f5088	0x206d90
0x2f506c	8	0x2f508c	0x1f11d0
0x2f506c	9	0x2f5090	0x200820
0x2f506c	10	0x2f5094	0x206da0
0x2f506c	11	0x2f5098	0x206da0
0x2f506c	12	0x2f509c	0x1f9950
0x2f50a0	0	0x2f50a0	0x1fa0b0
0x2f50a0	1	0x2f50a4	0x1f11b0
0x2f50a0	2	0x2f50a8	0x1fa120
0x2f50a0	3	0x2f50ac	0x206d70
0x2f50a0	4	0x2f50b0	0x1fa300
0x2f50a0	5	0x2f50b4	0x1fa480
0x2f50a0	6	0x2f50b8	0x1fa170
0x2f50a0	7	0x2f50bc	0x206d90
0x2f50a0	8	0x2f50c0	0x1f11d0
0x2f50a0	9	0x2f50c4	0x200820
0x2f50a0	10	0x2f50c8	0x206da0
0x2f50a0	11	0x2f50cc	0x206da0
0x2f50a0	12	0x2f50d0	0x1fa1a0
0x2f50d4	0	0x2f50d4	0x1fa840
0x2f50d4	1	0x2f50d8	0x1fa870
0x2f50d4	2	0x2f50dc	0x1ba850
0x2f50d4	3	0x2f50e0	0x1fa970
0x2f50d4	4	0x2f50e4	0x1faca0
0x2f50d4	5	0x2f50e8	0x1fae60
0x2f50d4	6	0x2f50ec	0x200800
0x2f50d4	7	0x2f50f0	0x206d90
0x2f50d4	8	0x2f50f4	0x1f11d0
0x2f50d4	9	0x2f50f8	0x200820
0x2f50d4	10	0x2f50fc	0x206da0
0x2f50d4	11	0x2f5100	0x206da0
0x2f50d4	12	0x2f5104	0x1fa8b0
0x2f5108	0	0x2f5108	0x1fb2c0
0x2f5108	1	0x2f510c	0x1fb360
0x2f5108	2	0x2f5110	0x1ba850
0x2f5108	3	0x2f5114	0x1fb7e0
0x2f5108	4	0x2f5118	0x1fba10
0x2f5108	5	0x2f511c	0x1fbc10
0x2f5108	6	0x2f5120	0x1fa170
0x2f5108	7	0x2f5124	0x206d90
0x2f5108	8	0x2f5128	0x1f11d0
0x2f5108	9	0x2f512c	0x200820
0x2f5108	10	0x2f5130	0x206da0
0x2f5108	11	0x2f5134	0x206da0
0x2f5108	12	0x2f5138	0x1fb710
0x2f513c	0	0x2f513c	0x1fbfe0
0x2f513c	1	0x2f5140	0x1fc0f0
0x2f513c	2	0x2f5144	0x1ba850
0x2f513c	3	0x2f5148	0x1fc440
0x2f513c	4	0x2f514c	0x1fc800
0x2f513c	5	0x2f5150	0x1fce20
0x2f513c	6	0x2f5154	0x1fc070
0x2f513c	7	0x2f5158	0x206d90
0x2f513c	8	0x2f515c	0x1f11d0
0x2f513c	9	0x2f5160	0x1fc0a0
0x2f513c	10	0x2f5164	0x206da0
0x2f513c	11	0x2f5168	0x206da0
0x2f513c	12	0x2f516c	0x1fc200
0x2f5170	0	0x2f5170	0x1fd340
0x2f5170	1	0x2f5174	0x1f11b0
0x2f5170	2	0x2f5178	0x1fd3e0
0x2f5170	3	0x2f517c	0x1fd590
0x2f5170	4	0x2f5180	0x1fd8e0
0x2f5170	5	0x2f5184	0x1fda60
0x2f5170	6	0x2f5188	0x1fa170
0x2f5170	7	0x2f518c	0x206d90
0x2f5170	8	0x2f5190	0x1f11d0
0x2f5170	9	0x2f5194	0x200820
0x2f5170	10	0x2f5198	0x206da0
0x2f5170	11	0x2f519c	0x206da0
0x2f5170	12	0x2f51a0	0x1fd4c0
0x2f51a4	0	0x2f51a4	0x1fde20
0x2f51a4	1	0x2f51a8	0x1fde50
0x2f51a4	2	0x2f51ac	0x1ba850
0x2f51a4	3	0x2f51b0	0x1fdf50
0x2f51a4	4	0x2f51b4	0x1fe280
0x2f51a4	5	0x2f51b8	0x1fe3f0
0x2f51a4	6	0x2f51bc	0x200800
0x2f51a4	7	0x2f51c0	0x206d90
0x2f51a4	8	0x2f51c4	0x1f11d0
0x2f51a4	9	0x2f51c8	0x200820
0x2f51a4	10	0x2f51cc	0x206da0
0x2f51a4	11	0x2f51d0	0x206da0
0x2f51a4	12	0x2f51d4	0x1fde90
0x2f51d8	0	0x2f51d8	0x1fe7f0
0x2f51d8	1	0x2f51dc	0x1fe820
0x2f51d8	2	0x2f51e0	0x1fe860
0x2f51d8	3	0x2f51e4	0x1fe950
0x2f51d8	4	0x2f51e8	0x1fec70
0x2f51d8	5	0x2f51ec	0x1fede0
0x2f51d8	6	0x2f51f0	0x200800
0x2f51d8	7	0x2f51f4	0x206d90
0x2f51d8	8	0x2f51f8	0x1f11d0
0x2f51d8	9	0x2f51fc	0x200820
0x2f51d8	10	0x2f5200	0x206da0
0x2f51d8	11	0x2f5204	0x206da0
0x2f51d8	12	0x2f5208	0x1fe890
0x2f520c	0	0x2f520c	0x1ff230
0x2f520c	1	0x2f5210	0x205ea0
0x2f520c	2	0x2f5214	0x1ff2a0
0x2f520c	3	0x2f5218	0x1ff460
0x2f520c	4	0x2f521c	0x1ff810
0x2f520c	5	0x2f5220	0x1ffa30
0x2f520c	6	0x2f5224	0x1ff2f0
0x2f520c	7	0x2f5228	0x206d90
0x2f520c	8	0x2f522c	0x1f11d0
0x2f520c	9	0x2f5230	0x1ff310
0x2f520c	10	0x2f5234	0x206da0
0x2f520c	11	0x2f5238	0x206da0
0x2f520c	12	0x2f523c	0x1ff350
0x2f5240	0	0x2f5240	0x1ffe80
0x2f5240	1	0x2f5244	0x205ea0
0x2f5240	2	0x2f5248	0x1ffeb0
0x2f5240	3	0x2f524c	0x1fff60
0x2f5240	4	0x2f5250	0x2001d0
0x2f5240	5	0x2f5254	0x2002b0
0x2f5240	6	0x2f5258	0x200800
0x2f5240	7	0x2f525c	0x206d90
0x2f5240	8	0x2f5260	0x1f11d0
0x2f5240	9	0x2f5264	0x200820
0x2f5240	10	0x2f5268	0x206da0
0x2f5240	11	0x2f526c	0x206da0
0x2f5240	12	0x2f5270	0x1ffee0
0x2f5274	0	0x2f5274	0x2005c0
0x2f5274	1	0x2f5278	0x205ea0
0x2f5274	2	0x2f527c	0x2005f0
0x2f5274	3	0x2f5280	0x206d70
0x2f5274	4	0x2f5284	0x206d80
0x2f5274	5	0x2f5288	0x200610
0x2f5274	6	0x2f528c	0x17ba0
0x2f5274	7	0x2f5290	0x206d90
0x2f5274	8	0x2f5294	0x1f11d0
0x2f5274	9	0x2f5298	0x1e9530
0x2f5274	10	0x2f529c	0x206da0
0x2f5274	11	0x2f52a0	0x206da0
0x2f5274	12	0x2f52a4	0x206d60
0x2f52a8	0	0x2f52a8	0x2007a0
0x2f52a8	1	0x2f52ac	0x1f11b0
0x2f52a8	2	0x2f52b0	0x2007d0
0x2f52a8	3	0x2f52b4	0x2008c0
0x2f52a8	4	0x2f52b8	0x200b40
0x2f52a8	5	0x2f52bc	0x200c20
0x2f52a8	6	0x2f52c0	0x200800
0x2f52a8	7	0x2f52c4	0x206d90
0x2f52a8	8	0x2f52c8	0x1f11d0
0x2f52a8	9	0x2f52cc	0x200820
0x2f52a8	10	0x2f52d0	0x206da0
0x2f52a8	11	0x2f52d4	0x206da0
0x2f52a8	12	0x2f52d8	0x200840
0x2f52dc	0	0x2f52dc	0x200f80
0x2f52dc	1	0x2f52e0	0x1f11b0
0x2f52dc	2	0x2f52e4	0x200ff0
0x2f52dc	3	0x2f52e8	0x201140
0x2f52dc	4	0x2f52ec	0x2013c0
0x2f52dc	5	0x2f52f0	0x2014a0
0x2f52dc	6	0x2f52f4	0x201030
0x2f52dc	7	0x2f52f8	0x206d90
0x2f52dc	8	0x2f52fc	0x1f11d0
0x2f52dc	9	0x2f5300	0x1e9530
0x2f52dc	10	0x2f5304	0x201050
0x2f52dc	11	0x2f5308	0x206da0
0x2f52dc	12	0x2f530c	0x2010b0
0x2f5310	0	0x2f5310	0x201800
0x2f5310	1	0x2f5314	0x201830
0x2f5310	2	0x2f5318	0x1ba850
0x2f5310	3	0x2f531c	0x201970
0x2f5310	4	0x2f5320	0x201e60
0x2f5310	5	0x2f5324	0x202070
0x2f5310	6	0x2f5328	0x201890
0x2f5310	7	0x2f532c	0x206d90
0x2f5310	8	0x2f5330	0x1f11d0
0x2f5310	9	0x2f5334	0x1f2f20
0x2f5310	10	0x2f5338	0x206da0
0x2f5310	11	0x2f533c	0x206da0
0x2f5310	12	0x2f5340	0x2018b0
0x2f5344	0	0x2f5344	0x202480
0x2f5344	1	0x2f5348	0x2024b0
0x2f5344	2	0x2f534c	0x1ba850
0x2f5344	3	0x2f5350	0x202630
0x2f5344	4	0x2f5354	0x202a10
0x2f5344	5	0x2f5358	0x202d20
0x2f5344	6	0x2f535c	0x202500
0x2f5344	7	0x2f5360	0x206d90
0x2f5344	8	0x2f5364	0x1f11d0
0x2f5344	9	0x2f5368	0x1f2f20
0x2f5344	10	0x2f536c	0x206da0
0x2f5344	11	0x2f5370	0x206da0
0x2f5344	12	0x2f5374	0x202520
0x2f5378	0	0x2f5378	0x2032e0
0x2f5378	1	0x2f537c	0x205ea0
0x2f5378	2	0x2f5380	0x203310
0x2f5378	3	0x2f5384	0x2033c0
0x2f5378	4	0x2f5388	0x203640
0x2f5378	5	0x2f538c	0x203720
0x2f5378	6	0x2f5390	0x200800
0x2f5378	7	0x2f5394	0x206d90
0x2f5378	8	0x2f5398	0x1f11d0
0x2f5378	9	0x2f539c	0x200820
0x2f5378	10	0x2f53a0	0x206da0
0x2f5378	11	0x2f53a4	0x206da0
0x2f5378	12	0x2f53a8	0x203340
0x2f53ac	0	0x2f53ac	0x203a40
0x2f53ac	1	0x2f53b0	0x203a70
0x2f53ac	2	0x2f53b4	0x1ba850
0x2f53ac	3	0x2f53b8	0x203b50
0x2f53ac	4	0x2f53bc	0x203dd0
0x2f53ac	5	0x2f53c0	0x203eb0
0x2f53ac	6	0x2f53c4	0x200800
0x2f53ac	7	0x2f53c8	0x206d90
0x2f53ac	8	0x2f53cc	0x1f11d0
0x2f53ac	9	0x2f53d0	0x200820
0x2f53ac	10	0x2f53d4	0x206da0
0x2f53ac	11	0x2f53d8	0x206da0
0x2f53ac	12	0x2f53dc	0x203ad0
0x2f53e0	0	0x2f53e0	0x2041d0
0x2f53e0	1	0x2f53e4	0x205ea0
0x2f53e0	2	0x2f53e8	0x204200
0x2f53e0	3	0x2f53ec	0x204300
0x2f53e0	4	0x2f53f0	0x204630
0x2f53e0	5	0x2f53f4	0x2047a0
0x2f53e0	6	0x2f53f8	0x200800
0x2f53e0	7	0x2f53fc	0x206d90
0x2f53e0	8	0x2f5400	0x1f11d0
0x2f53e0	9	0x2f5404	0x200820
0x2f53e0	10	0x2f5408	0x206da0
0x2f53e0	11	0x2f540c	0x206da0
0x2f53e0	12	0x2f5410	0x204240
0x2f5414	0	0x2f5414	0x204b40
0x2f5414	1	0x2f5418	0x204b70
0x2f5414	2	0x2f541c	0x1ba850
0x2f5414	3	0x2f5420	0x204c90
0x2f5414	4	0x2f5424	0x204fc0
0x2f5414	5	0x2f5428	0x205130
0x2f5414	6	0x2f542c	0x200800
0x2f5414	7	0x2f5430	0x206d90
0x2f5414	8	0x2f5434	0x1f11d0
0x2f5414	9	0x2f5438	0x200820
0x2f5414	10	0x2f543c	0x206da0
0x2f5414	11	0x2f5440	0x206da0
0x2f5414	12	0x2f5444	0x204bd0
0x2f5448	0	0x2f5448	0x2054d0
0x2f5448	1	0x2f544c	0x205ea0
0x2f5448	2	0x2f5450	0x205500
0x2f5448	3	0x2f5454	0x205600
0x2f5448	4	0x2f5458	0x205930
0x2f5448	5	0x2f545c	0x205aa0
0x2f5448	6	0x2f5460	0x200800
0x2f5448	7	0x2f5464	0x206d90
0x2f5448	8	0x2f5468	0x1f11d0
0x2f5448	9	0x2f546c	0x200820
0x2f5448	10	0x2f5470	0x206da0
0x2f5448	11	0x2f5474	0x206da0
0x2f5448	12	0x2f5478	0x205540
0x2f547c	0	0x2f547c	0x205e40
0x2f547c	1	0x2f5480	0x205ea0
0x2f547c	2	0x2f5484	0x205e70
0x2f547c	3	0x2f5488	0x205f30
0x2f547c	4	0x2f548c	0x2061b0
0x2f547c	5	0x2f5490	0x206290
0x2f547c	6	0x2f5494	0x200800
0x2f547c	7	0x2f5498	0x206d90
0x2f547c	8	0x2f549c	0x1f11d0
0x2f547c	9	0x2f54a0	0x1e9530
0x2f547c	10	0x2f54a4	0x206da0
0x2f547c	11	0x2f54a8	0x206da0
0x2f547c	12	0x2f54ac	0x205eb0
0x2f54b0	0	0x2f54b0	0x2065b0
0x2f54b0	1	0x2f54b4	0x1f11b0
0x2f54b0	2	0x2f54b8	0x2065e0
0x2f54b0	3	0x2f54bc	0x206690
0x2f54b0	4	0x2f54c0	0x206910
0x2f54b0	5	0x2f54c4	0x2069f0
0x2f54b0	6	0x2f54c8	0x200800
0x2f54b0	7	0x2f54cc	0x206d90
0x2f54b0	8	0x2f54d0	0x1f11d0
0x2f54b0	9	0x2f54d4	0x200820
0x2f54b0	10	0x2f54d8	0x206da0
0x2f54b0	11	0x2f54dc	0x206da0
0x2f54b0	12	0x2f54e0	0x206610
0x2f54e4	0	0x2f54e4	0x206d00
0x2f54e4	1	0x2f54e8	0x206d30
0x2f54e4	2	0x2f54ec	0x1ba850
0x2f54e4	3	0x2f54f0	0x206d70
0x2f54e4	4	0x2f54f4	0x206d80
0x2f54e4	5	0x2f54f8	0x200610
0x2f54e4	6	0x2f54fc	0x17ba0
0x2f54e4	7	0x2f5500	0x206d90
0x2f54e4	8	0x2f5504	0x1f11d0
0x2f54e4	9	0x2f5508	0x1e9530
0x2f54e4	10	0x2f550c	0x206da0
0x2f54e4	11	0x2f5510	0x206da0
0x2f54e4	12	0x2f5514	0x206d60
0x2f551c	0	0x2f551c	0x2088a0
0x2f551c	1	0x2f5520	0x208910
0x2f5528	0	0x2f5528	0x208ef0
0x2f5528	1	0x2f552c	0x208f50
0x2f5528	2	0x2f5530	0x1be280
0x2f5528	3	0x2f5534	0x208fc0
0x2f5528	4	0x2f5538	0x209a00
0x2f5528	5	0x2f553c	0x209f40
0x2f5528	6	0x2f5540	0x20a0f0
0x2f5528	7	0x2f5544	0x209eb0
0x2f5528	8	0x2f5548	0x25950
0x2f5528	9	0x2f554c	0x25950
0x2f5528	10	0x2f5550	0x1bedd0
0x2f5528	11	0x2f5554	0x29100
0x2f5528	12	0x2f5558	0x20a0f0
0x2f5528	13	0x2f555c	0x22d430
0x2f5528	14	0x2f5560	0x25890
0x2f5528	15	0x2f5564	0x208f40
0x2f5528	16	0x2f5568	0x1be830
0x2f5528	17	0x2f556c	0x1bea00
0x2f5528	18	0x2f5570	0x1ba850
0x2f5528	19	0x2f5574	0x25890
0x2f5528	20	0x2f5578	0x25890
0x2f5528	21	0x2f557c	0x29100
0x2f5528	22	0x2f5580	0x1bb170
0x2f5528	23	0x2f5584	0x1bb180
0x2f5528	24	0x2f5588	0x25480
0x2f5528	25	0x2f558c	0x29100
0x2f5528	26	0x2f5590	0x29100
0x2f5528	27	0x2f5594	0x20a3d0
0x2f5528	28	0x2f5598	0x20a8a0
0x2f5528	29	0x2f559c	0x20aec0
0x2f5528	30	0x2f55a0	0x20a100
0x2f5528	31	0x2f55a4	0x1bede0
0x2f5528	32	0x2f55a8	0x1bef00
0x2f55b8	0	0x2f55b8	0x20b6d0
0x2f55b8	1	0x2f55bc	0x20b720
0x2f55b8	2	0x2f55c0	0x1be280
0x2f55b8	3	0x2f55c4	0x20b8c0
0x2f55b8	4	0x2f55c8	0x20bc40
0x2f55b8	5	0x2f55cc	0x20bfa0
0x2f55b8	6	0x2f55d0	0x29100
0x2f55b8	7	0x2f55d4	0x20bf40
0x2f55b8	8	0x2f55d8	0x25480
0x2f55b8	9	0x2f55dc	0x25480
0x2f55b8	10	0x2f55e0	0x1bedd0
0x2f55b8	11	0x2f55e4	0x29100
0x2f55b8	12	0x2f55e8	0x29100
0x2f55b8	13	0x2f55ec	0x1bb160
0x2f55b8	14	0x2f55f0	0x25890
0x2f55b8	15	0x2f55f4	0x1be230
0x2f55b8	16	0x2f55f8	0x1be830
0x2f55b8	17	0x2f55fc	0x1bea00
0x2f55b8	18	0x2f5600	0x1ba850
0x2f55b8	19	0x2f5604	0x25890
0x2f55b8	20	0x2f5608	0x25890
0x2f55b8	21	0x2f560c	0x29100
0x2f55b8	22	0x2f5610	0x1bb170
0x2f55b8	23	0x2f5614	0x1bb180
0x2f55b8	24	0x2f5618	0x25480
0x2f55b8	25	0x2f561c	0x29100
0x2f55b8	26	0x2f5620	0x29100
0x2f55b8	27	0x2f5624	0x1bf5e0
0x2f55b8	28	0x2f5628	0x1bf900
0x2f55b8	29	0x2f562c	0x1bf9f0
0x2f55b8	30	0x2f5630	0x20c0e0
0x2f55b8	31	0x2f5634	0x1bede0
0x2f55b8	32	0x2f5638	0x1bef00
0x2f5640	0	0x2f5640	0x20c6a0
0x2f5640	1	0x2f5644	0x20c6d0
0x2f5640	2	0x2f5648	0x1be280
0x2f5640	3	0x2f564c	0x20c6e0
0x2f5640	4	0x2f5650	0x20c7f0
0x2f5640	5	0x2f5654	0x20c860
0x2f5640	6	0x2f5658	0x29100
0x2f5640	7	0x2f565c	0x20cfa0
0x2f5640	8	0x2f5660	0x25480
0x2f5640	9	0x2f5664	0x25950
0x2f5640	10	0x2f5668	0x1bedd0
0x2f5640	11	0x2f566c	0x29100
0x2f5640	12	0x2f5670	0x29100
0x2f5640	13	0x2f5674	0x1bb160
0x2f5640	14	0x2f5678	0x25890
0x2f5640	15	0x2f567c	0x1be230
0x2f5640	16	0x2f5680	0x1be830
0x2f5640	17	0x2f5684	0x1bea00
0x2f5640	18	0x2f5688	0x1ba850
0x2f5640	19	0x2f568c	0x25890
0x2f5640	20	0x2f5690	0x25890
0x2f5640	21	0x2f5694	0x29100
0x2f5640	22	0x2f5698	0x1bb170
0x2f5640	23	0x2f569c	0x1bb180
0x2f5640	24	0x2f56a0	0x25480
0x2f5640	25	0x2f56a4	0x29100
0x2f5640	26	0x2f56a8	0x25890
0x2f5640	27	0x2f56ac	0x20c8a0
0x2f5640	28	0x2f56b0	0x20cb20
0x2f5640	29	0x2f56b4	0x20cc00
0x2f5640	30	0x2f56b8	0x20c870
0x2f5640	31	0x2f56bc	0x1bede0
0x2f5640	32	0x2f56c0	0x1bef00
0x2f56c8	0	0x2f56c8	0x20cea0
0x2f56c8	1	0x2f56cc	0x20c6d0
0x2f56c8	2	0x2f56d0	0x1be280
0x2f56c8	3	0x2f56d4	0x20cf40
0x2f56c8	4	0x2f56d8	0x20cf60
0x2f56c8	5	0x2f56dc	0x20c860
0x2f56c8	6	0x2f56e0	0x29100
0x2f56c8	7	0x2f56e4	0x20cfa0
0x2f56c8	8	0x2f56e8	0x25480
0x2f56c8	9	0x2f56ec	0x25480
0x2f56c8	10	0x2f56f0	0x1bedd0
0x2f56c8	11	0x2f56f4	0x29100
0x2f56c8	12	0x2f56f8	0x29100
0x2f56c8	13	0x2f56fc	0x1bb160
0x2f56c8	14	0x2f5700	0x25890
0x2f56c8	15	0x2f5704	0x1be230
0x2f56c8	16	0x2f5708	0x20cfc0
0x2f56c8	17	0x2f570c	0x1bea00
0x2f56c8	18	0x2f5710	0x1ba850
0x2f56c8	19	0x2f5714	0x25890
0x2f56c8	20	0x2f5718	0x25890
0x2f56c8	21	0x2f571c	0x29100
0x2f56c8	22	0x2f5720	0x1bb170
0x2f56c8	23	0x2f5724	0x1bb180
0x2f56c8	24	0x2f5728	0x25480
0x2f56c8	25	0x2f572c	0x29100
0x2f56c8	26	0x2f5730	0x25890
0x2f56c8	27	0x2f5734	0x20d0c0
0x2f56c8	28	0x2f5738	0x20d430
0x2f56c8	29	0x2f573c	0x20d650
0x2f56c8	30	0x2f5740	0x20d020
0x2f56c8	31	0x2f5744	0x1bede0
0x2f56c8	32	0x2f5748	0x1bef00
0x2f5750	0	0x2f5750	0x20daf0
0x2f5750	1	0x2f5754	0x20c6d0
0x2f5750	2	0x2f5758	0x1be280
0x2f5750	3	0x2f575c	0x20db20
0x2f5750	4	0x2f5760	0x20dbe0
0x2f5750	5	0x2f5764	0x20dca0
0x2f5750	6	0x2f5768	0x20a0f0
0x2f5750	7	0x2f576c	0x20dc80
0x2f5750	8	0x2f5770	0x25480
0x2f5750	9	0x2f5774	0x25950
0x2f5750	10	0x2f5778	0x1bedd0
0x2f5750	11	0x2f577c	0x29100
0x2f5750	12	0x2f5780	0x29100
0x2f5750	13	0x2f5784	0x1bb160
0x2f5750	14	0x2f5788	0x25890
0x2f5750	15	0x2f578c	0x1be230
0x2f5750	16	0x2f5790	0x1be830
0x2f5750	17	0x2f5794	0x1bea00
0x2f5750	18	0x2f5798	0x1ba850
0x2f5750	19	0x2f579c	0x25890
0x2f5750	20	0x2f57a0	0x25890
0x2f5750	21	0x2f57a4	0x29100
0x2f5750	22	0x2f57a8	0x1bb170
0x2f5750	23	0x2f57ac	0x1bb180
0x2f5750	24	0x2f57b0	0x25480
0x2f5750	25	0x2f57b4	0x29100
0x2f5750	26	0x2f57b8	0x29100
0x2f5750	27	0x2f57bc	0x20dd20
0x2f5750	28	0x2f57c0	0x20e020
0x2f5750	29	0x2f57c4	0x20e180
0x2f5750	30	0x2f57c8	0x20dce0
0x2f5750	31	0x2f57cc	0x1bede0
0x2f5750	32	0x2f57d0	0x1bef00
0x2f57d8	0	0x2f57d8	0x20e550
0x2f57d8	1	0x2f57dc	0x20e580
0x2f57d8	2	0x2f57e0	0x1be280
0x2f57d8	3	0x2f57e4	0x20e590
0x2f57d8	4	0x2f57e8	0x20e660
0x2f57d8	5	0x2f57ec	0x20e7d0
0x2f57d8	6	0x2f57f0	0x29100
0x2f57d8	7	0x2f57f4	0x20e7b0
0x2f57d8	8	0x2f57f8	0x25480
0x2f57d8	9	0x2f57fc	0x25480
0x2f57d8	10	0x2f5800	0x1bedd0
0x2f57d8	11	0x2f5804	0x29100
0x2f57d8	12	0x2f5808	0x29100
0x2f57d8	13	0x2f580c	0x1bb160
0x2f57d8	14	0x2f5810	0x25890
0x2f57d8	15	0x2f5814	0x1be230
0x2f57d8	16	0x2f5818	0x1be830
0x2f57d8	17	0x2f581c	0x1bea00
0x2f57d8	18	0x2f5820	0x1ba850
0x2f57d8	19	0x2f5824	0x25890
0x2f57d8	20	0x2f5828	0x25890
0x2f57d8	21	0x2f582c	0x29100
0x2f57d8	22	0x2f5830	0x1bb170
0x2f57d8	23	0x2f5834	0x1bb180
0x2f57d8	24	0x2f5838	0x25480
0x2f57d8	25	0x2f583c	0x29100
0x2f57d8	26	0x2f5840	0x29100
0x2f57d8	27	0x2f5844	0x20e860
0x2f57d8	28	0x2f5848	0x20eb60
0x2f57d8	29	0x2f584c	0x20ecc0
0x2f57d8	30	0x2f5850	0x20e820
0x2f57d8	31	0x2f5854	0x1bede0
0x2f57d8	32	0x2f5858	0x1bef00
0x2f5860	0	0x2f5860	0x20f070
0x2f5860	1	0x2f5864	0x236480
0x2f5860	2	0x2f5868	0x1be280
0x2f5860	3	0x2f586c	0x20f0a0
0x2f5860	4	0x2f5870	0x20f0f0
0x2f5860	5	0x2f5874	0x1ba850
0x2f5860	6	0x2f5878	0x20a0f0
0x2f5860	7	0x2f587c	0x20f140
0x2f5860	8	0x2f5880	0x25950
0x2f5860	9	0x2f5884	0x25950
0x2f5860	10	0x2f5888	0x1bedd0
0x2f5860	11	0x2f588c	0x29100
0x2f5860	12	0x2f5890	0x236200
0x2f5860	13	0x2f5894	0x1bb160
0x2f5860	14	0x2f5898	0x25890
0x2f5860	15	0x2f589c	0x236460
0x2f5860	16	0x2f58a0	0x1be830
0x2f5860	17	0x2f58a4	0x1bea00
0x2f5860	18	0x2f58a8	0x1ba850
0x2f5860	19	0x2f58ac	0x25890
0x2f5860	20	0x2f58b0	0x25890
0x2f5860	21	0x2f58b4	0x29100
0x2f5860	22	0x2f58b8	0x1bb170
0x2f5860	23	0x2f58bc	0x1bb180
0x2f5860	24	0x2f58c0	0x25480
0x2f5860	25	0x2f58c4	0x29100
0x2f5860	26	0x2f58c8	0x29100
0x2f5860	27	0x2f58cc	0x20f190
0x2f5860	28	0x2f58d0	0x20f1a0
0x2f5860	29	0x2f58d4	0x211a20
0x2f5860	30	0x2f58d8	0x20f180
0x2f5860	31	0x2f58dc	0x1bede0
0x2f5860	32	0x2f58e0	0x1bef00
0x2f58e8	0	0x2f58e8	0x20f2b0
0x2f58e8	1	0x2f58ec	0x2386c0
0x2f58e8	2	0x2f58f0	0x1be280
0x2f58e8	3	0x2f58f4	0x20f330
0x2f58e8	4	0x2f58f8	0x20f4e0
0x2f58e8	5	0x2f58fc	0x20f680
0x2f58e8	6	0x2f5900	0x20a0f0
0x2f58e8	7	0x2f5904	0x20f5f0
0x2f58e8	8	0x2f5908	0x25480
0x2f58e8	9	0x2f590c	0x25950
0x2f58e8	10	0x2f5910	0x1bedd0
0x2f58e8	11	0x2f5914	0x29100
0x2f58e8	12	0x2f5918	0x29100
0x2f58e8	13	0x2f591c	0x20f5e0
0x2f58e8	14	0x2f5920	0x25890
0x2f58e8	15	0x2f5924	0x1be230
0x2f58e8	16	0x2f5928	0x1be830
0x2f58e8	17	0x2f592c	0x1bea00
0x2f58e8	18	0x2f5930	0x1ba850
0x2f58e8	19	0x2f5934	0x20f800
0x2f58e8	20	0x2f5938	0x20f720
0x2f58e8	21	0x2f593c	0x29100
0x2f58e8	22	0x2f5940	0x1bb170
0x2f58e8	23	0x2f5944	0x1bb180
0x2f58e8	24	0x2f5948	0x25480
0x2f58e8	25	0x2f594c	0x20f800
0x2f58e8	26	0x2f5950	0x29100
0x2f58e8	27	0x2f5954	0x20f950
0x2f58e8	28	0x2f5958	0x20fd40
0x2f58e8	29	0x2f595c	0x210140
0x2f58e8	30	0x2f5960	0x20f8c0
0x2f58e8	31	0x2f5964	0x1bede0
0x2f58e8	32	0x2f5968	0x1bef00
0x2f5978	0	0x2f5978	0x2113e0
0x2f5978	1	0x2f597c	0x1be250
0x2f5978	2	0x2f5980	0x1be280
0x2f5978	3	0x2f5984	0x211520
0x2f5978	4	0x2f5988	0x2115c0
0x2f5978	5	0x2f598c	0x1ba850
0x2f5978	6	0x2f5990	0x211640
0x2f5978	7	0x2f5994	0x211620
0x2f5978	8	0x2f5998	0x25480
0x2f5978	9	0x2f599c	0x25480
0x2f5978	10	0x2f59a0	0x1bedd0
0x2f5978	11	0x2f59a4	0x29100
0x2f5978	12	0x2f59a8	0x29100
0x2f5978	13	0x2f59ac	0x1bb160
0x2f5978	14	0x2f59b0	0x25890
0x2f5978	15	0x2f59b4	0x1be230
0x2f5978	16	0x2f59b8	0x1be830
0x2f5978	17	0x2f59bc	0x1bea00
0x2f5978	18	0x2f59c0	0x1ba850
0x2f5978	19	0x2f59c4	0x25890
0x2f5978	20	0x2f59c8	0x25890
0x2f5978	21	0x2f59cc	0x29100
0x2f5978	22	0x2f59d0	0x1bb170
0x2f5978	23	0x2f59d4	0x1bb180
0x2f5978	24	0x2f59d8	0x25480
0x2f5978	25	0x2f59dc	0x29100
0x2f5978	26	0x2f59e0	0x29100
0x2f5978	27	0x2f59e4	0x211a00
0x2f5978	28	0x2f59e8	0x20f1a0
0x2f5978	29	0x2f59ec	0x211a20
0x2f5978	30	0x2f59f0	0x20f180
0x2f5978	31	0x2f59f4	0x1bede0
0x2f5978	32	0x2f59f8	0x1bef00
0x2f5a10	0	0x2f5a10	0x211b00
0x2f5a10	1	0x2f5a14	0x236480
0x2f5a10	2	0x2f5a18	0x1be280
0x2f5a10	3	0x2f5a1c	0x211b30
0x2f5a10	4	0x2f5a20	0x211fc0
0x2f5a10	5	0x2f5a24	0x212210
0x2f5a10	6	0x2f5a28	0x20a0f0
0x2f5a10	7	0x2f5a2c	0x2121b0
0x2f5a10	8	0x2f5a30	0x25950
0x2f5a10	9	0x2f5a34	0x25950
0x2f5a10	10	0x2f5a38	0x1bedd0
0x2f5a10	11	0x2f5a3c	0x29100
0x2f5a10	12	0x2f5a40	0x236200
0x2f5a10	13	0x2f5a44	0x20f5e0
0x2f5a10	14	0x2f5a48	0x25890
0x2f5a10	15	0x2f5a4c	0x236460
0x2f5a10	16	0x2f5a50	0x1be830
0x2f5a10	17	0x2f5a54	0x1bea00
0x2f5a10	18	0x2f5a58	0x1ba850
0x2f5a10	19	0x2f5a5c	0x25890
0x2f5a10	20	0x2f5a60	0x25890
0x2f5a10	21	0x2f5a64	0x29100
0x2f5a10	22	0x2f5a68	0x1bb170
0x2f5a10	23	0x2f5a6c	0x1bb180
0x2f5a10	24	0x2f5a70	0x25480
0x2f5a10	25	0x2f5a74	0x29100
0x2f5a10	26	0x2f5a78	0x2123d0
0x2f5a10	27	0x2f5a7c	0x2123e0
0x2f5a10	28	0x2f5a80	0x2128f0
0x2f5a10	29	0x2f5a84	0x212de0
0x2f5a10	30	0x2f5a88	0x2122f0
0x2f5a10	31	0x2f5a8c	0x1bede0
0x2f5a10	32	0x2f5a90	0x1bef00
0x2f5af8	0	0x2f5af8	0x213960
0x2f5af8	1	0x2f5afc	0x236480
0x2f5af8	2	0x2f5b00	0x1be280
0x2f5af8	3	0x2f5b04	0x213d20
0x2f5af8	4	0x2f5b08	0x213f30
0x2f5af8	5	0x2f5b0c	0x1ba850
0x2f5af8	6	0x2f5b10	0x20a0f0
0x2f5af8	7	0x2f5b14	0x2140b0
0x2f5af8	8	0x2f5b18	0x25950
0x2f5af8	9	0x2f5b1c	0x25950
0x2f5af8	10	0x2f5b20	0x1bedd0
0x2f5af8	11	0x2f5b24	0x29100
0x2f5af8	12	0x2f5b28	0x236200
0x2f5af8	13	0x2f5b2c	0x20f5e0
0x2f5af8	14	0x2f5b30	0x25890
0x2f5af8	15	0x2f5b34	0x12a620
0x2f5af8	16	0x2f5b38	0x1be830
0x2f5af8	17	0x2f5b3c	0x1bea00
0x2f5af8	18	0x2f5b40	0x1ba850
0x2f5af8	19	0x2f5b44	0x213990
0x2f5af8	20	0x2f5b48	0x213980
0x2f5af8	21	0x2f5b4c	0x29100
0x2f5af8	22	0x2f5b50	0x1bb170
0x2f5af8	23	0x2f5b54	0x1bb180
0x2f5af8	24	0x2f5b58	0x25480
0x2f5af8	25	0x2f5b5c	0x213990
0x2f5af8	26	0x2f5b60	0x29100
0x2f5af8	27	0x2f5b64	0x214670
0x2f5af8	28	0x2f5b68	0x2153f0
0x2f5af8	29	0x2f5b6c	0x216020
0x2f5af8	30	0x2f5b70	0x217120
0x2f5af8	31	0x2f5b74	0x1bede0
0x2f5af8	32	0x2f5b78	0x1bef00
0x2f5af8	33	0x2f5b7c	0x217880
0x2f5b88	0	0x2f5b88	0x2b78e0
0x2f5b88	1	0x2f5b8c	0x2b79b0
0x2f5b88	2	0x2f5b90	0x2b85d0
0x2f5b88	3	0x2f5b94	0x2b9b70
0x2f5b88	4	0x2f5b98	0x2b9ba0
0x2f5b88	5	0x2f5b9c	0x2bb050
0x2f5b88	6	0x2f5ba0	0x219e30
0x2f5b88	7	0x2f5ba4	0x2b7f40
0x2f5b88	8	0x2f5ba8	0x2b9c00
0x2f5bac	0	0x2f5bac	0x2b78e0
0x2f5bac	1	0x2f5bb0	0x2b79b0
0x2f5bac	2	0x2f5bb4	0x2b85d0
0x2f5bac	3	0x2f5bb8	0x2b9b70
0x2f5bac	4	0x2f5bbc	0x2b9ba0
0x2f5bac	5	0x2f5bc0	0x2bb050
0x2f5bac	6	0x2f5bc4	0x21a440
0x2f5bac	7	0x2f5bc8	0x2b7f40
0x2f5bac	8	0x2f5bcc	0x2b9c00
0x2f5bf0	0	0x2f5bf0	0x21ac10
0x2f5bf0	1	0x2f5bf4	0x21c6c0
0x2f5bf0	2	0x2f5bf8	0x1be280
0x2f5bf0	3	0x2f5bfc	0x21acc0
0x2f5bf0	4	0x2f5c00	0x21b3f0
0x2f5bf0	5	0x2f5c04	0x21c630
0x2f5bf0	6	0x2f5c08	0x21c6d0
0x2f5bf0	7	0x2f5c0c	0x21c580
0x2f5bf0	8	0x2f5c10	0x25950
0x2f5bf0	9	0x2f5c14	0x25950
0x2f5bf0	10	0x2f5c18	0x1bedd0
0x2f5bf0	11	0x2f5c1c	0x29100
0x2f5bf0	12	0x2f5c20	0x236200
0x2f5bf0	13	0x2f5c24	0x22d430
0x2f5bf0	14	0x2f5c28	0x21c070
0x2f5bf0	15	0x2f5c2c	0x21ac40
0x2f5bf0	16	0x2f5c30	0x21c080
0x2f5bf0	17	0x2f5c34	0x1bea00
0x2f5bf0	18	0x2f5c38	0x1ba850
0x2f5bf0	19	0x2f5c3c	0x21c070
0x2f5bf0	20	0x2f5c40	0x25890
0x2f5bf0	21	0x2f5c44	0x29100
0x2f5bf0	22	0x2f5c48	0x1bb170
0x2f5bf0	23	0x2f5c4c	0x1bb180
0x2f5bf0	24	0x2f5c50	0x25480
0x2f5bf0	25	0x2f5c54	0x29100
0x2f5bf0	26	0x2f5c58	0x29100
0x2f5bf0	27	0x2f5c5c	0x21c780
0x2f5bf0	28	0x2f5c60	0x21caa0
0x2f5bf0	29	0x2f5c64	0x21cdd0
0x2f5bf0	30	0x2f5c68	0x21c6f0
0x2f5bf0	31	0x2f5c6c	0x1bede0
0x2f5bf0	32	0x2f5c70	0x1bef00
0x2f5c88	0	0x2f5c88	0x21d3d0
0x2f5c88	1	0x2f5c8c	0x20c6d0
0x2f5c88	2	0x2f5c90	0x1be280
0x2f5c88	3	0x2f5c94	0x21d440
0x2f5c88	4	0x2f5c98	0x21d600
0x2f5c88	5	0x2f5c9c	0x20bfa0
0x2f5c88	6	0x2f5ca0	0x29100
0x2f5c88	7	0x2f5ca4	0x232050
0x2f5c88	8	0x2f5ca8	0x25480
0x2f5c88	9	0x2f5cac	0x25480
0x2f5c88	10	0x2f5cb0	0x1bedd0
0x2f5c88	11	0x2f5cb4	0x29100
0x2f5c88	12	0x2f5cb8	0x29100
0x2f5c88	13	0x2f5cbc	0x1bb160
0x2f5c88	14	0x2f5cc0	0x25890
0x2f5c88	15	0x2f5cc4	0x1be230
0x2f5c88	16	0x2f5cc8	0x1be830
0x2f5c88	17	0x2f5ccc	0x1bea00
0x2f5c88	18	0x2f5cd0	0x1ba850
0x2f5c88	19	0x2f5cd4	0x25890
0x2f5c88	20	0x2f5cd8	0x25890
0x2f5c88	21	0x2f5cdc	0x29100
0x2f5c88	22	0x2f5ce0	0x1bb170
0x2f5c88	23	0x2f5ce4	0x1bb180
0x2f5c88	24	0x2f5ce8	0x25480
0x2f5c88	25	0x2f5cec	0x29100
0x2f5c88	26	0x2f5cf0	0x29100
0x2f5c88	27	0x2f5cf4	0x21d6f0
0x2f5c88	28	0x2f5cf8	0x21d980
0x2f5c88	29	0x2f5cfc	0x21da50
0x2f5c88	30	0x2f5d00	0x21d6c0
0x2f5c88	31	0x2f5d04	0x1bede0
0x2f5c88	32	0x2f5d08	0x1bef00
0x2f5d10	0	0x2f5d10	0x21dc70
0x2f5d10	1	0x2f5d14	0x2386c0
0x2f5d10	2	0x2f5d18	0x1be280
0x2f5d10	3	0x2f5d1c	0x2386f0
0x2f5d10	4	0x2f5d20	0x21dca0
0x2f5d10	5	0x2f5d24	0x238cc0
0x2f5d10	6	0x2f5d28	0x20a0f0
0x2f5d10	7	0x2f5d2c	0x238c80
0x2f5d10	8	0x2f5d30	0x25480
0x2f5d10	9	0x2f5d34	0x25950
0x2f5d10	10	0x2f5d38	0x1bedd0
0x2f5d10	11	0x2f5d3c	0x29100
0x2f5d10	12	0x2f5d40	0x29100
0x2f5d10	13	0x2f5d44	0x1bb160
0x2f5d10	14	0x2f5d48	0x25890
0x2f5d10	15	0x2f5d4c	0x1be230
0x2f5d10	16	0x2f5d50	0x1be830
0x2f5d10	17	0x2f5d54	0x1bea00
0x2f5d10	18	0x2f5d58	0x1ba850
0x2f5d10	19	0x2f5d5c	0x25890
0x2f5d10	20	0x2f5d60	0x25890
0x2f5d10	21	0x2f5d64	0x29100
0x2f5d10	22	0x2f5d68	0x1bb170
0x2f5d10	23	0x2f5d6c	0x1bb180
0x2f5d10	24	0x2f5d70	0x25480
0x2f5d10	25	0x2f5d74	0x29100
0x2f5d10	26	0x2f5d78	0x29100
0x2f5d10	27	0x2f5d7c	0x238d90
0x2f5d10	28	0x2f5d80	0x2390c0
0x2f5d10	29	0x2f5d84	0x2392b0
0x2f5d10	30	0x2f5d88	0x238d40
0x2f5d10	31	0x2f5d8c	0x1bede0
0x2f5d10	32	0x2f5d90	0x1bef00
0x2f5d98	0	0x2f5d98	0x21ddc0
0x2f5d98	1	0x2f5d9c	0x21ddf0
0x2f5d98	2	0x2f5da0	0x1be280
0x2f5d98	3	0x2f5da4	0x21de10
0x2f5d98	4	0x2f5da8	0x21e090
0x2f5d98	5	0x2f5dac	0x21e2f0
0x2f5d98	6	0x2f5db0	0x29100
0x2f5d98	7	0x2f5db4	0x21e2b0
0x2f5d98	8	0x2f5db8	0x25480
0x2f5d98	9	0x2f5dbc	0x25480
0x2f5d98	10	0x2f5dc0	0x1bedd0
0x2f5d98	11	0x2f5dc4	0x29100
0x2f5d98	12	0x2f5dc8	0x29100
0x2f5d98	13	0x2f5dcc	0x1bb160
0x2f5d98	14	0x2f5dd0	0x25890
0x2f5d98	15	0x2f5dd4	0x1be230
0x2f5d98	16	0x2f5dd8	0x1be830
0x2f5d98	17	0x2f5ddc	0x1bea00
0x2f5d98	18	0x2f5de0	0x1ba850
0x2f5d98	19	0x2f5de4	0x25890
0x2f5d98	20	0x2f5de8	0x25890
0x2f5d98	21	0x2f5dec	0x29100
0x2f5d98	22	0x2f5df0	0x1bb170
0x2f5d98	23	0x2f5df4	0x1bb180
0x2f5d98	24	0x2f5df8	0x25480
0x2f5d98	25	0x2f5dfc	0x29100
0x2f5d98	26	0x2f5e00	0x29100
0x2f5d98	27	0x2f5e04	0x21e370
0x2f5d98	28	0x2f5e08	0x21e670
0x2f5d98	29	0x2f5e0c	0x21e7d0
0x2f5d98	30	0x2f5e10	0x21e330
0x2f5d98	31	0x2f5e14	0x1bede0
0x2f5d98	32	0x2f5e18	0x1bef00
0x2f5e28	0	0x2f5e28	0x21ebb0
0x2f5e28	1	0x2f5e2c	0x21ebe0
0x2f5e28	2	0x2f5e30	0x1be280
0x2f5e28	3	0x2f5e34	0x21ec00
0x2f5e28	4	0x2f5e38	0x21ef70
0x2f5e28	5	0x2f5e3c	0x21f5e0
0x2f5e28	6	0x2f5e40	0x20a0f0
0x2f5e28	7	0x2f5e44	0x21f570
0x2f5e28	8	0x2f5e48	0x25950
0x2f5e28	9	0x2f5e4c	0x25950
0x2f5e28	10	0x2f5e50	0x1bedd0
0x2f5e28	11	0x2f5e54	0x29100
0x2f5e28	12	0x2f5e58	0x29100
0x2f5e28	13	0x2f5e5c	0x22d430
0x2f5e28	14	0x2f5e60	0x25890
0x2f5e28	15	0x2f5e64	0x1be230
0x2f5e28	16	0x2f5e68	0x1be830
0x2f5e28	17	0x2f5e6c	0x1bea00
0x2f5e28	18	0x2f5e70	0x1ba850
0x2f5e28	19	0x2f5e74	0x25890
0x2f5e28	20	0x2f5e78	0x25890
0x2f5e28	21	0x2f5e7c	0x29100
0x2f5e28	22	0x2f5e80	0x1bb170
0x2f5e28	23	0x2f5e84	0x1bb180
0x2f5e28	24	0x2f5e88	0x25480
0x2f5e28	25	0x2f5e8c	0x29100
0x2f5e28	26	0x2f5e90	0x29100
0x2f5e28	27	0x2f5e94	0x21f690
0x2f5e28	28	0x2f5e98	0x21f9d0
0x2f5e28	29	0x2f5e9c	0x21fbc0
0x2f5e28	30	0x2f5ea0	0x21f640
0x2f5e28	31	0x2f5ea4	0x1bede0
0x2f5e28	32	0x2f5ea8	0x1bef00
0x2f5eb0	0	0x2f5eb0	0x220030
0x2f5eb0	1	0x2f5eb4	0x2200d0
0x2f5eb0	2	0x2f5eb8	0x1be280
0x2f5eb0	3	0x2f5ebc	0x2364f0
0x2f5eb0	4	0x2f5ec0	0x237240
0x2f5eb0	5	0x2f5ec4	0x237990
0x2f5eb0	6	0x2f5ec8	0x20a0f0
0x2f5eb0	7	0x2f5ecc	0x237900
0x2f5eb0	8	0x2f5ed0	0x25950
0x2f5eb0	9	0x2f5ed4	0x25950
0x2f5eb0	10	0x2f5ed8	0x1bedd0
0x2f5eb0	11	0x2f5edc	0x29100
0x2f5eb0	12	0x2f5ee0	0x236200
0x2f5eb0	13	0x2f5ee4	0x22d430
0x2f5eb0	14	0x2f5ee8	0x25890
0x2f5eb0	15	0x2f5eec	0x236460
0x2f5eb0	16	0x2f5ef0	0x1be830
0x2f5eb0	17	0x2f5ef4	0x1bea00
0x2f5eb0	18	0x2f5ef8	0x1ba850
0x2f5eb0	19	0x2f5efc	0x25890
0x2f5eb0	20	0x2f5f00	0x25890
0x2f5eb0	21	0x2f5f04	0x29100
0x2f5eb0	22	0x2f5f08	0x1bb170
0x2f5eb0	23	0x2f5f0c	0x1bb180
0x2f5eb0	24	0x2f5f10	0x25480
0x2f5eb0	25	0x2f5f14	0x29100
0x2f5eb0	26	0x2f5f18	0x29100
0x2f5eb0	27	0x2f5f1c	0x237c10
0x2f5eb0	28	0x2f5f20	0x237fd0
0x2f5eb0	29	0x2f5f24	0x238230
0x2f5eb0	30	0x2f5f28	0x220150
0x2f5eb0	31	0x2f5f2c	0x1bede0
0x2f5eb0	32	0x2f5f30	0x1bef00
0x2f5f40	0	0x2f5f40	0x220590
0x2f5f40	1	0x2f5f44	0x2205c0
0x2f5f40	2	0x2f5f48	0x1be280
0x2f5f40	3	0x2f5f4c	0x220610
0x2f5f40	4	0x2f5f50	0x220740
0x2f5f40	5	0x2f5f54	0x220a80
0x2f5f40	6	0x2f5f58	0x20a0f0
0x2f5f40	7	0x2f5f5c	0x220910
0x2f5f40	8	0x2f5f60	0x25950
0x2f5f40	9	0x2f5f64	0x25950
0x2f5f40	10	0x2f5f68	0x1bedd0
0x2f5f40	11	0x2f5f6c	0x29100
0x2f5f40	12	0x2f5f70	0x29100
0x2f5f40	13	0x2f5f74	0x232750
0x2f5f40	14	0x2f5f78	0x25890
0x2f5f40	15	0x2f5f7c	0x1be230
0x2f5f40	16	0x2f5f80	0x1be830
0x2f5f40	17	0x2f5f84	0x1bea00
0x2f5f40	18	0x2f5f88	0x1ba850
0x2f5f40	19	0x2f5f8c	0x25890
0x2f5f40	20	0x2f5f90	0x25890
0x2f5f40	21	0x2f5f94	0x29100
0x2f5f40	22	0x2f5f98	0x1bb170
0x2f5f40	23	0x2f5f9c	0x1bb180
0x2f5f40	24	0x2f5fa0	0x25480
0x2f5f40	25	0x2f5fa4	0x29100
0x2f5f40	26	0x2f5fa8	0x29100
0x2f5f40	27	0x2f5fac	0x220c40
0x2f5f40	28	0x2f5fb0	0x221010
0x2f5f40	29	0x2f5fb4	0x221270
0x2f5f40	30	0x2f5fb8	0x220be0
0x2f5f40	31	0x2f5fbc	0x1bede0
0x2f5f40	32	0x2f5fc0	0x1bef00
0x2f5fd0	0	0x2f5fd0	0x221740
0x2f5fd0	1	0x2f5fd4	0x221800
0x2f5fd0	2	0x2f5fd8	0x1be280
0x2f5fd0	3	0x2f5fdc	0x2218e0
0x2f5fd0	4	0x2f5fe0	0x221c00
0x2f5fd0	5	0x2f5fe4	0x222380
0x2f5fd0	6	0x2f5fe8	0x20a0f0
0x2f5fd0	7	0x2f5fec	0x222310
0x2f5fd0	8	0x2f5ff0	0x25950
0x2f5fd0	9	0x2f5ff4	0x25950
0x2f5fd0	10	0x2f5ff8	0x1bedd0
0x2f5fd0	11	0x2f5ffc	0x29100
0x2f5fd0	12	0x2f6000	0x20a0f0
0x2f5fd0	13	0x2f6004	0x20f5e0
0x2f5fd0	14	0x2f6008	0x25890
0x2f5fd0	15	0x2f600c	0x2217f0
0x2f5fd0	16	0x2f6010	0x1be830
0x2f5fd0	17	0x2f6014	0x1bea00
0x2f5fd0	18	0x2f6018	0x1ba850
0x2f5fd0	19	0x2f601c	0x25890
0x2f5fd0	20	0x2f6020	0x25890
0x2f5fd0	21	0x2f6024	0x29100
0x2f5fd0	22	0x2f6028	0x1bb170
0x2f5fd0	23	0x2f602c	0x1bb180
0x2f5fd0	24	0x2f6030	0x2218d0
0x2f5fd0	25	0x2f6034	0x29100
0x2f5fd0	26	0x2f6038	0x29100
0x2f5fd0	27	0x2f603c	0x222730
0x2f5fd0	28	0x2f6040	0x222b80
0x2f5fd0	29	0x2f6044	0x2230e0
0x2f5fd0	30	0x2f6048	0x2224b0
0x2f5fd0	31	0x2f604c	0x1bede0
0x2f5fd0	32	0x2f6050	0x1bef00
0x2f6060	0	0x2f6060	0x223820
0x2f6060	1	0x2f6064	0x223880
0x2f6060	2	0x2f6068	0x1be280
0x2f6060	3	0x2f606c	0x2238b0
0x2f6060	4	0x2f6070	0x223be0
0x2f6060	5	0x2f6074	0x2242f0
0x2f6060	6	0x2f6078	0x20a0f0
0x2f6060	7	0x2f607c	0x224280
0x2f6060	8	0x2f6080	0x25950
0x2f6060	9	0x2f6084	0x25950
0x2f6060	10	0x2f6088	0x1bedd0
0x2f6060	11	0x2f608c	0x29100
0x2f6060	12	0x2f6090	0x20a0f0
0x2f6060	13	0x2f6094	0x20f5e0
0x2f6060	14	0x2f6098	0x25890
0x2f6060	15	0x2f609c	0x223860
0x2f6060	16	0x2f60a0	0x1be830
0x2f6060	17	0x2f60a4	0x1bea00
0x2f6060	18	0x2f60a8	0x1ba850
0x2f6060	19	0x2f60ac	0x25890
0x2f6060	20	0x2f60b0	0x25890
0x2f6060	21	0x2f60b4	0x29100
0x2f6060	22	0x2f60b8	0x1bb170
0x2f6060	23	0x2f60bc	0x1bb180
0x2f6060	24	0x2f60c0	0x223870
0x2f6060	25	0x2f60c4	0x223850
0x2f6060	26	0x2f60c8	0x29100
0x2f6060	27	0x2f60cc	0x224480
0x2f6060	28	0x2f60d0	0x224840
0x2f6060	29	0x2f60d4	0x224a30
0x2f6060	30	0x2f60d8	0x224420
0x2f6060	31	0x2f60dc	0x1bede0
0x2f6060	32	0x2f60e0	0x1bef00
0x2f60f8	0	0x2f60f8	0x224e30
0x2f60f8	1	0x2f60fc	0x224e80
0x2f60f8	2	0x2f6100	0x1be280
0x2f60f8	3	0x2f6104	0x224eb0
0x2f60f8	4	0x2f6108	0x225530
0x2f60f8	5	0x2f610c	0x225b80
0x2f60f8	6	0x2f6110	0x20a0f0
0x2f60f8	7	0x2f6114	0x225af0
0x2f60f8	8	0x2f6118	0x25950
0x2f60f8	9	0x2f611c	0x25950
0x2f60f8	10	0x2f6120	0x1bedd0
0x2f60f8	11	0x2f6124	0x29100
0x2f60f8	12	0x2f6128	0x20a0f0
0x2f60f8	13	0x2f612c	0x22d430
0x2f60f8	14	0x2f6130	0x25890
0x2f60f8	15	0x2f6134	0x224e60
0x2f60f8	16	0x2f6138	0x1be830
0x2f60f8	17	0x2f613c	0x225950
0x2f60f8	18	0x2f6140	0x1ba850
0x2f60f8	19	0x2f6144	0x25890
0x2f60f8	20	0x2f6148	0x25890
0x2f60f8	21	0x2f614c	0x29100
0x2f60f8	22	0x2f6150	0x1bb170
0x2f60f8	23	0x2f6154	0x1bb180
0x2f60f8	24	0x2f6158	0x25480
0x2f60f8	25	0x2f615c	0x29100
0x2f60f8	26	0x2f6160	0x29100
0x2f60f8	27	0x2f6164	0x225cc0
0x2f60f8	28	0x2f6168	0x226080
0x2f60f8	29	0x2f616c	0x226270
0x2f60f8	30	0x2f6170	0x225c60
0x2f60f8	31	0x2f6174	0x1bede0
0x2f60f8	32	0x2f6178	0x1bef00
0x2f61a0	0	0x2f61a0	0x226680
0x2f61a0	1	0x2f61a4	0x2266b0
0x2f61a0	2	0x2f61a8	0x1be280
0x2f61a0	3	0x2f61ac	0x2266e0
0x2f61a0	4	0x2f61b0	0x226ba0
0x2f61a0	5	0x2f61b4	0x227070
0x2f61a0	6	0x2f61b8	0x20a0f0
0x2f61a0	7	0x2f61bc	0x226ff0
0x2f61a0	8	0x2f61c0	0x25950
0x2f61a0	9	0x2f61c4	0x25950
0x2f61a0	10	0x2f61c8	0x1bedd0
0x2f61a0	11	0x2f61cc	0x29100
0x2f61a0	12	0x2f61d0	0x20a0f0
0x2f61a0	13	0x2f61d4	0x22d430
0x2f61a0	14	0x2f61d8	0x25890
0x2f61a0	15	0x2f61dc	0x12a620
0x2f61a0	16	0x2f61e0	0x1be830
0x2f61a0	17	0x2f61e4	0x1bea00
0x2f61a0	18	0x2f61e8	0x1ba850
0x2f61a0	19	0x2f61ec	0x25890
0x2f61a0	20	0x2f61f0	0x25890
0x2f61a0	21	0x2f61f4	0x29100
0x2f61a0	22	0x2f61f8	0x1bb170
0x2f61a0	23	0x2f61fc	0x1bb180
0x2f61a0	24	0x2f6200	0x25480
0x2f61a0	25	0x2f6204	0x29100
0x2f61a0	26	0x2f6208	0x2271a0
0x2f61a0	27	0x2f620c	0x2271c0
0x2f61a0	28	0x2f6210	0x227500
0x2f61a0	29	0x2f6214	0x2276f0
0x2f61a0	30	0x2f6218	0x227150
0x2f61a0	31	0x2f621c	0x1bede0
0x2f61a0	32	0x2f6220	0x1bef00
0x2f6228	0	0x2f6228	0x227b60
0x2f6228	1	0x2f622c	0x227bb0
0x2f6228	2	0x2f6230	0x1be280
0x2f6228	3	0x2f6234	0x227c50
0x2f6228	4	0x2f6238	0x227d20
0x2f6228	5	0x2f623c	0x227e00
0x2f6228	6	0x2f6240	0x29100
0x2f6228	7	0x2f6244	0x227db0
0x2f6228	8	0x2f6248	0x25480
0x2f6228	9	0x2f624c	0x25480
0x2f6228	10	0x2f6250	0x1bedd0
0x2f6228	11	0x2f6254	0x29100
0x2f6228	12	0x2f6258	0x29100
0x2f6228	13	0x2f625c	0x1bb160
0x2f6228	14	0x2f6260	0x25890
0x2f6228	15	0x2f6264	0x1be230
0x2f6228	16	0x2f6268	0x1be830
0x2f6228	17	0x2f626c	0x1bea00
0x2f6228	18	0x2f6270	0x1ba850
0x2f6228	19	0x2f6274	0x25890
0x2f6228	20	0x2f6278	0x25890
0x2f6228	21	0x2f627c	0x227e70
0x2f6228	22	0x2f6280	0x1bb170
0x2f6228	23	0x2f6284	0x227ec0
0x2f6228	24	0x2f6288	0x25480
0x2f6228	25	0x2f628c	0x29100
0x2f6228	26	0x2f6290	0x29100
0x2f6228	27	0x2f6294	0x2284c0
0x2f6228	28	0x2f6298	0x228830
0x2f6228	29	0x2f629c	0x228c60
0x2f6228	30	0x2f62a0	0x2282f0
0x2f6228	31	0x2f62a4	0x1bede0
0x2f6228	32	0x2f62a8	0x1bef00
0x2f62b0	0	0x2f62b0	0x2291f0
0x2f62b0	1	0x2f62b4	0x229390
0x2f62b0	2	0x2f62b8	0x1be280
0x2f62b0	3	0x2f62bc	0x229400
0x2f62b0	4	0x2f62c0	0x229a60
0x2f62b0	5	0x2f62c4	0x22a170
0x2f62b0	6	0x2f62c8	0x20a0f0
0x2f62b0	7	0x2f62cc	0x22a090
0x2f62b0	8	0x2f62d0	0x25950
0x2f62b0	9	0x2f62d4	0x25950
0x2f62b0	10	0x2f62d8	0x1bedd0
0x2f62b0	11	0x2f62dc	0x29100
0x2f62b0	12	0x2f62e0	0x20a0f0
0x2f62b0	13	0x2f62e4	0x22d430
0x2f62b0	14	0x2f62e8	0x25890
0x2f62b0	15	0x2f62ec	0x2217f0
0x2f62b0	16	0x2f62f0	0x229210
0x2f62b0	17	0x2f62f4	0x22b3f0
0x2f62b0	18	0x2f62f8	0x1ba850
0x2f62b0	19	0x2f62fc	0x25890
0x2f62b0	20	0x2f6300	0x25890
0x2f62b0	21	0x2f6304	0x22a110
0x2f62b0	22	0x2f6308	0x22d460
0x2f62b0	23	0x2f630c	0x1bb180
0x2f62b0	24	0x2f6310	0x25480
0x2f62b0	25	0x2f6314	0x29100
0x2f62b0	26	0x2f6318	0x29100
0x2f62b0	27	0x2f631c	0x22a1c0
0x2f62b0	28	0x2f6320	0x22a6c0
0x2f62b0	29	0x2f6324	0x22ab40
0x2f62b0	30	0x2f6328	0x22e090
0x2f62b0	31	0x2f632c	0x1bede0
0x2f62b0	32	0x2f6330	0x1bef00
0x2f6338	0	0x2f6338	0x22b3d0
0x2f6338	1	0x2f633c	0x22b4e0
0x2f6338	2	0x2f6340	0x1be280
0x2f6338	3	0x2f6344	0x22b550
0x2f6338	4	0x2f6348	0x22ba30
0x2f6338	5	0x2f634c	0x22c0e0
0x2f6338	6	0x2f6350	0x20a0f0
0x2f6338	7	0x2f6354	0x22c060
0x2f6338	8	0x2f6358	0x25950
0x2f6338	9	0x2f635c	0x25950
0x2f6338	10	0x2f6360	0x1bedd0
0x2f6338	11	0x2f6364	0x29100
0x2f6338	12	0x2f6368	0x20a0f0
0x2f6338	13	0x2f636c	0x22d430
0x2f6338	14	0x2f6370	0x25890
0x2f6338	15	0x2f6374	0x2217f0
0x2f6338	16	0x2f6378	0x22b410
0x2f6338	17	0x2f637c	0x22b3f0
0x2f6338	18	0x2f6380	0x1ba850
0x2f6338	19	0x2f6384	0x25890
0x2f6338	20	0x2f6388	0x25890
0x2f6338	21	0x2f638c	0x22a110
0x2f6338	22	0x2f6390	0x22d460
0x2f6338	23	0x2f6394	0x1bb180
0x2f6338	24	0x2f6398	0x25480
0x2f6338	25	0x2f639c	0x29100
0x2f6338	26	0x2f63a0	0x29100
0x2f6338	27	0x2f63a4	0x22c130
0x2f6338	28	0x2f63a8	0x22c630
0x2f6338	29	0x2f63ac	0x22cab0
0x2f6338	30	0x2f63b0	0x22e090
0x2f6338	31	0x2f63b4	0x1bede0
0x2f6338	32	0x2f63b8	0x1bef00
0x2f63c0	0	0x2f63c0	0x22d340
0x2f63c0	1	0x2f63c4	0x229390
0x2f63c0	2	0x2f63c8	0x1be280
0x2f63c0	3	0x2f63cc	0x22d480
0x2f63c0	4	0x2f63d0	0x22d990
0x2f63c0	5	0x2f63d4	0x22e040
0x2f63c0	6	0x2f63d8	0x20a0f0
0x2f63c0	7	0x2f63dc	0x22dfc0
0x2f63c0	8	0x2f63e0	0x25950
0x2f63c0	9	0x2f63e4	0x25950
0x2f63c0	10	0x2f63e8	0x1bedd0
0x2f63c0	11	0x2f63ec	0x29100
0x2f63c0	12	0x2f63f0	0x20a0f0
0x2f63c0	13	0x2f63f4	0x22d430
0x2f63c0	14	0x2f63f8	0x25890
0x2f63c0	15	0x2f63fc	0x2217f0
0x2f63c0	16	0x2f6400	0x22d360
0x2f63c0	17	0x2f6404	0x22b3f0
0x2f63c0	18	0x2f6408	0x1ba850
0x2f63c0	19	0x2f640c	0x25890
0x2f63c0	20	0x2f6410	0x25890
0x2f63c0	21	0x2f6414	0x22a110
0x2f63c0	22	0x2f6418	0x22d460
0x2f63c0	23	0x2f641c	0x1bb180
0x2f63c0	24	0x2f6420	0x25480
0x2f63c0	25	0x2f6424	0x29100
0x2f63c0	26	0x2f6428	0x29100
0x2f63c0	27	0x2f642c	0x22e140
0x2f63c0	28	0x2f6430	0x22e640
0x2f63c0	29	0x2f6434	0x22eac0
0x2f63c0	30	0x2f6438	0x22e090
0x2f63c0	31	0x2f643c	0x1bede0
0x2f63c0	32	0x2f6440	0x1bef00
0x2f6448	0	0x2f6448	0x22f280
0x2f6448	1	0x2f644c	0x236480
0x2f6448	2	0x2f6450	0x1be280
0x2f6448	3	0x2f6454	0x22f2c0
0x2f6448	4	0x2f6458	0x22f8b0
0x2f6448	5	0x2f645c	0x237990
0x2f6448	6	0x2f6460	0x20a0f0
0x2f6448	7	0x2f6464	0x22fca0
0x2f6448	8	0x2f6468	0x25950
0x2f6448	9	0x2f646c	0x25950
0x2f6448	10	0x2f6470	0x1bedd0
0x2f6448	11	0x2f6474	0x29100
0x2f6448	12	0x2f6478	0x236200
0x2f6448	13	0x2f647c	0x22d430
0x2f6448	14	0x2f6480	0x25890
0x2f6448	15	0x2f6484	0x22f2b0
0x2f6448	16	0x2f6488	0x1be830
0x2f6448	17	0x2f648c	0x1bea00
0x2f6448	18	0x2f6490	0x1ba850
0x2f6448	19	0x2f6494	0x25890
0x2f6448	20	0x2f6498	0x25890
0x2f6448	21	0x2f649c	0x29100
0x2f6448	22	0x2f64a0	0x1bb170
0x2f6448	23	0x2f64a4	0x1bb180
0x2f6448	24	0x2f64a8	0x25480
0x2f6448	25	0x2f64ac	0x29100
0x2f6448	26	0x2f64b0	0x29100
0x2f6448	27	0x2f64b4	0x237c10
0x2f6448	28	0x2f64b8	0x237fd0
0x2f6448	29	0x2f64bc	0x238230
0x2f6448	30	0x2f64c0	0x237b80
0x2f6448	31	0x2f64c4	0x1bede0
0x2f6448	32	0x2f64c8	0x1bef00
0x2f64d0	0	0x2f64d0	0x22fdc0
0x2f64d0	1	0x2f64d4	0x22fdf0
0x2f64d0	2	0x2f64d8	0x1be280
0x2f64d0	3	0x2f64dc	0x22fe10
0x2f64d0	4	0x2f64e0	0x22feb0
0x2f64d0	5	0x2f64e4	0x238cc0
0x2f64d0	6	0x2f64e8	0x20a0f0
0x2f64d0	7	0x2f64ec	0x22ff10
0x2f64d0	8	0x2f64f0	0x25480
0x2f64d0	9	0x2f64f4	0x25950
0x2f64d0	10	0x2f64f8	0x1bedd0
0x2f64d0	11	0x2f64fc	0x29100
0x2f64d0	12	0x2f6500	0x29100
0x2f64d0	13	0x2f6504	0x1bb160
0x2f64d0	14	0x2f6508	0x25890
0x2f64d0	15	0x2f650c	0x1be230
0x2f64d0	16	0x2f6510	0x1be830
0x2f64d0	17	0x2f6514	0x1bea00
0x2f64d0	18	0x2f6518	0x1ba850
0x2f64d0	19	0x2f651c	0x25890
0x2f64d0	20	0x2f6520	0x25890
0x2f64d0	21	0x2f6524	0x29100
0x2f64d0	22	0x2f6528	0x1bb170
0x2f64d0	23	0x2f652c	0x1bb180
0x2f64d0	24	0x2f6530	0x25480
0x2f64d0	25	0x2f6534	0x29100
0x2f64d0	26	0x2f6538	0x22ff60
0x2f64d0	27	0x2f653c	0x22ff70
0x2f64d0	28	0x2f6540	0x230200
0x2f64d0	29	0x2f6544	0x2302d0
0x2f64d0	30	0x2f6548	0x22ff30
0x2f64d0	31	0x2f654c	0x1bede0
0x2f64d0	32	0x2f6550	0x1bef00
0x2f6558	0	0x2f6558	0x2304f0
0x2f6558	1	0x2f655c	0x236480
0x2f6558	2	0x2f6560	0x1be280
0x2f6558	3	0x2f6564	0x2364f0
0x2f6558	4	0x2f6568	0x237240
0x2f6558	5	0x2f656c	0x237990
0x2f6558	6	0x2f6570	0x20a0f0
0x2f6558	7	0x2f6574	0x237900
0x2f6558	8	0x2f6578	0x25950
0x2f6558	9	0x2f657c	0x25950
0x2f6558	10	0x2f6580	0x1bedd0
0x2f6558	11	0x2f6584	0x29100
0x2f6558	12	0x2f6588	0x236200
0x2f6558	13	0x2f658c	0x22d430
0x2f6558	14	0x2f6590	0x25890
0x2f6558	15	0x2f6594	0x236460
0x2f6558	16	0x2f6598	0x1be830
0x2f6558	17	0x2f659c	0x1bea00
0x2f6558	18	0x2f65a0	0x1ba850
0x2f6558	19	0x2f65a4	0x25890
0x2f6558	20	0x2f65a8	0x25890
0x2f6558	21	0x2f65ac	0x29100
0x2f6558	22	0x2f65b0	0x1bb170
0x2f6558	23	0x2f65b4	0x1bb180
0x2f6558	24	0x2f65b8	0x25480
0x2f6558	25	0x2f65bc	0x29100
0x2f6558	26	0x2f65c0	0x29100
0x2f6558	27	0x2f65c4	0x237c10
0x2f6558	28	0x2f65c8	0x237fd0
0x2f6558	29	0x2f65cc	0x238230
0x2f6558	30	0x2f65d0	0x237b80
0x2f6558	31	0x2f65d4	0x1bede0
0x2f6558	32	0x2f65d8	0x1bef00
0x2f65e0	0	0x2f65e0	0x230570
0x2f65e0	1	0x2f65e4	0x2386c0
0x2f65e0	2	0x2f65e8	0x1be280
0x2f65e0	3	0x2f65ec	0x2386f0
0x2f65e0	4	0x2f65f0	0x238b00
0x2f65e0	5	0x2f65f4	0x238cc0
0x2f65e0	6	0x2f65f8	0x20a0f0
0x2f65e0	7	0x2f65fc	0x238c80
0x2f65e0	8	0x2f6600	0x25480
0x2f65e0	9	0x2f6604	0x25950
0x2f65e0	10	0x2f6608	0x1bedd0
0x2f65e0	11	0x2f660c	0x29100
0x2f65e0	12	0x2f6610	0x29100
0x2f65e0	13	0x2f6614	0x1bb160
0x2f65e0	14	0x2f6618	0x25890
0x2f65e0	15	0x2f661c	0x1be230
0x2f65e0	16	0x2f6620	0x1be830
0x2f65e0	17	0x2f6624	0x1bea00
0x2f65e0	18	0x2f6628	0x1ba850
0x2f65e0	19	0x2f662c	0x25890
0x2f65e0	20	0x2f6630	0x25890
0x2f65e0	21	0x2f6634	0x29100
0x2f65e0	22	0x2f6638	0x1bb170
0x2f65e0	23	0x2f663c	0x1bb180
0x2f65e0	24	0x2f6640	0x25480
0x2f65e0	25	0x2f6644	0x29100
0x2f65e0	26	0x2f6648	0x29100
0x2f65e0	27	0x2f664c	0x238d90
0x2f65e0	28	0x2f6650	0x2390c0
0x2f65e0	29	0x2f6654	0x2392b0
0x2f65e0	30	0x2f6658	0x238d40
0x2f65e0	31	0x2f665c	0x1bede0
0x2f65e0	32	0x2f6660	0x1bef00
0x2f6670	0	0x2f6670	0x230620
0x2f6670	1	0x2f6674	0x230650
0x2f6670	2	0x2f6678	0x1be280
0x2f6670	3	0x2f667c	0x230680
0x2f6670	4	0x2f6680	0x230a00
0x2f6670	5	0x2f6684	0x231060
0x2f6670	6	0x2f6688	0x20a0f0
0x2f6670	7	0x2f668c	0x230fe0
0x2f6670	8	0x2f6690	0x25950
0x2f6670	9	0x2f6694	0x25950
0x2f6670	10	0x2f6698	0x1bedd0
0x2f6670	11	0x2f669c	0x29100
0x2f6670	12	0x2f66a0	0x20a0f0
0x2f6670	13	0x2f66a4	0x22d430
0x2f6670	14	0x2f66a8	0x25890
0x2f6670	15	0x2f66ac	0x1be230
0x2f6670	16	0x2f66b0	0x1be830
0x2f6670	17	0x2f66b4	0x1bea00
0x2f6670	18	0x2f66b8	0x1ba850
0x2f6670	19	0x2f66bc	0x25890
0x2f6670	20	0x2f66c0	0x25890
0x2f6670	21	0x2f66c4	0x29100
0x2f6670	22	0x2f66c8	0x1bb170
0x2f6670	23	0x2f66cc	0x1bb180
0x2f6670	24	0x2f66d0	0x25480
0x2f6670	25	0x2f66d4	0x29100
0x2f6670	26	0x2f66d8	0x29100
0x2f6670	27	0x2f66dc	0x2311f0
0x2f6670	28	0x2f66e0	0x2315b0
0x2f6670	29	0x2f66e4	0x2317a0
0x2f6670	30	0x2f66e8	0x231190
0x2f6670	31	0x2f66ec	0x1bede0
0x2f6670	32	0x2f66f0	0x1bef00
0x2f66f8	0	0x2f66f8	0x231be0
0x2f66f8	1	0x2f66fc	0x20c6d0
0x2f66f8	2	0x2f6700	0x1be280
0x2f66f8	3	0x2f6704	0x231d00
0x2f66f8	4	0x2f6708	0x231e90
0x2f66f8	5	0x2f670c	0x20bfa0
0x2f66f8	6	0x2f6710	0x29100
0x2f66f8	7	0x2f6714	0x232050
0x2f66f8	8	0x2f6718	0x25480
0x2f66f8	9	0x2f671c	0x25480
0x2f66f8	10	0x2f6720	0x1bedd0
0x2f66f8	11	0x2f6724	0x29100
0x2f66f8	12	0x2f6728	0x29100
0x2f66f8	13	0x2f672c	0x1bb160
0x2f66f8	14	0x2f6730	0x25890
0x2f66f8	15	0x2f6734	0x1be230
0x2f66f8	16	0x2f6738	0x1be830
0x2f66f8	17	0x2f673c	0x1bea00
0x2f66f8	18	0x2f6740	0x1ba850
0x2f66f8	19	0x2f6744	0x25890
0x2f66f8	20	0x2f6748	0x25890
0x2f66f8	21	0x2f674c	0x29100
0x2f66f8	22	0x2f6750	0x1bb170
0x2f66f8	23	0x2f6754	0x1bb180
0x2f66f8	24	0x2f6758	0x25480
0x2f66f8	25	0x2f675c	0x29100
0x2f66f8	26	0x2f6760	0x29100
0x2f66f8	27	0x2f6764	0x1bf5e0
0x2f66f8	28	0x2f6768	0x1bf900
0x2f66f8	29	0x2f676c	0x1bf9f0
0x2f66f8	30	0x2f6770	0x232110
0x2f66f8	31	0x2f6774	0x1bede0
0x2f66f8	32	0x2f6778	0x1bef00
0x2f6788	0	0x2f6788	0x232720
0x2f6788	1	0x2f678c	0x2327a0
0x2f6788	2	0x2f6790	0x1be280
0x2f6788	3	0x2f6794	0x2327e0
0x2f6788	4	0x2f6798	0x232b40
0x2f6788	5	0x2f679c	0x232d90
0x2f6788	6	0x2f67a0	0x20a0f0
0x2f6788	7	0x2f67a4	0x232d10
0x2f6788	8	0x2f67a8	0x25950
0x2f6788	9	0x2f67ac	0x25950
0x2f6788	10	0x2f67b0	0x1bedd0
0x2f6788	11	0x2f67b4	0x29100
0x2f6788	12	0x2f67b8	0x29100
0x2f6788	13	0x2f67bc	0x232750
0x2f6788	14	0x2f67c0	0x25890
0x2f6788	15	0x2f67c4	0x1be230
0x2f6788	16	0x2f67c8	0x1be830
0x2f6788	17	0x2f67cc	0x1bea00
0x2f6788	18	0x2f67d0	0x1ba850
0x2f6788	19	0x2f67d4	0x25890
0x2f6788	20	0x2f67d8	0x25890
0x2f6788	21	0x2f67dc	0x29100
0x2f6788	22	0x2f67e0	0x1bb170
0x2f6788	23	0x2f67e4	0x1bb180
0x2f6788	24	0x2f67e8	0x25480
0x2f6788	25	0x2f67ec	0x29100
0x2f6788	26	0x2f67f0	0x29100
0x2f6788	27	0x2f67f4	0x232f90
0x2f6788	28	0x2f67f8	0x2333b0
0x2f6788	29	0x2f67fc	0x233680
0x2f6788	30	0x2f6800	0x232f20
0x2f6788	31	0x2f6804	0x1bede0
0x2f6788	32	0x2f6808	0x1bef00
0x2f6810	0	0x2f6810	0x233d10
0x2f6810	1	0x2f6814	0x233d40
0x2f6810	2	0x2f6818	0x1be280
0x2f6810	3	0x2f681c	0x233d50
0x2f6810	4	0x2f6820	0x233de0
0x2f6810	5	0x2f6824	0x234010
0x2f6810	6	0x2f6828	0x20a0f0
0x2f6810	7	0x2f682c	0x233fe0
0x2f6810	8	0x2f6830	0x25480
0x2f6810	9	0x2f6834	0x25950
0x2f6810	10	0x2f6838	0x1bedd0
0x2f6810	11	0x2f683c	0x29100
0x2f6810	12	0x2f6840	0x29100
0x2f6810	13	0x2f6844	0x1bb160
0x2f6810	14	0x2f6848	0x25890
0x2f6810	15	0x2f684c	0x1be230
0x2f6810	16	0x2f6850	0x1be830
0x2f6810	17	0x2f6854	0x1bea00
0x2f6810	18	0x2f6858	0x1ba850
0x2f6810	19	0x2f685c	0x25890
0x2f6810	20	0x2f6860	0x25890
0x2f6810	21	0x2f6864	0x29100
0x2f6810	22	0x2f6868	0x1bb170
0x2f6810	23	0x2f686c	0x1bb180
0x2f6810	24	0x2f6870	0x25480
0x2f6810	25	0x2f6874	0x29100
0x2f6810	26	0x2f6878	0x234140
0x2f6810	27	0x2f687c	0x234150
0x2f6810	28	0x2f6880	0x234400
0x2f6810	29	0x2f6884	0x234570
0x2f6810	30	0x2f6888	0x234100
0x2f6810	31	0x2f688c	0x1bede0
0x2f6810	32	0x2f6890	0x1bef00
0x2f6898	0	0x2f6898	0x234960
0x2f6898	1	0x2f689c	0x2349c0
0x2f6898	2	0x2f68a0	0x1be280
0x2f6898	3	0x2f68a4	0x2349f0
0x2f6898	4	0x2f68a8	0x234b50
0x2f6898	5	0x2f68ac	0x234cc0
0x2f6898	6	0x2f68b0	0x20a0f0
0x2f6898	7	0x2f68b4	0x234c70
0x2f6898	8	0x2f68b8	0x25950
0x2f6898	9	0x2f68bc	0x25950
0x2f6898	10	0x2f68c0	0x1bedd0
0x2f6898	11	0x2f68c4	0x29100
0x2f6898	12	0x2f68c8	0x29100
0x2f6898	13	0x2f68cc	0x234990
0x2f6898	14	0x2f68d0	0x25890
0x2f6898	15	0x2f68d4	0x1be230
0x2f6898	16	0x2f68d8	0x1be830
0x2f6898	17	0x2f68dc	0x1bea00
0x2f6898	18	0x2f68e0	0x1ba850
0x2f6898	19	0x2f68e4	0x25890
0x2f6898	20	0x2f68e8	0x25890
0x2f6898	21	0x2f68ec	0x29100
0x2f6898	22	0x2f68f0	0x1bb170
0x2f6898	23	0x2f68f4	0x1bb180
0x2f6898	24	0x2f68f8	0x25480
0x2f6898	25	0x2f68fc	0x29100
0x2f6898	26	0x2f6900	0x29100
0x2f6898	27	0x2f6904	0x234eb0
0x2f6898	28	0x2f6908	0x235270
0x2f6898	29	0x2f690c	0x235460
0x2f6898	30	0x2f6910	0x234e50
0x2f6898	31	0x2f6914	0x1bede0
0x2f6898	32	0x2f6918	0x1bef00
0x2f6920	0	0x2f6920	0x235840
0x2f6920	1	0x2f6924	0x20c6d0
0x2f6920	2	0x2f6928	0x1be280
0x2f6920	3	0x2f692c	0x2358a0
0x2f6920	4	0x2f6930	0x2358d0
0x2f6920	5	0x2f6934	0x20c860
0x2f6920	6	0x2f6938	0x20a0f0
0x2f6920	7	0x2f693c	0x235920
0x2f6920	8	0x2f6940	0x25480
0x2f6920	9	0x2f6944	0x25950
0x2f6920	10	0x2f6948	0x1bedd0
0x2f6920	11	0x2f694c	0x29100
0x2f6920	12	0x2f6950	0x29100
0x2f6920	13	0x2f6954	0x235870
0x2f6920	14	0x2f6958	0x25890
0x2f6920	15	0x2f695c	0x1be230
0x2f6920	16	0x2f6960	0x1be830
0x2f6920	17	0x2f6964	0x1bea00
0x2f6920	18	0x2f6968	0x1ba850
0x2f6920	19	0x2f696c	0x25890
0x2f6920	20	0x2f6970	0x25890
0x2f6920	21	0x2f6974	0x29100
0x2f6920	22	0x2f6978	0x1bb170
0x2f6920	23	0x2f697c	0x1bb180
0x2f6920	24	0x2f6980	0x25480
0x2f6920	25	0x2f6984	0x29100
0x2f6920	26	0x2f6988	0x29100
0x2f6920	27	0x2f698c	0x235970
0x2f6920	28	0x2f6990	0x235bf0
0x2f6920	29	0x2f6994	0x235d10
0x2f6920	30	0x2f6998	0x235940
0x2f6920	31	0x2f699c	0x1bede0
0x2f6920	32	0x2f69a0	0x1bef00
0x2f69a8	0	0x2f69a8	0x235f40
0x2f69a8	1	0x2f69ac	0x235f70
0x2f69a8	2	0x2f69b0	0x1be280
0x2f69a8	3	0x2f69b4	0x235f80
0x2f69a8	4	0x2f69b8	0x236010
0x2f69a8	5	0x2f69bc	0x2360b0
0x2f69a8	6	0x2f69c0	0x20a0f0
0x2f69a8	7	0x2f69c4	0x236090
0x2f69a8	8	0x2f69c8	0x25480
0x2f69a8	9	0x2f69cc	0x25950
0x2f69a8	10	0x2f69d0	0x1bedd0
0x2f69a8	11	0x2f69d4	0x29100
0x2f69a8	12	0x2f69d8	0x29100
0x2f69a8	13	0x2f69dc	0x235870
0x2f69a8	14	0x2f69e0	0x25890
0x2f69a8	15	0x2f69e4	0x1be230
0x2f69a8	16	0x2f69e8	0x1be830
0x2f69a8	17	0x2f69ec	0x1bea00
0x2f69a8	18	0x2f69f0	0x1ba850
0x2f69a8	19	0x2f69f4	0x25890
0x2f69a8	20	0x2f69f8	0x25890
0x2f69a8	21	0x2f69fc	0x29100
0x2f69a8	22	0x2f6a00	0x1bb170
0x2f69a8	23	0x2f6a04	0x1bb180
0x2f69a8	24	0x2f6a08	0x25480
0x2f69a8	25	0x2f6a0c	0x29100
0x2f69a8	26	0x2f6a10	0x29100
0x2f69a8	27	0x2f6a14	0x20f190
0x2f69a8	28	0x2f6a18	0x20f1a0
0x2f69a8	29	0x2f6a1c	0x211a20
0x2f69a8	30	0x2f6a20	0x20f180
0x2f69a8	31	0x2f6a24	0x1bede0
0x2f69a8	32	0x2f6a28	0x1bef00
0x2f6a40	0	0x2f6a40	0x2361d0
0x2f6a40	1	0x2f6a44	0x236480
0x2f6a40	2	0x2f6a48	0x1be280
0x2f6a40	3	0x2f6a4c	0x2364f0
0x2f6a40	4	0x2f6a50	0x237240
0x2f6a40	5	0x2f6a54	0x237990
0x2f6a40	6	0x2f6a58	0x20a0f0
0x2f6a40	7	0x2f6a5c	0x237900
0x2f6a40	8	0x2f6a60	0x25950
0x2f6a40	9	0x2f6a64	0x25950
0x2f6a40	10	0x2f6a68	0x1bedd0
0x2f6a40	11	0x2f6a6c	0x29100
0x2f6a40	12	0x2f6a70	0x236200
0x2f6a40	13	0x2f6a74	0x22d430
0x2f6a40	14	0x2f6a78	0x25890
0x2f6a40	15	0x2f6a7c	0x236460
0x2f6a40	16	0x2f6a80	0x1be830
0x2f6a40	17	0x2f6a84	0x1bea00
0x2f6a40	18	0x2f6a88	0x1ba850
0x2f6a40	19	0x2f6a8c	0x25890
0x2f6a40	20	0x2f6a90	0x25890
0x2f6a40	21	0x2f6a94	0x29100
0x2f6a40	22	0x2f6a98	0x1bb170
0x2f6a40	23	0x2f6a9c	0x1bb180
0x2f6a40	24	0x2f6aa0	0x25480
0x2f6a40	25	0x2f6aa4	0x29100
0x2f6a40	26	0x2f6aa8	0x29100
0x2f6a40	27	0x2f6aac	0x237c10
0x2f6a40	28	0x2f6ab0	0x237fd0
0x2f6a40	29	0x2f6ab4	0x238230
0x2f6a40	30	0x2f6ab8	0x237b80
0x2f6a40	31	0x2f6abc	0x1bede0
0x2f6a40	32	0x2f6ac0	0x1bef00
0x2f6ac8	0	0x2f6ac8	0x238690
0x2f6ac8	1	0x2f6acc	0x2386c0
0x2f6ac8	2	0x2f6ad0	0x1be280
0x2f6ac8	3	0x2f6ad4	0x2386f0
0x2f6ac8	4	0x2f6ad8	0x238b00
0x2f6ac8	5	0x2f6adc	0x238cc0
0x2f6ac8	6	0x2f6ae0	0x20a0f0
0x2f6ac8	7	0x2f6ae4	0x238c80
0x2f6ac8	8	0x2f6ae8	0x25480
0x2f6ac8	9	0x2f6aec	0x25950
0x2f6ac8	10	0x2f6af0	0x1bedd0
0x2f6ac8	11	0x2f6af4	0x29100
0x2f6ac8	12	0x2f6af8	0x29100
0x2f6ac8	13	0x2f6afc	0x1bb160
0x2f6ac8	14	0x2f6b00	0x25890
0x2f6ac8	15	0x2f6b04	0x1be230
0x2f6ac8	16	0x2f6b08	0x1be830
0x2f6ac8	17	0x2f6b0c	0x1bea00
0x2f6ac8	18	0x2f6b10	0x1ba850
0x2f6ac8	19	0x2f6b14	0x25890
0x2f6ac8	20	0x2f6b18	0x25890
0x2f6ac8	21	0x2f6b1c	0x29100
0x2f6ac8	22	0x2f6b20	0x1bb170
0x2f6ac8	23	0x2f6b24	0x1bb180
0x2f6ac8	24	0x2f6b28	0x25480
0x2f6ac8	25	0x2f6b2c	0x29100
0x2f6ac8	26	0x2f6b30	0x29100
0x2f6ac8	27	0x2f6b34	0x238d90
0x2f6ac8	28	0x2f6b38	0x2390c0
0x2f6ac8	29	0x2f6b3c	0x2392b0
0x2f6ac8	30	0x2f6b40	0x238d40
0x2f6ac8	31	0x2f6b44	0x1bede0
0x2f6ac8	32	0x2f6b48	0x1bef00
0x2f6b50	0	0x2f6b50	0x2397c0
0x2f6b50	1	0x2f6b54	0x239890
0x2f6b50	2	0x2f6b58	0x1be280
0x2f6b50	3	0x2f6b5c	0x2398f0
0x2f6b50	4	0x2f6b60	0x239ae0
0x2f6b50	5	0x2f6b64	0x20bfa0
0x2f6b50	6	0x2f6b68	0x29100
0x2f6b50	7	0x2f6b6c	0x239d00
0x2f6b50	8	0x2f6b70	0x25480
0x2f6b50	9	0x2f6b74	0x25480
0x2f6b50	10	0x2f6b78	0x1bedd0
0x2f6b50	11	0x2f6b7c	0x29100
0x2f6b50	12	0x2f6b80	0x29100
0x2f6b50	13	0x2f6b84	0x1bb160
0x2f6b50	14	0x2f6b88	0x25890
0x2f6b50	15	0x2f6b8c	0x1be230
0x2f6b50	16	0x2f6b90	0x1be830
0x2f6b50	17	0x2f6b94	0x1bea00
0x2f6b50	18	0x2f6b98	0x1ba850
0x2f6b50	19	0x2f6b9c	0x25890
0x2f6b50	20	0x2f6ba0	0x25890
0x2f6b50	21	0x2f6ba4	0x29100
0x2f6b50	22	0x2f6ba8	0x1bb170
0x2f6b50	23	0x2f6bac	0x1bb180
0x2f6b50	24	0x2f6bb0	0x25480
0x2f6b50	25	0x2f6bb4	0x2398e0
0x2f6b50	26	0x2f6bb8	0x29100
0x2f6b50	27	0x2f6bbc	0x20f190
0x2f6b50	28	0x2f6bc0	0x239f50
0x2f6b50	29	0x2f6bc4	0x23a430
0x2f6b50	30	0x2f6bc8	0x239d50
0x2f6b50	31	0x2f6bcc	0x1bede0
0x2f6b50	32	0x2f6bd0	0x1bef00
0x2f6bd8	0	0x2f6bd8	0x23bac0
0x2f6bd8	1	0x2f6bdc	0x23bb40
0x2f95cc	0	0x2f95cc	0x2657c0
0x2f95d4	0	0x2f95d4	0x2658d0
0x2f95dc	0	0x2f95dc	0x2658f0
0x2f95dc	1	0x2f95e0	0x2c080d
0x2f95dc	2	0x2f95e4	0x2c080d
0x2f95dc	3	0x2f95e8	0x2c080d
0x2f95dc	4	0x2f95ec	0x264e90
0x2f95dc	5	0x2f95f0	0x264e60
0x2f95f8	0	0x2f95f8	0x265910
0x2f95f8	1	0x2f95fc	0x264fa0
0x2f95f8	2	0x2f9600	0x265010
0x2f95f8	3	0x2f9604	0x265020
0x2f95f8	4	0x2f9608	0x265030
0x2f95f8	5	0x2f960c	0x264e60
0x2f9614	0	0x2f9614	0x265930
0x2f9614	1	0x2f9618	0x2650d0
0x2f9614	2	0x2f961c	0x265170
0x2f9614	3	0x2f9620	0x2650c0
0x2f9614	4	0x2f9624	0x265180
0x2f9614	5	0x2f9628	0x264e60
0x2f9d20	0	0x2f9d20	0x280e20
0x2f9d20	1	0x2f9d24	0x280a30
0x2f9d20	2	0x2f9d28	0x280bf0
0x2f9d20	3	0x2f9d2c	0x280de0
0x2f9d20	4	0x2f9d30	0x280dd0
0x2f9d20	5	0x2f9d34	0x280df0
0x2f9d20	6	0x2f9d38	0x280e00
0x2f9d20	7	0x2f9d3c	0x280e10
0x2f9d44	0	0x2f9d44	0x280ed0
0x2f9d44	1	0x2f9d48	0x287c90
0x2f9d44	2	0x2f9d4c	0x287ca0
0x2f9d44	3	0x2f9d50	0x287cb0
0x2f9d44	4	0x2f9d54	0x280dd0
0x2f9d44	5	0x2f9d58	0x287cc0
0x2f9d44	6	0x2f9d5c	0x287d40
0x2f9d44	7	0x2f9d60	0x287de0
0x2f9d44	8	0x2f9d64	0x287c20
0x2f9e3c	0	0x2f9e3c	0x282535
0x2f9e3c	1	0x2f9e40	0x282422
0x2f9e3c	2	0x2f9e44	0x282579
0x2f9e3c	3	0x2f9e48	0x282481
0x2f9e3c	4	0x2f9e4c	0x2824a7
0x2f9e3c	5	0x2f9e50	0x2824cb
0x2f9e3c	6	0x2f9e54	0x2824e9
0x2f9e3c	7	0x2f9e58	0x28250f
0x2f9e3c	8	0x2f9e5c	0x2824da
0x2f9e60	0	0x2f9e60	0x28290a
0x2f9e60	1	0x2f9e64	0x282422
0x2f9e60	2	0x2f9e68	0x28294e
0x2f9e60	3	0x2f9e6c	0x28287c
0x2f9e60	4	0x2f9e70	0x2828a2
0x2f9e60	5	0x2f9e74	0x28296f
0x2f9e60	6	0x2f9e78	0x282a46
0x2f9e60	7	0x2f9e7c	0x2828df
0x2f9ed4	0	0x2f9ed4	0x289228
0x2f9ed4	1	0x2f9ed8	0x288c89
0x2f9ed4	2	0x2f9edc	0x288c89
0x2f9f00	0	0x2f9f00	0x28c37a
0x2f9f00	1	0x2f9f04	0x28b45c
0x2f9f00	2	0x2f9f08	0x28b3e4
0x2f9f40	0	0x2f9f40	0x28c396
0x2f9f40	1	0x2f9f44	0x28bc3c
0x2f9f40	2	0x2f9f48	0x28bbb6
0x2f9f40	3	0x2f9f4c	0x28bcb0
0x2f9f40	4	0x2f9f50	0x28a513
0x2f9f40	5	0x2f9f54	0x2892b4
0x2f9f40	6	0x2f9f58	0x28bcb0
0x2f9f40	7	0x2f9f5c	0x28a59f
0x2f9f40	8	0x2f9f60	0x289375
0x2f9f40	9	0x2f9f64	0x28bcb0
0x2f9f40	10	0x2f9f68	0x28a641
0x2f9f40	11	0x2f9f6c	0x28946e
0x2f9f40	12	0x2f9f70	0x28bcb0
0x2f9f40	13	0x2f9f74	0x28a6d9
0x2f9f40	14	0x2f9f78	0x289545
0x2f9f40	15	0x2f9f7c	0x28bcb0
0x2f9f40	16	0x2f9f80	0x28a77e
0x2f9f40	17	0x2f9f84	0x28961c
0x2f9f40	18	0x2f9f88	0x28bcb0
0x2f9f40	19	0x2f9f8c	0x28a820
0x2f9f40	20	0x2f9f90	0x2896f3
0x2f9f40	21	0x2f9f94	0x28bcb0
0x2f9f40	22	0x2f9f98	0x28a8d0
0x2f9f40	23	0x2f9f9c	0x2897e6
0x2f9f40	24	0x2f9fa0	0x28bcb0
0x2f9f40	25	0x2f9fa4	0x28a97f
0x2f9f40	26	0x2f9fa8	0x2898df
0x2f9f40	27	0x2f9fac	0x28bcb0
0x2f9f40	28	0x2f9fb0	0x28aa21
0x2f9f40	29	0x2f9fb4	0x2899b0
0x2f9f40	30	0x2f9fb8	0x28bcb0
0x2f9f40	31	0x2f9fbc	0x28aa93
0x2f9f40	32	0x2f9fc0	0x289a32
0x2f9f40	33	0x2f9fc4	0x28bcb0
0x2f9f40	34	0x2f9fc8	0x28ab45
0x2f9f40	35	0x2f9fcc	0x289b2b
0x2f9fd0	0	0x2f9fd0	0x28bcb0
0x2f9fd0	1	0x2f9fd4	0x28abe4
0x2f9fd0	2	0x2f9fd8	0x289c02
0x2f9fdc	0	0x2f9fdc	0x28bcb0
0x2f9fdc	1	0x2f9fe0	0x28ac6b
0x2f9fdc	2	0x2f9fe4	0x289cff
0x2f9fe8	0	0x2f9fe8	0x28bcb0
0x2f9fe8	1	0x2f9fec	0x28accf
0x2f9fe8	2	0x2f9ff0	0x289db9
0x2f9ff4	0	0x2f9ff4	0x28bcb0
0x2f9ff4	1	0x2f9ff8	0x28ad3d
0x2f9ff4	2	0x2f9ffc	0x289e57
0x2fa000	0	0x2fa000	0x28bcb0
0x2fa000	1	0x2fa004	0x28adc6
0x2fa000	2	0x2fa008	0x289f27
0x2fa00c	0	0x2fa00c	0x28bcb0
0x2fa00c	1	0x2fa010	0x288ce2
0x2fa00c	2	0x2fa014	0x289fef
0x2fa018	0	0x2fa018	0x28bcb0
0x2fa018	1	0x2fa01c	0x288d4b
0x2fa018	2	0x2fa020	0x28a09f
0x2fa024	0	0x2fa024	0x28bcb0
0x2fa024	1	0x2fa028	0x288de1
0x2fa024	2	0x2fa02c	0x28a17e
0x2fa030	0	0x2fa030	0x28bcb0
0x2fa030	1	0x2fa034	0x288e59
0x2fa030	2	0x2fa038	0x28a265
0x2fa03c	0	0x2fa03c	0x28bcb0
0x2fa03c	1	0x2fa040	0x288ed7
0x2fa03c	2	0x2fa044	0x28a376
0x2fa048	0	0x2fa048	0x28bcb0
0x2fa048	1	0x2fa04c	0x288f41
0x2fa048	2	0x2fa050	0x28a427
0x2fa054	0	0x2fa054	0x28c3b2
0x2fa054	1	0x2fa058	0x28b45c
0x2fa054	2	0x2fa05c	0x28b3e4
0x2fa060	0	0x2fa060	0x28c3b2
0x2fa060	1	0x2fa064	0x28b45c
0x2fa060	2	0x2fa068	0x28b3e4
0x2fa06c	0	0x2fa06c	0x28c3d3
0x2fa06c	1	0x2fa070	0x28bc3c
0x2fa06c	2	0x2fa074	0x28bbb6
0x2fa078	0	0x2fa078	0x28c3d3
0x2fa078	1	0x2fa07c	0x28bc3c
0x2fa078	2	0x2fa080	0x28bbb6
0x2fa084	0	0x2fa084	0x28c3d3
0x2fa084	1	0x2fa088	0x28bc3c
0x2fa084	2	0x2fa08c	0x28bbb6
0x2fa090	0	0x2fa090	0x28c3d3
0x2fa090	1	0x2fa094	0x28bc3c
0x2fa090	2	0x2fa098	0x28bbb6
0x2fa09c	0	0x2fa09c	0x28c3d3
0x2fa09c	1	0x2fa0a0	0x28bc3c
0x2fa09c	2	0x2fa0a4	0x28bbb6
0x2fcc14	0	0x2fcc14	0x2a2360
0x2fcc14	1	0x2fcc18	0x2a3050
0x2fcc14	2	0x2fcc1c	0x2a2880
0x2fcc14	3	0x2fcc20	0x2a3160
0x2fcc14	4	0x2fcc24	0x1c0150
0x2fcc14	5	0x2fcc28	0x2a2950
0x2fcc14	6	0x2fcc2c	0x25480
0x2fcc14	7	0x2fcc30	0x2a3290
0x2fcc14	8	0x2fcc34	0x2a3280
0x2fcc14	9	0x2fcc38	0x2a32e0
0x2fcc14	10	0x2fcc3c	0x2a3310
0x2fcc14	11	0x2fcc40	0x2a32a0
0x2fcc14	12	0x2fcc44	0x2a32b0
0x2fcc14	13	0x2fcc48	0x108180
0x2fcc14	14	0x2fcc4c	0x2a34a0
0x2fcc14	15	0x2fcc50	0x2a34d0
0x2fcc14	16	0x2fcc54	0x2a34e0
0x2fcc14	17	0x2fcc58	0x2a34f0
0x2fcc14	18	0x2fcc5c	0x2a3500
0x2fcc14	19	0x2fcc60	0x2a3510
0x2fcc14	20	0x2fcc64	0x2a3520
0x2fcc14	21	0x2fcc68	0x2a3530
0x2fcc14	22	0x2fcc6c	0x132020
0x2fcc14	23	0x2fcc70	0x2a3540
0x2fcc14	24	0x2fcc74	0x2a3550
0x2fcc14	25	0x2fcc78	0x2a3560
0x2fcc14	26	0x2fcc7c	0x2a3570
0x2fcc14	27	0x2fcc80	0x2a2960
0x2fcc14	28	0x2fcc84	0x2a5e10
0x2fcc14	29	0x2fcc88	0x2a3590
0x2fcc14	30	0x2fcc8c	0x2a35a0
0x2fcc14	31	0x2fcc90	0x2a35b0
0x2fcc14	32	0x2fcc94	0x2a35c0
0x2fcc14	33	0x2fcc98	0x2a35e0
0x2fcc14	34	0x2fcc9c	0x2a2cc0
0x2fcca4	0	0x2fcca4	0x2a2e90
0x2fcca4	1	0x2fcca8	0x2a3050
0x2fcca4	2	0x2fccac	0x2a30e0
0x2fcca4	3	0x2fccb0	0x2a3160
0x2fcca4	4	0x2fccb4	0x1c0150
0x2fcca4	5	0x2fccb8	0x1c0150
0x2fcca4	6	0x2fccbc	0x25480
0x2fcca4	7	0x2fccc0	0x2a3290
0x2fcca4	8	0x2fccc4	0x2a3280
0x2fcca4	9	0x2fccc8	0x2a32e0
0x2fcca4	10	0x2fcccc	0x2a3310
0x2fcca4	11	0x2fccd0	0x2a32a0
0x2fcca4	12	0x2fccd4	0x2a32b0
0x2fcca4	13	0x2fccd8	0x108180
0x2fcca4	14	0x2fccdc	0x2a34a0
0x2fcca4	15	0x2fcce0	0x2a34d0
0x2fcca4	16	0x2fcce4	0x2a34e0
0x2fcca4	17	0x2fcce8	0x2a34f0
0x2fcca4	18	0x2fccec	0x2a3500
0x2fcca4	19	0x2fccf0	0x2a3510
0x2fcca4	20	0x2fccf4	0x2a3520
0x2fcca4	21	0x2fccf8	0x2a3530
0x2fcca4	22	0x2fccfc	0x132020
0x2fcca4	23	0x2fcd00	0x2a3540
0x2fcca4	24	0x2fcd04	0x2a3550
0x2fcca4	25	0x2fcd08	0x2a3560
0x2fcca4	26	0x2fcd0c	0x2a3570
0x2fcca4	27	0x2fcd10	0x2a3580
0x2fcca4	28	0x2fcd14	0x2a5e10
0x2fcca4	29	0x2fcd18	0x2a3590
0x2fcca4	30	0x2fcd1c	0x2a35a0
0x2fcca4	31	0x2fcd20	0x2a35b0
0x2fcca4	32	0x2fcd24	0x2a35c0
0x2fcca4	33	0x2fcd28	0x2a35e0
0x2fcd34	0	0x2fcd34	0x2a36d0
0x2fcd34	1	0x2fcd38	0x2a3050
0x2fcd34	2	0x2fcd3c	0x2a37d0
0x2fcd34	3	0x2fcd40	0x2a3160
0x2fcd34	4	0x2fcd44	0x1c0150
0x2fcd34	5	0x2fcd48	0x1c0150
0x2fcd34	6	0x2fcd4c	0x25480
0x2fcd34	7	0x2fcd50	0x2a3290
0x2fcd34	8	0x2fcd54	0x2a3280
0x2fcd34	9	0x2fcd58	0x2a32e0
0x2fcd34	10	0x2fcd5c	0x2a3310
0x2fcd34	11	0x2fcd60	0x2a32a0
0x2fcd34	12	0x2fcd64	0x2a32b0
0x2fcd34	13	0x2fcd68	0x108180
0x2fcd34	14	0x2fcd6c	0x2a34a0
0x2fcd34	15	0x2fcd70	0x2a34d0
0x2fcd34	16	0x2fcd74	0x2a34e0
0x2fcd34	17	0x2fcd78	0x2a34f0
0x2fcd34	18	0x2fcd7c	0x2a3500
0x2fcd34	19	0x2fcd80	0x2a3510
0x2fcd34	20	0x2fcd84	0x2a3520
0x2fcd34	21	0x2fcd88	0x2a3530
0x2fcd34	22	0x2fcd8c	0x132020
0x2fcd34	23	0x2fcd90	0x2a3540
0x2fcd34	24	0x2fcd94	0x2a3550
0x2fcd34	25	0x2fcd98	0x2a3560
0x2fcd34	26	0x2fcd9c	0x2a3570
0x2fcd34	27	0x2fcda0	0x2a3580
0x2fcd34	28	0x2fcda4	0x2a5e10
0x2fcd34	29	0x2fcda8	0x2a3590
0x2fcd34	30	0x2fcdac	0x2a35a0
0x2fcd34	31	0x2fcdb0	0x2a35b0
0x2fcd34	32	0x2fcdb4	0x2a35c0
0x2fcd34	33	0x2fcdb8	0x2a35e0
0x2fcdc4	0	0x2fcdc4	0x2a3f70
0x2fcdc4	1	0x2fcdc8	0x2a3050
0x2fcdc4	2	0x2fcdcc	0x2a4140
0x2fcdc4	3	0x2fcdd0	0x2a48a0
0x2fcdc4	4	0x2fcdd4	0x1c0150
0x2fcdc4	5	0x2fcdd8	0x1c0150
0x2fcdc4	6	0x2fcddc	0x25480
0x2fcdc4	7	0x2fcde0	0x2a3290
0x2fcdc4	8	0x2fcde4	0x2a3280
0x2fcdc4	9	0x2fcde8	0x2a32e0
0x2fcdc4	10	0x2fcdec	0x2a3310
0x2fcdc4	11	0x2fcdf0	0x2a32a0
0x2fcdc4	12	0x2fcdf4	0x2a32b0
0x2fcdc4	13	0x2fcdf8	0x108180
0x2fcdc4	14	0x2fcdfc	0x1b7790
0x2fcdc4	15	0x2fce00	0x2a34d0
0x2fcdc4	16	0x2fce04	0x2a5020
0x2fcdc4	17	0x2fce08	0x2a5230
0x2fcdc4	18	0x2fce0c	0x2a3500
0x2fcdc4	19	0x2fce10	0x2a3510
0x2fcdc4	20	0x2fce14	0x2a3520
0x2fcdc4	21	0x2fce18	0x2a3530
0x2fcdc4	22	0x2fce1c	0x2a4d50
0x2fcdc4	23	0x2fce20	0x2a3540
0x2fcdc4	24	0x2fce24	0x2a5250
0x2fcdc4	25	0x2fce28	0x2a3560
0x2fcdc4	26	0x2fce2c	0x2a3570
0x2fcdc4	27	0x2fce30	0x2a48e0
0x2fcdc4	28	0x2fce34	0x2a49c0
0x2fcdc4	29	0x2fce38	0x2a4a80
0x2fcdc4	30	0x2fce3c	0x2a35a0
0x2fcdc4	31	0x2fce40	0x2a35b0
0x2fcdc4	32	0x2fce44	0x1b7790
0x2fcdc4	33	0x2fce48	0x1b7790
0x2fcdc4	34	0x2fce4c	0x2a4790
0x2fce54	0	0x2fce54	0x2a5500
0x2fce54	1	0x2fce58	0x2a3050
0x2fce54	2	0x2fce5c	0x2a55b0
0x2fce54	3	0x2fce60	0x2a3160
0x2fce54	4	0x2fce64	0x1c0150
0x2fce54	5	0x2fce68	0x1c0150
0x2fce54	6	0x2fce6c	0x25480
0x2fce54	7	0x2fce70	0x2a3290
0x2fce54	8	0x2fce74	0x2a3280
0x2fce54	9	0x2fce78	0x2a32e0
0x2fce54	10	0x2fce7c	0x2a3310
0x2fce54	11	0x2fce80	0x2a32a0
0x2fce54	12	0x2fce84	0x2a32b0
0x2fce54	13	0x2fce88	0x108180
0x2fce54	14	0x2fce8c	0x2a34a0
0x2fce54	15	0x2fce90	0x2a34d0
0x2fce54	16	0x2fce94	0x19ed70
0x2fce54	17	0x2fce98	0x2a34f0
0x2fce54	18	0x2fce9c	0x2a3500
0x2fce54	19	0x2fcea0	0x2a3510
0x2fce54	20	0x2fcea4	0x2a3520
0x2fce54	21	0x2fcea8	0x2a3530
0x2fce54	22	0x2fceac	0x132020
0x2fce54	23	0x2fceb0	0x2a3540
0x2fce54	24	0x2fceb4	0x2a3550
0x2fce54	25	0x2fceb8	0x2a3560
0x2fce54	26	0x2fcebc	0x2a3570
0x2fce54	27	0x2fcec0	0x2a3580
0x2fce54	28	0x2fcec4	0x2a5880
0x2fce54	29	0x2fcec8	0x2a3590
0x2fce54	30	0x2fcecc	0x2a35a0
0x2fce54	31	0x2fced0	0x2a35b0
0x2fce54	32	0x2fced4	0x2a35c0
0x2fce54	33	0x2fced8	0x2a35e0
0x2fcee4	0	0x2fcee4	0x2a59b0
0x2fcee4	1	0x2fcee8	0x2a3050
0x2fcee4	2	0x2fceec	0x2a5ac0
0x2fcee4	3	0x2fcef0	0x2a3160
0x2fcee4	4	0x2fcef4	0x1c0150
0x2fcee4	5	0x2fcef8	0x1c0150
0x2fcee4	6	0x2fcefc	0x2a6090
0x2fcee4	7	0x2fcf00	0x2a3290
0x2fcee4	8	0x2fcf04	0x2a3280
0x2fcee4	9	0x2fcf08	0x2a32e0
0x2fcee4	10	0x2fcf0c	0x2a3310
0x2fcee4	11	0x2fcf10	0x2a32a0
0x2fcee4	12	0x2fcf14	0x2a32b0
0x2fcee4	13	0x2fcf18	0x108180
0x2fcee4	14	0x2fcf1c	0x2a34a0
0x2fcee4	15	0x2fcf20	0x2a34d0
0x2fcee4	16	0x2fcf24	0x2a5f10
0x2fcee4	17	0x2fcf28	0x2a60a0
0x2fcee4	18	0x2fcf2c	0x2a3500
0x2fcee4	19	0x2fcf30	0x2a3510
0x2fcee4	20	0x2fcf34	0x2a3520
0x2fcee4	21	0x2fcf38	0x2a3530
0x2fcee4	22	0x2fcf3c	0x2a5f60
0x2fcee4	23	0x2fcf40	0x2a3540
0x2fcee4	24	0x2fcf44	0x2a60e0
0x2fcee4	25	0x2fcf48	0x2a3560
0x2fcee4	26	0x2fcf4c	0x2a3570
0x2fcee4	27	0x2fcf50	0x2a5cc0
0x2fcee4	28	0x2fcf54	0x2a5e10
0x2fcee4	29	0x2fcf58	0x2a3590
0x2fcee4	30	0x2fcf5c	0x2a35a0
0x2fcee4	31	0x2fcf60	0x2a35b0
0x2fcee4	32	0x2fcf64	0x2a35c0
0x2fcee4	33	0x2fcf68	0x2a35e0
0x2fcee4	34	0x2fcf6c	0x19ed70
0x2fcf74	0	0x2fcf74	0x2a61f0
0x2fcf74	1	0x2fcf78	0x2a3050
0x2fcf74	2	0x2fcf7c	0x2a6360
0x2fcf74	3	0x2fcf80	0x2a3160
0x2fcf74	4	0x2fcf84	0x1c0150
0x2fcf74	5	0x2fcf88	0x2a2950
0x2fcf74	6	0x2fcf8c	0x25480
0x2fcf74	7	0x2fcf90	0x2a3290
0x2fcf74	8	0x2fcf94	0x2a3280
0x2fcf74	9	0x2fcf98	0x2a32e0
0x2fcf74	10	0x2fcf9c	0x2a3310
0x2fcf74	11	0x2fcfa0	0x2a32a0
0x2fcf74	12	0x2fcfa4	0x2a32b0
0x2fcf74	13	0x2fcfa8	0x108180
0x2fcf74	14	0x2fcfac	0x2a34a0
0x2fcf74	15	0x2fcfb0	0x2a6480
0x2fcf74	16	0x2fcfb4	0x2a64f0
0x2fcf74	17	0x2fcfb8	0x2a34f0
0x2fcf74	18	0x2fcfbc	0x2a3500
0x2fcf74	19	0x2fcfc0	0x2a3510
0x2fcf74	20	0x2fcfc4	0x2a3520
0x2fcf74	21	0x2fcfc8	0x2a3530
0x2fcf74	22	0x2fcfcc	0x2a6510
0x2fcf74	23	0x2fcfd0	0x2a3540
0x2fcf74	24	0x2fcfd4	0x2a3550
0x2fcf74	25	0x2fcfd8	0x2a3560
0x2fcf74	26	0x2fcfdc	0x2a3570
0x2fcf74	27	0x2fcfe0	0x2a2960
0x2fcf74	28	0x2fcfe4	0x2a5e10
0x2fcf74	29	0x2fcfe8	0x2a3590
0x2fcf74	30	0x2fcfec	0x2a35a0
0x2fcf74	31	0x2fcff0	0x2a35b0
0x2fcf74	32	0x2fcff4	0x2a35c0
0x2fcf74	33	0x2fcff8	0x2a35e0
0x2fcf74	34	0x2fcffc	0x2a2cc0
0x2fd004	0	0x2fd004	0x2a65f0
0x2fd004	1	0x2fd008	0x2a3050
0x2fd004	2	0x2fd00c	0x2a6840
0x2fd004	3	0x2fd010	0x2a6d20
0x2fd004	4	0x2fd014	0x1c0150
0x2fd004	5	0x2fd018	0x1c0150
0x2fd004	6	0x2fd01c	0x25480
0x2fd004	7	0x2fd020	0x2a3290
0x2fd004	8	0x2fd024	0x2a6760
0x2fd004	9	0x2fd028	0x2a32e0
0x2fd004	10	0x2fd02c	0x2a3310
0x2fd004	11	0x2fd030	0x2a32a0
0x2fd004	12	0x2fd034	0x2a32b0
0x2fd004	13	0x2fd038	0x108180
0x2fd004	14	0x2fd03c	0x2a7090
0x2fd004	15	0x2fd040	0x2a34d0
0x2fd004	16	0x2fd044	0x2a6fa0
0x2fd004	17	0x2fd048	0x2a7070
0x2fd004	18	0x2fd04c	0x2a3500
0x2fd004	19	0x2fd050	0x2a3510
0x2fd004	20	0x2fd054	0x2a3520
0x2fd004	21	0x2fd058	0x2a3530
0x2fd004	22	0x2fd05c	0x2a6e40
0x2fd004	23	0x2fd060	0x2a3540
0x2fd004	24	0x2fd064	0x2a7150
0x2fd004	25	0x2fd068	0x2a3560
0x2fd004	26	0x2fd06c	0x2a3570
0x2fd004	27	0x2fd070	0x2a6d60
0x2fd004	28	0x2fd074	0x2a6df0
0x2fd004	29	0x2fd078	0x2a6e20
0x2fd004	30	0x2fd07c	0x2a35a0
0x2fd004	31	0x2fd080	0x2a35b0
0x2fd004	32	0x2fd084	0x2a35c0
0x2fd004	33	0x2fd088	0x2a35e0
0x2fd094	0	0x2fd094	0x2a7220
0x2fd094	1	0x2fd098	0x2a3050
0x2fd094	2	0x2fd09c	0x2a72a0
0x2fd094	3	0x2fd0a0	0x2a3160
0x2fd094	4	0x2fd0a4	0x1c0150
0x2fd094	5	0x2fd0a8	0x1c0150
0x2fd094	6	0x2fd0ac	0x25480
0x2fd094	7	0x2fd0b0	0x2a3290
0x2fd094	8	0x2fd0b4	0x2a3280
0x2fd094	9	0x2fd0b8	0x2a32e0
0x2fd094	10	0x2fd0bc	0x2a3310
0x2fd094	11	0x2fd0c0	0x2a32a0
0x2fd094	12	0x2fd0c4	0x2a32b0
0x2fd094	13	0x2fd0c8	0x108180
0x2fd094	14	0x2fd0cc	0x2a34a0
0x2fd094	15	0x2fd0d0	0x2a34d0
0x2fd094	16	0x2fd0d4	0x2a34e0
0x2fd094	17	0x2fd0d8	0x2a34f0
0x2fd094	18	0x2fd0dc	0x2a3500
0x2fd094	19	0x2fd0e0	0x2a3510
0x2fd094	20	0x2fd0e4	0x2a3520
0x2fd094	21	0x2fd0e8	0x2a3530
0x2fd094	22	0x2fd0ec	0x132020
0x2fd094	23	0x2fd0f0	0x2a3540
0x2fd094	24	0x2fd0f4	0x2a3550
0x2fd094	25	0x2fd0f8	0x2a3560
0x2fd094	26	0x2fd0fc	0x2a3570
0x2fd094	27	0x2fd100	0x2a3580
0x2fd094	28	0x2fd104	0x2a5e10
0x2fd094	29	0x2fd108	0x2a3590
0x2fd094	30	0x2fd10c	0x2a35a0
0x2fd094	31	0x2fd110	0x2a35b0
0x2fd094	32	0x2fd114	0x2a35c0
0x2fd094	33	0x2fd118	0x2a35e0
0x2fd094	34	0x2fd11c	0x19ed70
0x2fd124	0	0x2fd124	0x2a75e0
0x2fd124	1	0x2fd128	0x2a3050
0x2fd124	2	0x2fd12c	0x2a7650
0x2fd124	3	0x2fd130	0x2a3160
0x2fd124	4	0x2fd134	0x1c0150
0x2fd124	5	0x2fd138	0x1c0150
0x2fd124	6	0x2fd13c	0x25480
0x2fd124	7	0x2fd140	0x2a3290
0x2fd124	8	0x2fd144	0x2a3280
0x2fd124	9	0x2fd148	0x2a32e0
0x2fd124	10	0x2fd14c	0x2a3310
0x2fd124	11	0x2fd150	0x2a32a0
0x2fd124	12	0x2fd154	0x2a32b0
0x2fd124	13	0x2fd158	0x108180
0x2fd124	14	0x2fd15c	0x2a34a0
0x2fd124	15	0x2fd160	0x2a34d0
0x2fd124	16	0x2fd164	0x2a34e0
0x2fd124	17	0x2fd168	0x2a34f0
0x2fd124	18	0x2fd16c	0x2a3500
0x2fd124	19	0x2fd170	0x2a3510
0x2fd124	20	0x2fd174	0x2a3520
0x2fd124	21	0x2fd178	0x2a3530
0x2fd124	22	0x2fd17c	0x132020
0x2fd124	23	0x2fd180	0x2a3540
0x2fd124	24	0x2fd184	0x2a3550
0x2fd124	25	0x2fd188	0x2a3560
0x2fd124	26	0x2fd18c	0x2a3570
0x2fd124	27	0x2fd190	0x2a3580
0x2fd124	28	0x2fd194	0x2a5e10
0x2fd124	29	0x2fd198	0x2a3590
0x2fd124	30	0x2fd19c	0x2a35a0
0x2fd124	31	0x2fd1a0	0x2a35b0
0x2fd124	32	0x2fd1a4	0x2a35c0
0x2fd124	33	0x2fd1a8	0x2a35e0
0x2fd1b4	0	0x2fd1b4	0x2a7910
0x2fd1b4	1	0x2fd1b8	0x2a3050
0x2fd1b4	2	0x2fd1bc	0x2a79c0
0x2fd1b4	3	0x2fd1c0	0x2a3160
0x2fd1b4	4	0x2fd1c4	0x1c0150
0x2fd1b4	5	0x2fd1c8	0x1c0150
0x2fd1b4	6	0x2fd1cc	0x25480
0x2fd1b4	7	0x2fd1d0	0x2a3290
0x2fd1b4	8	0x2fd1d4	0x2a3280
0x2fd1b4	9	0x2fd1d8	0x2a32e0
0x2fd1b4	10	0x2fd1dc	0x2a3310
0x2fd1b4	11	0x2fd1e0	0x2a32a0
0x2fd1b4	12	0x2fd1e4	0x2a32b0
0x2fd1b4	13	0x2fd1e8	0x108180
0x2fd1b4	14	0x2fd1ec	0x2a34a0
0x2fd1b4	15	0x2fd1f0	0x2a34d0
0x2fd1b4	16	0x2fd1f4	0x2a34e0
0x2fd1b4	17	0x2fd1f8	0x2a34f0
0x2fd1b4	18	0x2fd1fc	0x2a3500
0x2fd1b4	19	0x2fd200	0x2a3510
0x2fd1b4	20	0x2fd204	0x2a3520
0x2fd1b4	21	0x2fd208	0x2a3530
0x2fd1b4	22	0x2fd20c	0x132020
0x2fd1b4	23	0x2fd210	0x2a3540
0x2fd1b4	24	0x2fd214	0x2a3550
0x2fd1b4	25	0x2fd218	0x2a3560
0x2fd1b4	26	0x2fd21c	0x2a3570
0x2fd1b4	27	0x2fd220	0x2a3580
0x2fd1b4	28	0x2fd224	0x2a5e10
0x2fd1b4	29	0x2fd228	0x2a3590
0x2fd1b4	30	0x2fd22c	0x2a35a0
0x2fd1b4	31	0x2fd230	0x2a35b0
0x2fd1b4	32	0x2fd234	0x2a35c0
0x2fd1b4	33	0x2fd238	0x2a35e0
0x2fd1b4	34	0x2fd23c	0x19ed70
0x2fd244	0	0x2fd244	0x2a7ce0
0x2fd244	1	0x2fd248	0x2c080d
0x2fd244	2	0x2fd24c	0x2c080d
0x2fd244	3	0x2fd250	0x2a8790
0x2fd244	4	0x2fd254	0x2c080d
0x2fd244	5	0x2fd258	0x2c080d
0x2fd260	0	0x2fd260	0x2a9630
0x2fd260	1	0x2fd264	0x2a9840
0x2fd260	2	0x2fd268	0x2a9d80
0x2fd260	3	0x2fd26c	0x2a8790
0x2fd260	4	0x2fd270	0x2a9880
0x2fd260	5	0x2fd274	0x2a99c0
0x2fd27c	0	0x2fd27c	0x2a9db0
0x2fd27c	1	0x2fd280	0x2a9ec0
0x2fd27c	2	0x2fd284	0x2a9ef0
0x2fd27c	3	0x2fd288	0x2a8790
0x2fd27c	4	0x2fd28c	0x2a9f00
0x2fd27c	5	0x2fd290	0x2aa030
0x2fd29c	0	0x2fd29c	0x2aa6a0
0x2fd29c	1	0x2fd2a0	0x2a3050
0x2fd29c	2	0x2fd2a4	0x2aa720
0x2fd29c	3	0x2fd2a8	0x2a3160
0x2fd29c	4	0x2fd2ac	0x1c0150
0x2fd29c	5	0x2fd2b0	0x1c0150
0x2fd29c	6	0x2fd2b4	0x25480
0x2fd29c	7	0x2fd2b8	0x2a3290
0x2fd29c	8	0x2fd2bc	0x2a3280
0x2fd29c	9	0x2fd2c0	0x2a32e0
0x2fd29c	10	0x2fd2c4	0x2a3310
0x2fd29c	11	0x2fd2c8	0x2a32a0
0x2fd29c	12	0x2fd2cc	0x2a32b0
0x2fd29c	13	0x2fd2d0	0x108180
0x2fd29c	14	0x2fd2d4	0x2a34a0
0x2fd29c	15	0x2fd2d8	0x2a34d0
0x2fd29c	16	0x2fd2dc	0x2a34e0
0x2fd29c	17	0x2fd2e0	0x2a34f0
0x2fd29c	18	0x2fd2e4	0x2a3500
0x2fd29c	19	0x2fd2e8	0x2a3510
0x2fd29c	20	0x2fd2ec	0x2a3520
0x2fd29c	21	0x2fd2f0	0x2a3530
0x2fd29c	22	0x2fd2f4	0x132020
0x2fd29c	23	0x2fd2f8	0x2a3540
0x2fd29c	24	0x2fd2fc	0x2a3550
0x2fd29c	25	0x2fd300	0x2a3560
0x2fd29c	26	0x2fd304	0x2a3570
0x2fd29c	27	0x2fd308	0x2a3580
0x2fd29c	28	0x2fd30c	0x2a5e10
0x2fd29c	29	0x2fd310	0x2a3590
0x2fd29c	30	0x2fd314	0x2a35a0
0x2fd29c	31	0x2fd318	0x2a35b0
0x2fd29c	32	0x2fd31c	0x2a35c0
0x2fd29c	33	0x2fd320	0x2a35e0
0x2fd350	0	0x2fd350	0x2b7750
0x2fd358	0	0x2fd358	0x2b78e0
0x2fd358	1	0x2fd35c	0x2b79b0
0x2fd358	2	0x2fd360	0x2b85d0
0x2fd358	3	0x2fd364	0x2b9b70
0x2fd358	4	0x2fd368	0x2b9ba0
0x2fd358	5	0x2fd36c	0x2bb050
0x2fd358	6	0x2fd370	0x2b7a00
0x2fd358	7	0x2fd374	0x2b7f40
0x2fd358	8	0x2fd378	0x2b9c00
0x2fd37c	0	0x2fd37c	0x2bad50
0x2fd37c	1	0x2fd380	0x2b9d00
0x2fd37c	2	0x2fd384	0x2b9e30
0x2fd37c	3	0x2fd388	0x2bb310
0x2fd37c	4	0x2fd38c	0x2bb350
0x2fd37c	5	0x2fd390	0x2bb050
0x2fd394	0	0x2fd394	0x2ba930
0x2fd394	1	0x2fd398	0x2ba750
0x2fd394	2	0x2fd39c	0x4f210
0x2fd394	3	0x2fd3a0	0x2ba940
0x2fd394	4	0x2fd3a4	0x2baac0
0x2fd394	5	0x2fd3a8	0x2ba950
0x2fd394	6	0x2fd3ac	0x2baba0
0x2fd3b0	0	0x2fd3b0	0x2ba650
0x2fd3b0	1	0x2fd3b4	0x2ba550
0x2fd3b0	2	0x2fd3b8	0x2ba660
0x2fd3b0	3	0x2fd3bc	0x2ba670
0x2fd3b0	4	0x2fd3c0	0x2ba6d0
0x2fd3b0	5	0x2fd3c4	0x2ba680
0x2fd3b0	6	0x2fd3c8	0x2ba690
0x2fd3cc	0	0x2fd3cc	0x2bb360
0x2fd3d4	0	0x2fd3d4	0x2bb5b0
0x2fd3d4	1	0x2fd3d8	0x2bbdb0
0x2fd3d4	2	0x2fd3dc	0x2bc160
0x2fd3d4	3	0x2fd3e0	0x2bb310
0x2fd3d4	4	0x2fd3e4	0x2bb350
0x2fd3d4	5	0x2fd3e8	0x2bc490
0x2fd3ec	0	0x2fd3ec	0x2bce60
0x2fd3ec	1	0x2fd3f0	0x2bd3f0
0x2fd3ec	2	0x2fd3f4	0x2bd6a0
0x2fd3ec	3	0x2fd3f8	0x2bb310
0x2fd3ec	4	0x2fd3fc	0x2bb350
0x2fd3ec	5	0x2fd400	0x2bd810
0x2fd404	0	0x2fd404	0x2bddc0
0x2fd404	1	0x2fd408	0x2be3d0
0x2fd404	2	0x2fd40c	0x2be7c0
0x2fd404	3	0x2fd410	0x2bb310
0x2fd404	4	0x2fd414	0x2bb350
0x2fd404	5	0x2fd418	0x2beb70
0x2fd41c	0	0x2fd41c	0x2bad50
0x2fd41c	1	0x2fd420	0x2befd0
0x2fd41c	2	0x2fd424	0x2bf250
0x2fd41c	3	0x2fd428	0x2bb310
0x2fd41c	4	0x2fd42c	0x2bb350
0x2fd41c	5	0x2fd430	0x2bb050
0x2fd438	0	0x2fd438	0x2bfaf4
0x2fd438	1	0x2fd43c	0x2bf9ba
0x2fd438	2	0x2fd440	0x2bfad7
0x2fd458	0	0x2fd458	0x2bfa21
0x2fd458	1	0x2fd45c	0x2bf9ba
0x2fd458	2	0x2fd460	0x2bf9c7
0x2fd46c	0	0x2fd46c	0x2bfbdc
0x2fd46c	1	0x2fd470	0x2bf9ba
0x2fd46c	2	0x2fd474	0x2bfbbf
0x2fd4d8	0	0x2fd4d8	0x2c0e0a
0x2fd578	0	0x2fd578	0x2c2c79
0x2fd578	1	0x2fd57c	0x2c2d32
0x2fe03c	0	0x2fe03c	0x2ce9a0
0x2fe03c	1	0x2fe040	0x2ce8d0
0x2fe03c	2	0x2fe044	0x2cdeb0
0x2fe03c	3	0x2fe048	0x2ce040
0x2fe03c	4	0x2fe04c	0x142e50
0x2fe03c	5	0x2fe050	0x142e90
0x2fe03c	6	0x2fe054	0x2ce190
0x2fe03c	7	0x2fe058	0x2ce1a0
0x2fe03c	8	0x2fe05c	0x2ce1b0
0x2fe03c	9	0x2fe060	0x2ce890
0x2fe03c	10	0x2fe064	0x25890
0x2fe03c	11	0x2fe068	0x2ce990
0x33da18	0	0x33da18	0x1cc160
0x33dc38	0	0x33dc38	0x1cc160
0x33de58	0	0x33de58	0x1cc160
