# Candidate sibling-source correspondence; pending rows are not adopted code.
id	wave	source_commit	source_blob	source_path	source_symbol	hobbit_symbol	rva	module	relation	decision	reason	retail_evidence	landed_commit
area51-54076dead43d80bc	1	tree-sha256:3aa5a3525f477905b82d93500e5eb6bdd8e259376d5e09b4c06268b54f73df26	sha256:b96fa99d5644b4b2598cae5474dfed3894c2c90b39afce7b1c61a618957baadf	Apps/Art2Code/main.cpp	*			(application)	analogue-only	pending			
area51-c2e74d10be19f15e	1	tree-sha256:3aa5a3525f477905b82d93500e5eb6bdd8e259376d5e09b4c06268b54f73df26	sha256:dec6db2c92753b73fc9f914899fc798abda685f6b30e3e0aca07d5a3f8a95307	Apps/ArtistViewer/Main.cpp	*			(application)	analogue-only	pending			
area51-66af297e6a7773b3	1	tree-sha256:3aa5a3525f477905b82d93500e5eb6bdd8e259376d5e09b4c06268b54f73df26	sha256:b38267bad022e8dc0117c66521f3a3bc7277856cfffd78ba5ec2943afea2e0ff	Apps/ArtistViewer/Main.hpp	*			(application)	analogue-only	pending			
area51-d97310c16da60a4d	1	tree-sha256:3aa5a3525f477905b82d93500e5eb6bdd8e259376d5e09b4c06268b54f73df26	sha256:abe415ea343bde27c34fc8f02ebf2df5b87b454ca97972da67a95fe3773f217b	Apps/ArtistViewer/Util.cpp	*			LIBCMT	analogue-only	pending			
area51-2d60fc976c353b54	1	tree-sha256:3aa5a3525f477905b82d93500e5eb6bdd8e259376d5e09b4c06268b54f73df26	sha256:926b1f1065c286ad9bb973a9a11446ff2e33e53ee797b1ec681f93d25d57a0f5	Apps/ArtistViewer/Util.hpp	*			LIBCMT	analogue-only	pending			
area51-b57e5c3e1ad0e83c	1	tree-sha256:3aa5a3525f477905b82d93500e5eb6bdd8e259376d5e09b4c06268b54f73df26	sha256:b8d99d8b15be15308125f9953261bf87f2d336e8991c169274aa5335744e4ae6	Apps/AudioEditor/resource.h	*			d3d8ltcg	analogue-only	pending			
area51-1adc42989a27f3f9	1	tree-sha256:3aa5a3525f477905b82d93500e5eb6bdd8e259376d5e09b4c06268b54f73df26	sha256:068125bb44284f275a1995c81fc794ef3e7bf385db5a997d653445ea69aec774	Apps/BitmapEditor/resource.h	*			d3d8ltcg	analogue-only	pending			
area51-6f3d77f7aebab283	1	tree-sha256:3aa5a3525f477905b82d93500e5eb6bdd8e259376d5e09b4c06268b54f73df26	sha256:a8d6c94ea24d2f3153f435457a89e3a071aa3d4220db9bd2316d31ef6ee93f53	Apps/EDRscDesc/resource.h	*			d3d8ltcg	analogue-only	pending			
area51-e9669eddaf3dd679	1	tree-sha256:3aa5a3525f477905b82d93500e5eb6bdd8e259376d5e09b4c06268b54f73df26	sha256:770c679c0657a451284f7572fb3f59dd5f09277f6a36fadfc18d86faf19f5c54	Apps/Editor/Version.cpp	*			(application)	analogue-only	pending			
area51-435956ec8c12f5f6	1	tree-sha256:3aa5a3525f477905b82d93500e5eb6bdd8e259376d5e09b4c06268b54f73df26	sha256:eb85b1add1ffcee273d974f8a534a5a1be5501d6c1f5937acf82a08935c10584	Apps/Editor/resource.h	*			d3d8ltcg	analogue-only	pending			
area51-14c08136e20096c8	1	tree-sha256:3aa5a3525f477905b82d93500e5eb6bdd8e259376d5e09b4c06268b54f73df26	sha256:cabdacc0ba7d9109cf1c2651ece93f341fa431815939f99afb3d04b86fd6b991	Apps/EffectsEditor/resource.h	*			d3d8ltcg	analogue-only	pending			
area51-e808f33ebe82741a	1	tree-sha256:3aa5a3525f477905b82d93500e5eb6bdd8e259376d5e09b4c06268b54f73df26	sha256:8e3ca5118d7503f7091e584508e14f9c0eca9c7f6eb8775f5366847abb5e0908	Apps/EventEditor/resource.h	*			d3d8ltcg	analogue-only	pending			
area51-bed59353b12173c0	1	tree-sha256:3aa5a3525f477905b82d93500e5eb6bdd8e259376d5e09b4c06268b54f73df26	sha256:fcfd6732a6c1c77f0a88d9bbf2d2f270c68a054c146b504f43bee3c9218e5780	Apps/FxEditor/resource.h	*			d3d8ltcg	analogue-only	pending			
area51-9b0635e984a13310	1	tree-sha256:3aa5a3525f477905b82d93500e5eb6bdd8e259376d5e09b4c06268b54f73df26	sha256:770c679c0657a451284f7572fb3f59dd5f09277f6a36fadfc18d86faf19f5c54	Apps/GameApp/Version.cpp	*			(application)	analogue-only	pending			
area51-7f605bfc8379a7ee	1	tree-sha256:3aa5a3525f477905b82d93500e5eb6bdd8e259376d5e09b4c06268b54f73df26	sha256:0f08937be56616dcf54b6fd470cbd3b7d41ebc7a088d80084d885b44fe859538	Apps/GameApp/main.cpp	*			(application)	analogue-only	pending			
area51-d4e282258280dc9f	1	tree-sha256:3aa5a3525f477905b82d93500e5eb6bdd8e259376d5e09b4c06268b54f73df26	sha256:0e16f773284db586991037d3855e0f44ce3974948847618df41d369b1fedcf41	Apps/GameApp/main.hpp	*			(application)	analogue-only	pending			
area51-98bd7e7e292f49b7	1	tree-sha256:3aa5a3525f477905b82d93500e5eb6bdd8e259376d5e09b4c06268b54f73df26	sha256:fcfd6732a6c1c77f0a88d9bbf2d2f270c68a054c146b504f43bee3c9218e5780	Apps/LocoEditor/resource.h	*			d3d8ltcg	analogue-only	pending			
area51-8c827529505fb786	1	tree-sha256:3aa5a3525f477905b82d93500e5eb6bdd8e259376d5e09b4c06268b54f73df26	sha256:f140b16683739c7a0034d9dff77bd2b3c0be5c873e8f2f826082db47aa66c775	Apps/MeshViewer/resource.h	*			d3d8ltcg	analogue-only	pending			
area51-15acf89abea39bcf	1	tree-sha256:3aa5a3525f477905b82d93500e5eb6bdd8e259376d5e09b4c06268b54f73df26	sha256:4d3a78b9603a919b88531096979e82b27d8e581acf92edcbde5b16541265e3c1	Apps/SoundPackager/libmp3lame/bitstream.c	*			Parsing	analogue-only	pending			
area51-3533874e181a9b9f	1	tree-sha256:3aa5a3525f477905b82d93500e5eb6bdd8e259376d5e09b4c06268b54f73df26	sha256:f27a8b8a157514ae0e1c81b85732217ed01189dbc3b24b9a780c390a24785ae6	Apps/SoundPackager/libmp3lame/bitstream.h	*			Parsing	analogue-only	pending			
area51-728287053497c6f6	1	tree-sha256:3aa5a3525f477905b82d93500e5eb6bdd8e259376d5e09b4c06268b54f73df26	sha256:0215bb3989594796bdc64db0b1f930e1b715b4459139246f8dc9e60832c30de5	Apps/SoundPackager/libmp3lame/fft.c	*			binkxbox	analogue-only	pending			
area51-9da139147741df9f	1	tree-sha256:3aa5a3525f477905b82d93500e5eb6bdd8e259376d5e09b4c06268b54f73df26	sha256:5ad604249ea01e87afefd1f5f0b82f1b2f850e678d94a35f373acdd23c63d114	Apps/SoundPackager/libmp3lame/fft.h	*			binkxbox	analogue-only	pending			
area51-bbdae4eb652c139d	1	tree-sha256:3aa5a3525f477905b82d93500e5eb6bdd8e259376d5e09b4c06268b54f73df26	sha256:9d36c2eab96413cf65db315479a590409c41a9333e56c00730052ab578f10a34	Apps/SoundPackager/libmp3lame/util.c	*			LIBCMT	analogue-only	pending			
area51-30b67a85f042ad4f	1	tree-sha256:3aa5a3525f477905b82d93500e5eb6bdd8e259376d5e09b4c06268b54f73df26	sha256:e4235c61d0b2ce079be6d3aa9164c1af4f82a6dfe4c5c315bef78690db28f8fd	Apps/SoundPackager/libmp3lame/util.h	*			LIBCMT	analogue-only	pending			
area51-8911e0b3807c691c	1	tree-sha256:3aa5a3525f477905b82d93500e5eb6bdd8e259376d5e09b4c06268b54f73df26	sha256:7a8d19a4f45bd4dbd9f8d23d6068bbfef015cb4dad1dc6fe6626ada493813224	Apps/SoundPackager/libmp3lame/version.c	*			(application)	analogue-only	pending			
area51-8943c3785a3730e0	1	tree-sha256:3aa5a3525f477905b82d93500e5eb6bdd8e259376d5e09b4c06268b54f73df26	sha256:f744bbd12e1b6f935e9dd4a997792478c1764fe42cd6582b019a2c86b27980cb	Apps/SoundPackager/libmp3lame/version.h	*			(application)	analogue-only	pending			
area51-b33a7c74641b0f1e	1	tree-sha256:3aa5a3525f477905b82d93500e5eb6bdd8e259376d5e09b4c06268b54f73df26	sha256:0f723381a17c8bca304d6943cec359d9cfd0ba1464510c6cda17f9e688f012ff	Apps/SoundPackager/mpglib/common.c	*			LIBCMT	analogue-only	pending			
area51-e31b31855cdffa57	1	tree-sha256:3aa5a3525f477905b82d93500e5eb6bdd8e259376d5e09b4c06268b54f73df26	sha256:758b6a4214b7f387093329ba220677e579e2278310d769b1930e59571e78eb8d	Apps/SoundPackager/mpglib/common.h	*			LIBCMT	analogue-only	pending			
area51-fb7f2352d30c8ab5	1	tree-sha256:3aa5a3525f477905b82d93500e5eb6bdd8e259376d5e09b4c06268b54f73df26	sha256:b3b3afe953038192e449bd10c881ddaa79e396d7c5451189ee5fd8648da63152	Apps/Viewer/main.cpp	*			(application)	analogue-only	pending			
area51-1404247073a1d871	1	tree-sha256:3aa5a3525f477905b82d93500e5eb6bdd8e259376d5e09b4c06268b54f73df26	sha256:4bb248ef2e61a213d584768b8b09e92e9ddc3b4e75d5a0ce7278de342306e94b	Apps/WinControls/resource.h	*			d3d8ltcg	analogue-only	pending			
area51-4e63ecc3a4c79eee	1	tree-sha256:3aa5a3525f477905b82d93500e5eb6bdd8e259376d5e09b4c06268b54f73df26	sha256:5bb4b9889bf4345ef7888e876a33bb7856214e068bc7b62eff65f3a4f323eb9f	Apps/WorldEditor/resource.h	*			d3d8ltcg	analogue-only	pending			
area51-3785b2651c56aca6	1	tree-sha256:3aa5a3525f477905b82d93500e5eb6bdd8e259376d5e09b4c06268b54f73df26	sha256:ac83ce92e9196da7b37d2a9cfde737c8adfc9dc7b9e09f78c24c1c41d3e12e79	Apps/xCL/md5.cpp	*			(application)	analogue-only	pending			
area51-3a71e17788badfe1	1	tree-sha256:3aa5a3525f477905b82d93500e5eb6bdd8e259376d5e09b4c06268b54f73df26	sha256:302dbda6190cade9d12b06ffd740226becd518d60ba229f98778c5ab6817a583	Apps/xCL/md5.h	*			(application)	analogue-only	pending			
area51-85dcffbf1b843635	1	tree-sha256:3aa5a3525f477905b82d93500e5eb6bdd8e259376d5e09b4c06268b54f73df26	sha256:cf61098368252a1e4babc0bc306366747da1a8777a51eb4844167be2a4c03a7f	Apps/xTool/Pool.h	*			GameLib,xapilib	analogue-only	pending			
area51-1d7d2bb6f1af0274	1	tree-sha256:3aa5a3525f477905b82d93500e5eb6bdd8e259376d5e09b4c06268b54f73df26	sha256:cf4d7a5f9c4880645af2e80de1a745c5ade2abb0942bba54c6e4f04b8a469660	Apps/xTool/resource.h	*			d3d8ltcg	analogue-only	pending			
area51-6a3701015b242007	1	tree-sha256:3aa5a3525f477905b82d93500e5eb6bdd8e259376d5e09b4c06268b54f73df26	sha256:57486285546bb8d0a1335f8b6def2f3c5eefd8a1a314f9566741de982d6fce78	Apps/xbmpViewer/resource.h	*			d3d8ltcg	analogue-only	pending			
area51-5ac2c2944b9a41ba	1	tree-sha256:3aa5a3525f477905b82d93500e5eb6bdd8e259376d5e09b4c06268b54f73df26	sha256:b3584ea0b0e07e872e459eaa6178e0288f67b9f1577ebf35a22a2c1d1c22bd55	Scratch/AT/IsoMorph/main.cpp	*			(application)	analogue-only	pending			
area51-aca8fba69a6b52b3	1	tree-sha256:3aa5a3525f477905b82d93500e5eb6bdd8e259376d5e09b4c06268b54f73df26	sha256:ac83ce92e9196da7b37d2a9cfde737c8adfc9dc7b9e09f78c24c1c41d3e12e79	Scratch/AT/IsoMorph/md5.cpp	*			(application)	analogue-only	pending			
area51-7064ef2d72db3085	1	tree-sha256:3aa5a3525f477905b82d93500e5eb6bdd8e259376d5e09b4c06268b54f73df26	sha256:302dbda6190cade9d12b06ffd740226becd518d60ba229f98778c5ab6817a583	Scratch/AT/IsoMorph/md5.h	*			(application)	analogue-only	pending			
area51-65dd9ccbc3c51eee	1	tree-sha256:3aa5a3525f477905b82d93500e5eb6bdd8e259376d5e09b4c06268b54f73df26	sha256:edc105a5233c88cd72d680be5a1676f1535389024f6bef41dacf99bd9a3acaed	Scratch/AT/Server0/main.cpp	*			(application)	analogue-only	pending			
area51-5251b5f9684a7def	1	tree-sha256:3aa5a3525f477905b82d93500e5eb6bdd8e259376d5e09b4c06268b54f73df26	sha256:0f4680d40d6e3fd37a358da1adb0b077cdd26bfc658dc8e887cf6de84b1418dc	Scratch/BW/AudioTest/main.cpp	*			(application)	analogue-only	pending			
area51-d7af25ebb501b754	1	tree-sha256:3aa5a3525f477905b82d93500e5eb6bdd8e259376d5e09b4c06268b54f73df26	sha256:60db7e998b9c82064bec4790177ed16bed0b5d3ee2ea9ad10e9a2045f3b13195	Scratch/BW/VirtualKeyboard/main.cpp	*			(application)	analogue-only	pending			
area51-fda76c2b38ed56c6	1	tree-sha256:3aa5a3525f477905b82d93500e5eb6bdd8e259376d5e09b4c06268b54f73df26	sha256:8425004e5b3bf3728d799ae1543551027b0a067e534c50ad8c32bcb35335ab8d	Scratch/CJ/Draw01/Main.cpp	*			(application)	analogue-only	pending			
area51-f184abf595bbed7d	1	tree-sha256:3aa5a3525f477905b82d93500e5eb6bdd8e259376d5e09b4c06268b54f73df26	sha256:c37b71f30899112337a5ac752b414ed6370f77fc02ded6f5a136eab0244b8265	Scratch/CJ/HAIS/resource.h	*			d3d8ltcg	analogue-only	pending			
area51-9e7bf8ad7e6d1554	1	tree-sha256:3aa5a3525f477905b82d93500e5eb6bdd8e259376d5e09b4c06268b54f73df26	sha256:fc63ffbfb578354dab79361e2b7d4fbfbdc69bbac0197161a8951c6dc8c72a33	Scratch/CJ/MakeDep/md5.cpp	*			(application)	analogue-only	pending			
area51-ca2d37b1dacdb07c	1	tree-sha256:3aa5a3525f477905b82d93500e5eb6bdd8e259376d5e09b4c06268b54f73df26	sha256:d1ccf22f239c718505495ccc9f739741092adcbd24035d50eda86a9d58b7dc91	Scratch/CJ/MakeDep/md5.h	*			(application)	analogue-only	pending			
area51-02777a46518ff73a	1	tree-sha256:3aa5a3525f477905b82d93500e5eb6bdd8e259376d5e09b4c06268b54f73df26	sha256:edb4b034d19082b841118bce5b377067a51d056edc047223642a75dbca144a12	Scratch/CJ/QtTest/main.cpp	*			(application)	analogue-only	pending			
area51-2153a10763ac4724	1	tree-sha256:3aa5a3525f477905b82d93500e5eb6bdd8e259376d5e09b4c06268b54f73df26	sha256:ac3afeb1e20bb6762c23be7c4516e7c0a59f6315fcc49d1a7da034005ff47336	Scratch/CS/ObjectTest/Main.cpp	*			(application)	analogue-only	pending			
area51-9d63b948f8fcba9a	1	tree-sha256:3aa5a3525f477905b82d93500e5eb6bdd8e259376d5e09b4c06268b54f73df26	sha256:04c814170e0ef63e6d432e5478a64b5b1fe1606a130cfde770e53dcbe912ee60	Scratch/CS/ObjectTest/header.cpp	*			xgraphicsltcg	analogue-only	pending			
area51-4068aa8a5fc0239f	1	tree-sha256:3aa5a3525f477905b82d93500e5eb6bdd8e259376d5e09b4c06268b54f73df26	sha256:31d0fc691e08f717c082035582a42635d6868d5bfc9b8677ca77f93e1384e172	Scratch/CS/ObjectTest/header.hpp	*			xgraphicsltcg	analogue-only	pending			
area51-7c6bf4c17e04e687	1	tree-sha256:3aa5a3525f477905b82d93500e5eb6bdd8e259376d5e09b4c06268b54f73df26	sha256:f05067933705941405478c966041604d3c4d9066131ca10d1633ec991c38e5b3	Scratch/CS/ObjectTest/object.cpp	*			(application)	analogue-only	pending			
area51-cdec35e4c58e5ec8	1	tree-sha256:3aa5a3525f477905b82d93500e5eb6bdd8e259376d5e09b4c06268b54f73df26	sha256:57212e83e0f32a5601caf0651b49b6c60747bc536331c466b2af0834f2a3f82c	Scratch/CS/ObjectTest/object.hpp	*			(application)	analogue-only	pending			
area51-909168bef3415f40	1	tree-sha256:3aa5a3525f477905b82d93500e5eb6bdd8e259376d5e09b4c06268b54f73df26	sha256:ff7a63e97cb8e7c070d1511393670738df6676a346eb76d9ff0db90c1ea39f4f	Scratch/DS/PerspShadowMaps/main.cpp	*			(application)	analogue-only	pending			
area51-6246cb8b348d6e20	1	tree-sha256:3aa5a3525f477905b82d93500e5eb6bdd8e259376d5e09b4c06268b54f73df26	sha256:b30d81952e9460fa1a4efdaf63cd6ac878abf427abad63a995a1dc6079b0dda8	Scratch/DS/SortTests/Main.cpp	*			(application)	analogue-only	pending			
area51-a9df4be2ef682b7a	1	tree-sha256:3aa5a3525f477905b82d93500e5eb6bdd8e259376d5e09b4c06268b54f73df26	sha256:cf4f58ca72e424e5e2afc2f52e7240f45ac929541cb571b3fc778ce2e201a6cb	Scratch/JM/CurveCalc/main.cpp	*			(application)	analogue-only	pending			
area51-8f5453f36155b55d	1	tree-sha256:3aa5a3525f477905b82d93500e5eb6bdd8e259376d5e09b4c06268b54f73df26	sha256:9650875024db6cee6acb95a635003e669003cc8fe4b9514af125ffaef9965a49	Scratch/JP/Dot3/Main.cpp	*			(application)	analogue-only	pending			
area51-96c86fbd06fa2f81	1	tree-sha256:3aa5a3525f477905b82d93500e5eb6bdd8e259376d5e09b4c06268b54f73df26	sha256:bb9003e4f6c89e4653783c38a3a627e039fe8b70085e28bac86ca09f3374a3e6	Scratch/JP/Fog/Main.cpp	*			(application)	analogue-only	pending			
area51-7dc3ea81879e4a9d	1	tree-sha256:3aa5a3525f477905b82d93500e5eb6bdd8e259376d5e09b4c06268b54f73df26	sha256:97fffb3e9d8bc60f7e96f4d3ed07795c7f9fc738bd9e47c215d88f2404db817c	Scratch/JP/RenderSkin/Main.cpp	*			(application)	analogue-only	pending			
area51-3015cea5aea6f91a	1	tree-sha256:3aa5a3525f477905b82d93500e5eb6bdd8e259376d5e09b4c06268b54f73df26	sha256:6878089eb4d4981eebf711d074fe2be918e21226edcb21741b84ca1451f1d0b5	Scratch/JP/RenderVU1/Main.cpp	*			(application)	analogue-only	pending			
area51-10a652e16b3220d7	1	tree-sha256:3aa5a3525f477905b82d93500e5eb6bdd8e259376d5e09b4c06268b54f73df26	sha256:e6aae778c71f3dfbe24e6b0851c2177e2d371ab1b8e9ced8b7ace019687ba989	Scratch/JP/Submesh/Main.cpp	*			(application)	analogue-only	pending			
area51-aa60a01527ed50d9	1	tree-sha256:3aa5a3525f477905b82d93500e5eb6bdd8e259376d5e09b4c06268b54f73df26	sha256:e732dbb55544edef0d5d1ec91cf4a7694fc6be56f997f30fbdd5918b0b6eb54a	Scratch/SA/FontBuilder/crt0.c	*			LIBCMT	analogue-only	pending			
area51-efbe22d4fdce8851	1	tree-sha256:3aa5a3525f477905b82d93500e5eb6bdd8e259376d5e09b4c06268b54f73df26	sha256:c3f005f259ebee05d5d721c3018b161720c640dcba11e6c665533ea369ca22fd	Scratch/SA/FontManager/Main.cpp	*			(application)	analogue-only	pending			
area51-e273de45e85a3002	1	tree-sha256:3aa5a3525f477905b82d93500e5eb6bdd8e259376d5e09b4c06268b54f73df26	sha256:867eb955097ec9516a66b7244008ce2e733f9b5dd86a1bb76fce54472b98b635	Scratch/SA/MakeSystem/main.cpp	*			(application)	analogue-only	pending			
area51-eb66313a8f370d35	1	tree-sha256:3aa5a3525f477905b82d93500e5eb6bdd8e259376d5e09b4c06268b54f73df26	sha256:aacd6ec2d560663cc791f4f1c4131ffaaa2ca2a7594133a07e6de2cd5057c42e	Scratch/SA/Reverb/Main.cpp	*			(application)	analogue-only	pending			
area51-acac1a01519d6b4e	1	tree-sha256:3aa5a3525f477905b82d93500e5eb6bdd8e259376d5e09b4c06268b54f73df26	sha256:d2aaeb7777be4941e4b5f094648c0717af989e9cb4e0e2baea7b18fae949ceb1	Scratch/SA/SoundPkg/main.cpp	*			(application)	analogue-only	pending			
area51-2041dd862c5f30aa	1	tree-sha256:3aa5a3525f477905b82d93500e5eb6bdd8e259376d5e09b4c06268b54f73df26	sha256:fd11bb57c4be4b2cfa42cd109623655727b79bc9aa6eb3b14720deaff32fe4b4	Scratch/SA/SoundPkg/main.hpp	*			(application)	analogue-only	pending			
area51-9d31144dde3824b6	1	tree-sha256:3aa5a3525f477905b82d93500e5eb6bdd8e259376d5e09b4c06268b54f73df26	sha256:f58209f91254c86b53aa470019d066957d43a62923443b9d7e95fa53ec811ed6	Scratch/SA/xbmpTool/crt0.c	*			LIBCMT	analogue-only	pending			
area51-e35a14a9681e45d5	1	tree-sha256:3aa5a3525f477905b82d93500e5eb6bdd8e259376d5e09b4c06268b54f73df26	sha256:ed712953dd930bf190972c0aaa0f4e0200c036090251e222e59e4dc6682f36de	Scratch/SB/Input/main.cpp	*			(application)	analogue-only	pending			
area51-5c23689fa4ae6b34	1	tree-sha256:3aa5a3525f477905b82d93500e5eb6bdd8e259376d5e09b4c06268b54f73df26	sha256:db832f8d4de8f38387c19efa3b5c7ee53bb0053ec9f929dadbd97f3d0f7ad007	Scratch/SB/Lighting/main.cpp	*			(application)	analogue-only	pending			
area51-ba3a6d4ea6bc123b	1	tree-sha256:3aa5a3525f477905b82d93500e5eb6bdd8e259376d5e09b4c06268b54f73df26	sha256:0e21f686dfc83a95c235c841f8a0e538aa336616ea2b8b25f31b87546475e7cf	Scratch/SB/Loco01/main.cpp	*			(application)	analogue-only	pending			
area51-4556d980e2db74ab	1	tree-sha256:3aa5a3525f477905b82d93500e5eb6bdd8e259376d5e09b4c06268b54f73df26	sha256:82db0dd486b8ce605183795687572bbce3d64feb17ff0178f2a4035064fba0ec	Scratch/SB/Loco02/main.cpp	*			(application)	analogue-only	pending			
area51-078a48565c67d0e7	1	tree-sha256:3aa5a3525f477905b82d93500e5eb6bdd8e259376d5e09b4c06268b54f73df26	sha256:3916c6dd154c428db9f3a2f43b79804b303998e6d8a7c4e2d898f6d9a54cd661	Scratch/SB/ODE_Test/Main.cpp	*			(application)	analogue-only	pending			
area51-13911312f6845c94	1	tree-sha256:3aa5a3525f477905b82d93500e5eb6bdd8e259376d5e09b4c06268b54f73df26	sha256:49730345240cbf0de65785c20fdc0f69a54070dc8084e1125532596c59428980	Scratch/SB/Ragdoll/Main.cpp	*			(application)	analogue-only	pending			
area51-a33724d024cf0f88	1	tree-sha256:3aa5a3525f477905b82d93500e5eb6bdd8e259376d5e09b4c06268b54f73df26	sha256:b96fa99d5644b4b2598cae5474dfed3894c2c90b39afce7b1c61a618957baadf	Scratch/TA/Art2Code/main.cpp	*			(application)	analogue-only	pending			
area51-cb5c0164f6141d1f	1	tree-sha256:3aa5a3525f477905b82d93500e5eb6bdd8e259376d5e09b4c06268b54f73df26	sha256:01ed923650ea660a4277a10702c00f6de5555915b167c49f57f173f40845fe35	Scratch/TA/Demo01/CollisionMgr.cpp	*			GameLib	analogue-only	pending			
area51-aaad89bb7d8de7e7	1	tree-sha256:3aa5a3525f477905b82d93500e5eb6bdd8e259376d5e09b4c06268b54f73df26	sha256:d24ce72c58d39120d43445e83381b46041299f15eb547297786fee19fe5a4549	Scratch/TA/Demo01/CollisionMgr.hpp	*			GameLib	analogue-only	pending			
area51-d0a5ee806f13099a	1	tree-sha256:3aa5a3525f477905b82d93500e5eb6bdd8e259376d5e09b4c06268b54f73df26	sha256:197759dc4e7338fbba8b3fd3595523549ea6feab10181510c1005587a376bac1	Scratch/TA/Demo01/CollisionPrimatives.cpp	*			GameLib	analogue-only	pending			
area51-a4434565d86f71ff	1	tree-sha256:3aa5a3525f477905b82d93500e5eb6bdd8e259376d5e09b4c06268b54f73df26	sha256:6de8ff93386da7b3838dad65f97326d7163d59a234daaa71a6df3aebadaff49e	Scratch/TA/Demo01/CollisionPrimatives.hpp	*			GameLib	analogue-only	pending			
area51-adf3da9bfa71cb12	1	tree-sha256:3aa5a3525f477905b82d93500e5eb6bdd8e259376d5e09b4c06268b54f73df26	sha256:848c2fb709ae837d0a2dcde1a5c4edf0a1f9465cdcb89328a22540dac6c32441	Scratch/TA/Demo01/SpatialDBase.cpp	*			GameLib	analogue-only	pending			
area51-11c41ea045f2593d	1	tree-sha256:3aa5a3525f477905b82d93500e5eb6bdd8e259376d5e09b4c06268b54f73df26	sha256:12260b2efb951e28821b6daf0da773a5c64a53954f9e516205ef140cf41cd2ba	Scratch/TA/Demo01/SpatialDBase.hpp	*			GameLib	analogue-only	pending			
area51-d18e4d16432cbac1	1	tree-sha256:3aa5a3525f477905b82d93500e5eb6bdd8e259376d5e09b4c06268b54f73df26	sha256:977340a5f4ae4257eacbd383b1681160d4a69444b8379d444e0f276fae31e390	Scratch/TA/Demo01/main.cpp	*			(application)	analogue-only	pending			
area51-fe41ec81cd1907e7	1	tree-sha256:3aa5a3525f477905b82d93500e5eb6bdd8e259376d5e09b4c06268b54f73df26	sha256:7441aec4fd3896d4157c72741a3f9c9ff86bc7eb23ade39880c5c638870f1c09	Scratch/TA/Demo02/main.cpp	*			(application)	analogue-only	pending			
area51-46174bd58a2e1547	1	tree-sha256:3aa5a3525f477905b82d93500e5eb6bdd8e259376d5e09b4c06268b54f73df26	sha256:3fc930c13089c81da5c0e9189dabc9f760a8116e6f20e02ffe1045e066416d4d	Scratch/TA/Editor01/main.cpp	*			(application)	analogue-only	pending			
area51-2a834602a0cf39bd	1	tree-sha256:3aa5a3525f477905b82d93500e5eb6bdd8e259376d5e09b4c06268b54f73df26	sha256:502e74b64f3849faaf0e91d25fec3201c195133684f57265a655aebca2f64bc9	Scratch/TA/Editor01/resource.h	*			d3d8ltcg	analogue-only	pending			
area51-34a1020c56d060be	1	tree-sha256:3aa5a3525f477905b82d93500e5eb6bdd8e259376d5e09b4c06268b54f73df26	sha256:a432697a98c18933484b0ae30999db96173a1cc29331e05995139f68249baa8e	Scratch/TA/GeomCompiler/geom.cpp	*			GameLib	analogue-only	pending			
area51-36c9997c0ddfa533	1	tree-sha256:3aa5a3525f477905b82d93500e5eb6bdd8e259376d5e09b4c06268b54f73df26	sha256:7f95c4050736c27fbff072a771d9340fa9d5a19c005cf95237586e4af90c4f07	Scratch/TA/GeomCompiler/geom.hpp	*			GameLib	analogue-only	pending			
area51-ece8ed5ea6a248a6	1	tree-sha256:3aa5a3525f477905b82d93500e5eb6bdd8e259376d5e09b4c06268b54f73df26	sha256:dfa82daaaae6c514111821e8b059d1ca2785b7dcedc2fd6a1cc8f4deb9a53469	Scratch/TA/GeomCompiler/main.cpp	*			(application)	analogue-only	pending			
area51-e0f5694646531efb	1	tree-sha256:3aa5a3525f477905b82d93500e5eb6bdd8e259376d5e09b4c06268b54f73df26	sha256:85195b07f5c7c949f7775e9b15ee694bd369cb0a4df2a101a11b063131bdd301	Scratch/TA/HavokTest/main.cpp	*			(application)	analogue-only	pending			
area51-da2159d38d9da736	1	tree-sha256:3aa5a3525f477905b82d93500e5eb6bdd8e259376d5e09b4c06268b54f73df26	sha256:3263dc7418710d25dfe3d26e5413d03a7f770a4efad676244c5c85c6ccdd030f	Scratch/TA/HavokTest02/main.cpp	*			(application)	analogue-only	pending			
area51-3fee79342f4c858b	1	tree-sha256:3aa5a3525f477905b82d93500e5eb6bdd8e259376d5e09b4c06268b54f73df26	sha256:b4793af5043bfbcfcc3af70641ce547adc959f70a687318b8d3283be4fa2ba3d	Scratch/TA/InputSystem/main.cpp	*			(application)	analogue-only	pending			
area51-7eccdac759a445e5	1	tree-sha256:3aa5a3525f477905b82d93500e5eb6bdd8e259376d5e09b4c06268b54f73df26	sha256:37c25df7ef1f500680612c77cb9c9710a4e7ca3f351ce76753ca02fb97870552	Scratch/TA/Lighting/main.cpp	*			(application)	analogue-only	pending			
area51-0dfb8d1d439f46a4	1	tree-sha256:3aa5a3525f477905b82d93500e5eb6bdd8e259376d5e09b4c06268b54f73df26	sha256:a07ac0e197ea6de8a16d44233313bb8184b0f5386a7f8db16c139ab436660cc9	Scratch/TA/Loco01/main.cpp	*			(application)	analogue-only	pending			
area51-341af99e8c50f5ed	1	tree-sha256:3aa5a3525f477905b82d93500e5eb6bdd8e259376d5e09b4c06268b54f73df26	sha256:e806e6bc176ef8d987257e376392a394df460e4603a114857e0c01e488c34072	Scratch/TA/MakeSystem/main.cpp	*			(application)	analogue-only	pending			
area51-ea103493dc5e13e5	1	tree-sha256:3aa5a3525f477905b82d93500e5eb6bdd8e259376d5e09b4c06268b54f73df26	sha256:961e1c9b0fe6eed49078a136e4ee6d25fb6c9816416429a3d13eac3ceeb2a910	Scratch/TA/Portals/main.cpp	*			(application)	analogue-only	pending			
area51-a656a500d15db714	1	tree-sha256:3aa5a3525f477905b82d93500e5eb6bdd8e259376d5e09b4c06268b54f73df26	sha256:45fccf1166e03b4b5f97f5b797df5ba0681e576efe2db643572afe75738b282b	Scratch/TA/RenderSkin/Main.cpp	*			(application)	analogue-only	pending			
area51-823395b0522a1b8c	1	tree-sha256:3aa5a3525f477905b82d93500e5eb6bdd8e259376d5e09b4c06268b54f73df26	sha256:368d8b74e5329292721381b6cd544645b0f81049837639a8df6cb5363eda43fe	Scratch/TA/SpecularTest/main.cpp	*			(application)	analogue-only	pending			
area51-e0e04a307c9173da	1	tree-sha256:3aa5a3525f477905b82d93500e5eb6bdd8e259376d5e09b4c06268b54f73df26	sha256:0aed331f9e6d73e845324063d22f56e40005e15e15765147e7a10bbf1759a4b7	Scratch/TA/Strip/main.cpp	*			(application)	analogue-only	pending			
area51-bbb9cd8f52cc08c5	1	tree-sha256:3aa5a3525f477905b82d93500e5eb6bdd8e259376d5e09b4c06268b54f73df26	sha256:f1fb5c451c3827718a1a87565694fa1ef3b12c49fed702e5beaef399f086a42a	Scratch/TA/Textures/main.cpp	*			(application)	analogue-only	pending			
area51-b765cc60034a290c	1	tree-sha256:3aa5a3525f477905b82d93500e5eb6bdd8e259376d5e09b4c06268b54f73df26	sha256:d61c2dd6c38d073cd89d2a3d7a77be55bf0e413d011a134fea2949332f9c482f	Support/Animation/AnimDecompress.cpp	*			Animation	analogue-only	pending			
area51-e03e678c01123c12	1	tree-sha256:3aa5a3525f477905b82d93500e5eb6bdd8e259376d5e09b4c06268b54f73df26	sha256:8e617d50a697db4a18110095c45754b64696eddba07580e7320eed1c2b41d5a0	Support/Animation/AnimEvent.cpp	*			Animation	analogue-only	pending			
area51-2e8577ebf29ffde1	1	tree-sha256:3aa5a3525f477905b82d93500e5eb6bdd8e259376d5e09b4c06268b54f73df26	sha256:c1b4cbb4eae76d6b9024b2ea335a8f74be3c37f76090d9d98ecc65c0737957b3	Support/Animation/AnimGroup.cpp	*			Animation	analogue-only	pending			
area51-e085f3fbf804f2d2	1	tree-sha256:3aa5a3525f477905b82d93500e5eb6bdd8e259376d5e09b4c06268b54f73df26	sha256:631c984b34011fe7b2ce5095b9ac991e0fc65eb8752b76202aa19b3023fad1d1	Support/Animation/AnimInfo.cpp	*			Animation,GameLib	analogue-only	pending			
area51-42691f6527747db6	1	tree-sha256:3aa5a3525f477905b82d93500e5eb6bdd8e259376d5e09b4c06268b54f73df26	sha256:a20bbc7ce44d02d27d48a91d55affbae5d42ea156f36b76e86f11f433655b109	Support/Animation/AnimKeyData.cpp	*			Animation	analogue-only	pending			
area51-4561777b7438078a	1	tree-sha256:3aa5a3525f477905b82d93500e5eb6bdd8e259376d5e09b4c06268b54f73df26	sha256:da19ae8791ea4d1e324bd5fd8c499468cfc88065142b04fd400d281dda431579	Support/Animation/AnimPlayer.cpp	*			Animation	analogue-only	pending			
area51-947463c9e31b0170	1	tree-sha256:3aa5a3525f477905b82d93500e5eb6bdd8e259376d5e09b4c06268b54f73df26	sha256:86393bcfb4008e71ed05f4235455bc6a3ca8a769da39c00e71995f88a4706f45	Support/Animation/AnimPlayer.hpp	*			Animation	analogue-only	pending			
area51-0f28957cbea9a27a	1	tree-sha256:3aa5a3525f477905b82d93500e5eb6bdd8e259376d5e09b4c06268b54f73df26	sha256:1aa6740d8ebd39c824be75ab77326d9a3263a2cebd0d86f3cd11b28ee2c1fd3c	Support/Animation/AnimTrack.cpp	*			Animation	analogue-only	pending			
area51-d9d81bbc543f74a6	1	tree-sha256:3aa5a3525f477905b82d93500e5eb6bdd8e259376d5e09b4c06268b54f73df26	sha256:cdb2f5c7ce94dc95b475a7f7e2430635d9a54e01d4d4e2b09afc7da8c2a9827d	Support/Animation/AnimTrack.hpp	*			Animation	analogue-only	pending			
area51-d5eae27fc3d0bc48	1	tree-sha256:3aa5a3525f477905b82d93500e5eb6bdd8e259376d5e09b4c06268b54f73df26	sha256:fa9e60022b474b676a4edc4abad6379bc695540029059204373e21c3c72592a7	Support/Animation/CharAnimPlayer.cpp	*			Animation	analogue-only	pending			
area51-be2f5302fbc5d9ec	1	tree-sha256:3aa5a3525f477905b82d93500e5eb6bdd8e259376d5e09b4c06268b54f73df26	sha256:98f092fa429375e4bf274716c71a6286836c8b67e68cfb12310d8732c808d2d1	Support/Animation/CharAnimPlayer.hpp	*			Animation	analogue-only	pending			
area51-bc72c0e9db830c53	1	tree-sha256:3aa5a3525f477905b82d93500e5eb6bdd8e259376d5e09b4c06268b54f73df26	sha256:fa14fed6b7ec7becabfe0f0a71d54cffaf623befd8e11c911c4e9f3dc915e3e4	Support/CollisionMgr/CollisionMgr.cpp	*			GameLib	analogue-only	pending			
area51-12505d65a75b24a4	1	tree-sha256:3aa5a3525f477905b82d93500e5eb6bdd8e259376d5e09b4c06268b54f73df26	sha256:00752fe34901e43576453170b68dcf7584bd53fed6100b05bd773bda351bd7c4	Support/CollisionMgr/CollisionMgr.hpp	*			GameLib	analogue-only	pending			
area51-83cdbadcdd555cf5	1	tree-sha256:3aa5a3525f477905b82d93500e5eb6bdd8e259376d5e09b4c06268b54f73df26	sha256:6d0bcf7be6389872aa1d0053fe9c1cd693523a373bf627eac65efd43d9575f0b	Support/CollisionMgr/CollisionPrimatives.cpp	*			GameLib	analogue-only	pending			
area51-ea6c4b61bf34b588	1	tree-sha256:3aa5a3525f477905b82d93500e5eb6bdd8e259376d5e09b4c06268b54f73df26	sha256:34cc3e8adb495f0d79508fad7cf69fc748625989fd4f9a552228095cd8daaad3	Support/CollisionMgr/CollisionPrimatives.hpp	*			GameLib	analogue-only	pending			
area51-f4d915474ecd4056	1	tree-sha256:3aa5a3525f477905b82d93500e5eb6bdd8e259376d5e09b4c06268b54f73df26	sha256:06e6e556330a15e810c7876f449acedf8c90dff0bfa3d6fcffc5efd80934e77f	Support/CollisionMgr/PolyCache.cpp	*			GameLib	analogue-only	pending			
area51-f658e26c21444da8	1	tree-sha256:3aa5a3525f477905b82d93500e5eb6bdd8e259376d5e09b4c06268b54f73df26	sha256:98be96b84ca0fa40c10d2a9bd013856ae50d59617cb63ce12d0ca75d25c6083e	Support/CollisionMgr/PolyCache.hpp	*			GameLib	analogue-only	pending			
area51-ee59a026b5d8b9de	1	tree-sha256:3aa5a3525f477905b82d93500e5eb6bdd8e259376d5e09b4c06268b54f73df26	sha256:bf01c13f5ba35b32a34445a817d9942f0cfd0f773c854394bfbeaa04b65b2c14	Support/Compilers/AnimCompiler/main.cpp	*			(application)	analogue-only	pending			
area51-439b728c460e8771	1	tree-sha256:3aa5a3525f477905b82d93500e5eb6bdd8e259376d5e09b4c06268b54f73df26	sha256:1d76911d0e57d864f56112ac8897694335214e6824c0e261bad49460ad8f1143	Support/Compilers/BitmapCompiler/main.cpp	*			(application)	analogue-only	pending			
area51-7de960f217226dbc	1	tree-sha256:3aa5a3525f477905b82d93500e5eb6bdd8e259376d5e09b4c06268b54f73df26	sha256:5c32af4cecc4d4c812089547a9d33aa29e8a323e20172b8eb5a8733242c57590	Support/Compilers/DecalCompiler/main.cpp	*			(application)	analogue-only	pending			
area51-ffd87fbd3ac5bdcf	1	tree-sha256:3aa5a3525f477905b82d93500e5eb6bdd8e259376d5e09b4c06268b54f73df26	sha256:c3020f05bc5b20446c00da27f233e2783f2a016b17a90da548002909ad58c7a6	Support/Compilers/GeomCompiler/main.cpp	*			(application)	analogue-only	pending			
area51-6e3fe39fe6590fa5	1	tree-sha256:3aa5a3525f477905b82d93500e5eb6bdd8e259376d5e09b4c06268b54f73df26	sha256:23ce1642c6fe1b029a94f8745211f14b3148e89756bbd677e4488a25b7eb1945	Support/ConversationMgr/ConversationMgr.cpp	*			GameLib	analogue-only	pending			
area51-1c415ad55b648c5c	1	tree-sha256:3aa5a3525f477905b82d93500e5eb6bdd8e259376d5e09b4c06268b54f73df26	sha256:3291088092903cf6077cb235edd4a89e49b9c0c57b4dcf061f4289ad4150bf9f	Support/ConversationMgr/ConversationMgr.hpp	*			GameLib	analogue-only	pending			
area51-f8c5b76ba908a14d	1	tree-sha256:3aa5a3525f477905b82d93500e5eb6bdd8e259376d5e09b4c06268b54f73df26	sha256:f406017d6d8e239ffaa129a6634667e299f5613570643b7c7785d83e51e9d23b	Support/Decals/DecalMgr.cpp	*			GameLib	analogue-only	pending			
area51-075c4f9a4d3597fc	1	tree-sha256:3aa5a3525f477905b82d93500e5eb6bdd8e259376d5e09b4c06268b54f73df26	sha256:3ac529c951ff6fecdacb1b2ecd73b84aae649b5ee4ad82ab0296fbf3c126bbc2	Support/Decals/DecalMgr.hpp	*			GameLib	analogue-only	pending			
area51-fa1c0064713f99f6	1	tree-sha256:3aa5a3525f477905b82d93500e5eb6bdd8e259376d5e09b4c06268b54f73df26	sha256:f9e7a93de88570b9e70bb69e8214f4eb01b4702d4a11c6cc01bede0718731891	Support/Dialogs/dlg_Credits.cpp	*			(application)	analogue-only	pending			
area51-e6474df8def1ade1	1	tree-sha256:3aa5a3525f477905b82d93500e5eb6bdd8e259376d5e09b4c06268b54f73df26	sha256:e666a3f9e468284009c4791886732c8d4ec1a555ef49c1a8d3afa8539f7462c5	Support/Dialogs/dlg_Credits.hpp	*			(application)	analogue-only	pending			
area51-0909458e28d069bd	1	tree-sha256:3aa5a3525f477905b82d93500e5eb6bdd8e259376d5e09b4c06268b54f73df26	sha256:78dce8819fcf7b3af6c7acde67080c955196a991db60418645316aa736f856ed	Support/Dialogs/dlg_MCMessage.cpp	*			(application)	analogue-only	pending			
area51-72b4aec6a084955b	1	tree-sha256:3aa5a3525f477905b82d93500e5eb6bdd8e259376d5e09b4c06268b54f73df26	sha256:b8a78b01071f84894107555ba42abbcd698e18df41ecdf2601cce82dc1d5662c	Support/Dialogs/dlg_MCMessage.hpp	*			(application)	analogue-only	pending			
area51-447e0c6cd2792163	1	tree-sha256:3aa5a3525f477905b82d93500e5eb6bdd8e259376d5e09b4c06268b54f73df26	sha256:12bd0ed40ecb0fa95d842cbe3fbdfbd56b61802f6a6854ef2c1c23d934f9ae75	Support/Dialogs/dlg_MainMenu.cpp	*			(application)	analogue-only	pending			
area51-47899602cd9be8e7	1	tree-sha256:3aa5a3525f477905b82d93500e5eb6bdd8e259376d5e09b4c06268b54f73df26	sha256:3b517135f86a800733b1714de3be53a5a33c9a1a42a8de36a89cca673d5b41d9	Support/Dialogs/dlg_MainMenu.hpp	*			(application)	analogue-only	pending			
area51-4363885597fc64f9	1	tree-sha256:3aa5a3525f477905b82d93500e5eb6bdd8e259376d5e09b4c06268b54f73df26	sha256:c0b892b457e8ae1cbf26c7d31a74c465e07c99a72f18fe47a6649b9e142575fa	Support/Dialogs/dlg_PressStart.cpp	*			(application)	analogue-only	pending			
area51-249b4b14300444c8	1	tree-sha256:3aa5a3525f477905b82d93500e5eb6bdd8e259376d5e09b4c06268b54f73df26	sha256:3a90028c22c503c5c21ce31a8c6f939dd162e8e05d1af86ece250ee6638ca961	Support/Dialogs/dlg_PressStart.hpp	*			(application)	analogue-only	pending			
area51-68ecc435022a1df9	1	tree-sha256:3aa5a3525f477905b82d93500e5eb6bdd8e259376d5e09b4c06268b54f73df26	sha256:189afc7d8f43b0651a0064fd34dcb51d089107bbae394941f2c5b8b253760a2b	Support/EventMgr/EventMgr.cpp	*			GameLib	analogue-only	pending			
area51-995e2aa68f656052	1	tree-sha256:3aa5a3525f477905b82d93500e5eb6bdd8e259376d5e09b4c06268b54f73df26	sha256:a63b9a0bfcadb5ba9a75a3ee5f322c4b770c3df01b6ff16f5971136997b73518	Support/EventMgr/EventMgr.hpp	*			GameLib	analogue-only	pending			
area51-ff132ee4c95bd581	1	tree-sha256:3aa5a3525f477905b82d93500e5eb6bdd8e259376d5e09b4c06268b54f73df26	sha256:6e6e3d5c85233da731ac894b9996dde61e58b33eabf82166ee6c591d80b67391	Support/GameLib/Level.cpp	*			(application)	analogue-only	pending			
area51-d3ec77c9d8ef4283	1	tree-sha256:3aa5a3525f477905b82d93500e5eb6bdd8e259376d5e09b4c06268b54f73df26	sha256:b734498aaa0c234ba11d3846d2c198a36469f6bf8d3604970feafb370b6c0db8	Support/GameLib/Level.hpp	*			(application)	analogue-only	pending			
area51-584882b1c57a4dd6	1	tree-sha256:3aa5a3525f477905b82d93500e5eb6bdd8e259376d5e09b4c06268b54f73df26	sha256:ac9dd8b398f07addee422fd491414ba25180906c108fa6e32e827b969175a0fa	Support/GameLib/LevelLoader.cpp	*			(application)	analogue-only	pending			
area51-fa77851861a614d3	1	tree-sha256:3aa5a3525f477905b82d93500e5eb6bdd8e259376d5e09b4c06268b54f73df26	sha256:5c164d6961466d980c048ef8485323709261555df5ac1fd7c8f6114331e8f32f	Support/GameLib/LevelLoader.hpp	*			(application)	analogue-only	pending			
area51-e8166076378f4b77	1	tree-sha256:3aa5a3525f477905b82d93500e5eb6bdd8e259376d5e09b4c06268b54f73df26	sha256:91d62f440beb8f48066738d9aa7c522a6996d5630f7ca47852c1a4b6f7d8e28e	Support/MemCardMgr/MemCardMgr.cpp	*			(application)	analogue-only	pending			
area51-5c48f37bb79e8ed9	1	tree-sha256:3aa5a3525f477905b82d93500e5eb6bdd8e259376d5e09b4c06268b54f73df26	sha256:a9b05a406501a0151c7d2ccc92d9afd8d1f1ab4154fdb5de196d28659ad9926c	Support/MemCardMgr/MemCardMgr.hpp	*			(application)	analogue-only	pending			
area51-da616c93989108f4	1	tree-sha256:3aa5a3525f477905b82d93500e5eb6bdd8e259376d5e09b4c06268b54f73df26	sha256:ee7fdf019c49ef61a7742875f373a47fcc1fdd7164236c39e62a1457b0fb4fa4	Support/MoviePlayer/MoviePlayer.cpp	*			MoviePlayer	analogue-only	pending			
area51-10a83676950e6563	1	tree-sha256:3aa5a3525f477905b82d93500e5eb6bdd8e259376d5e09b4c06268b54f73df26	sha256:2000379d26b00b29de85597e85ce31f9b009746b01b3ed58f4710f4c8be47ad6	Support/MoviePlayer/MoviePlayer.hpp	*			MoviePlayer	analogue-only	pending			
area51-2ffd258897d6c839	1	tree-sha256:3aa5a3525f477905b82d93500e5eb6bdd8e259376d5e09b4c06268b54f73df26	sha256:713152d2075b0d622ab044e409c95c51ff708e4e6f78b371e18197f621127c8c	Support/MoviePlayer/MoviePlayer_Bink.cpp	*			MoviePlayer	analogue-only	pending			
area51-614b07d432e52852	1	tree-sha256:3aa5a3525f477905b82d93500e5eb6bdd8e259376d5e09b4c06268b54f73df26	sha256:34bc1f289415546c897657940b526b033abe2690ecc245e016b8777dd967d56e	Support/MoviePlayer/movieplayer_bink.hpp	*			MoviePlayer	analogue-only	pending			
area51-adf814640f78de83	1	tree-sha256:3aa5a3525f477905b82d93500e5eb6bdd8e259376d5e09b4c06268b54f73df26	sha256:20e9383ce44e5ab9f513768340aff3f0a2ef1a8cbb84918f307032a6a7696a94	Support/Music_mgr/music_mgr.cpp	*			(application)	analogue-only	pending			
area51-effb3deb0536d12f	1	tree-sha256:3aa5a3525f477905b82d93500e5eb6bdd8e259376d5e09b4c06268b54f73df26	sha256:c75955840b8948026968ae56d7e5fa5a457599adb39cc2c9348f19f64f94fdd0	Support/Music_mgr/music_mgr.hpp	*			(application)	analogue-only	pending			
area51-f3464b078ba83b9d	1	tree-sha256:3aa5a3525f477905b82d93500e5eb6bdd8e259376d5e09b4c06268b54f73df26	sha256:53db0210db757f9ee9d7b41698e8f237287b26606be29d6566a2c987475f6b94	Support/NetworkMgr/GameSpy/md5.h	*			(application)	analogue-only	pending			
area51-049d56caf8d26b0a	1	tree-sha256:3aa5a3525f477905b82d93500e5eb6bdd8e259376d5e09b4c06268b54f73df26	sha256:fa64caf58996825d50198bc2129874efdc6f8696beb3951048502fa7e5f23430	Support/Objects/Camera.cpp	*			(application)	analogue-only	pending			
area51-f51ff823e17909fa	1	tree-sha256:3aa5a3525f477905b82d93500e5eb6bdd8e259376d5e09b4c06268b54f73df26	sha256:57dc675ce5d1922f32f3db2600cac1c615931005b805d9b363aac72f3deab792	Support/Objects/Camera.hpp	*			(application)	analogue-only	pending			
area51-7da48b6f33a0b6f2	1	tree-sha256:3aa5a3525f477905b82d93500e5eb6bdd8e259376d5e09b4c06268b54f73df26	sha256:76a85553f6b227773298e177977f81fde38f99fc31863efe456a5fadee85536c	Support/Objects/Cinema.cpp	*			(application)	analogue-only	pending			
area51-24e4685a07d73eba	1	tree-sha256:3aa5a3525f477905b82d93500e5eb6bdd8e259376d5e09b4c06268b54f73df26	sha256:7157967f3db003006e3727b08ada1f4637c73404c862365a35ada57d1d8d435a	Support/Objects/Cinema.hpp	*			(application)	analogue-only	pending			
area51-69b667537fd29704	1	tree-sha256:3aa5a3525f477905b82d93500e5eb6bdd8e259376d5e09b4c06268b54f73df26	sha256:9a6ffb670235fd4f73928e46e5fea726e0fb3541c9484c246c2871103a3dcd12	Support/Objects/NavPoint.cpp	*			(application)	analogue-only	pending			
area51-4034f12532fffd9d	1	tree-sha256:3aa5a3525f477905b82d93500e5eb6bdd8e259376d5e09b4c06268b54f73df26	sha256:5a80602e1cb085676a8783822c89b92c029b54a14c5f91186ad380c52d6170ee	Support/Objects/NavPoint.hpp	*			(application)	analogue-only	pending			
area51-5b4376b42e9b4cd3	1	tree-sha256:3aa5a3525f477905b82d93500e5eb6bdd8e259376d5e09b4c06268b54f73df26	sha256:bb48ea1462c76275fa1773744d523c52a8b28df034e2ce82b7407a6288295cfa	Support/Objects/Path.cpp	*			(application)	analogue-only	pending			
area51-a75611a619503894	1	tree-sha256:3aa5a3525f477905b82d93500e5eb6bdd8e259376d5e09b4c06268b54f73df26	sha256:a1c2727971ae85cf9db421dabf85ab2aad4976f305fecdc8effbce36296d5aba	Support/Objects/Path.hpp	*			(application)	analogue-only	pending			
area51-c8345b5ba49af67b	1	tree-sha256:3aa5a3525f477905b82d93500e5eb6bdd8e259376d5e09b4c06268b54f73df26	sha256:74bd8e6d89efb3e10dfa2bf1e32a0aa4e1b3e1428e02e3f38761b73f16d6d0a3	Support/Objects/Pickup.cpp	*			(application)	analogue-only	pending			
area51-0650a63241701bcd	1	tree-sha256:3aa5a3525f477905b82d93500e5eb6bdd8e259376d5e09b4c06268b54f73df26	sha256:2f670721a3b15b845f65a74a7cf259bd49bdb3d52d7f12e02be91bbc3c6fe127	Support/Objects/Pickup.hpp	*			(application)	analogue-only	pending			
area51-b3c72a585a35a10d	1	tree-sha256:3aa5a3525f477905b82d93500e5eb6bdd8e259376d5e09b4c06268b54f73df26	sha256:b291727166d038e9ae5a47bcb6ee9656ae22a4588f6b52dc0182b21bf24746fe	Support/Objects/PlaySurface.cpp	*			(application)	analogue-only	pending			
area51-0ff7c7201d23100a	1	tree-sha256:3aa5a3525f477905b82d93500e5eb6bdd8e259376d5e09b4c06268b54f73df26	sha256:d2b0dfd3d4e1e0b2bef0bf0a417665e096b04cf9d2ea2ac4a92ff668f904f3b4	Support/Objects/PlaySurface.hpp	*			(application)	analogue-only	pending			
area51-478a9a10bb60e18c	1	tree-sha256:3aa5a3525f477905b82d93500e5eb6bdd8e259376d5e09b4c06268b54f73df26	sha256:f995562172592a40ef00ecb95043c78d078cc02b92ef2e3c2a314c4cec40097e	Support/Objects/object.cpp	*			(application)	analogue-only	pending			
area51-1b06812d98d764b1	1	tree-sha256:3aa5a3525f477905b82d93500e5eb6bdd8e259376d5e09b4c06268b54f73df26	sha256:69c818644d75227dae87fa2d7f88ae4d8aab85cd2c1d030577957a05bb88d3e4	Support/Objects/object.hpp	*			(application)	analogue-only	pending			
area51-bc52e104b5b76fe9	1	tree-sha256:3aa5a3525f477905b82d93500e5eb6bdd8e259376d5e09b4c06268b54f73df26	sha256:4b2cefad2504ece9f7e5a93928e2a78be7700ec1a2dae1b7b64eae06aa125f6a	Support/OccluderMgr/OccluderMgr.cpp	*			GameLib	analogue-only	pending			
area51-6c7acba129ac83f4	1	tree-sha256:3aa5a3525f477905b82d93500e5eb6bdd8e259376d5e09b4c06268b54f73df26	sha256:12a5d352f7fd985f96fd4bd7817bad4a9878d3288e0ee0d5377fa1f647366883	Support/OccluderMgr/OccluderMgr.hpp	*			GameLib	analogue-only	pending			
area51-9f700a17d732a0f0	1	tree-sha256:3aa5a3525f477905b82d93500e5eb6bdd8e259376d5e09b4c06268b54f73df26	sha256:e6e8c62967524afedc82256bc70ebf4eb7ee7efd65bab20d06f4dd01b23a3aef	Support/Render/Texture.cpp	*			d3d8ltcg	analogue-only	pending			
area51-d32bf74f7cfc81c0	1	tree-sha256:3aa5a3525f477905b82d93500e5eb6bdd8e259376d5e09b4c06268b54f73df26	sha256:7f8293802831baa2732e2a30dafae8c11abcb4ca2f79bb18269e9b4767f7bf12	Support/Render/Texture.hpp	*			d3d8ltcg	analogue-only	pending			
area51-88197421dc5da0df	1	tree-sha256:3aa5a3525f477905b82d93500e5eb6bdd8e259376d5e09b4c06268b54f73df26	sha256:6919c2bbd0d6c9916aa034f9a149bd3f12a7479d6d99d3506e69200f84aec430	Support/Render/VertexMgr.cpp	*			Entropy	analogue-only	pending			
area51-a56d0cffbe734739	1	tree-sha256:3aa5a3525f477905b82d93500e5eb6bdd8e259376d5e09b4c06268b54f73df26	sha256:23a096d1abc98b65c90ce5969aca208aa550339344e32c86cb560d0c243ff71f	Support/Render/VertexMgr.hpp	*			Entropy	analogue-only	pending			
area51-fd5e1373f0e31485	1	tree-sha256:3aa5a3525f477905b82d93500e5eb6bdd8e259376d5e09b4c06268b54f73df26	sha256:cc0a4f10f41fa48a1fbf015118a87d2d004ddb3d2337d551486a87cfd6b7d10d	Support/Render/geom.cpp	*			GameLib	analogue-only	pending			
area51-5165c5134259b30a	1	tree-sha256:3aa5a3525f477905b82d93500e5eb6bdd8e259376d5e09b4c06268b54f73df26	sha256:78e6570a111c098a614fbef489177eda124969c43e76d2c565af5244cbfe4723	Support/Render/geom.hpp	*			GameLib	analogue-only	pending			
area51-673eb316f79e8357	1	tree-sha256:3aa5a3525f477905b82d93500e5eb6bdd8e259376d5e09b4c06268b54f73df26	sha256:f71b028834e7972c819c278a61ef4c16438b29f3ed97b35d1d771897cdc8cb1e	Support/ResourceMgr/ResourceMgr.cpp	*			GameLib	analogue-only	pending			
area51-fe5f659765e042a7	1	tree-sha256:3aa5a3525f477905b82d93500e5eb6bdd8e259376d5e09b4c06268b54f73df26	sha256:e225b1a4bdd4133901ffd5c3546c09923c42edf78376aa52679a807386616488	Support/ResourceMgr/ResourceMgr.hpp	*			GameLib	analogue-only	pending			
area51-9f532a15ea428911	1	tree-sha256:3aa5a3525f477905b82d93500e5eb6bdd8e259376d5e09b4c06268b54f73df26	sha256:14e298049fae8cff9d67ce54a0dd85e0658d3dc49b39d51ac1ad6338bc914590	Support/SMTP/md5.cpp	*			(application)	analogue-only	pending			
area51-c145fd4adbb14b79	1	tree-sha256:3aa5a3525f477905b82d93500e5eb6bdd8e259376d5e09b4c06268b54f73df26	sha256:07d2397357e6c9491eba38c4dafc2a90362ef781a6d38a919388e52d1c7f9d63	Support/SMTP/md5.h	*			(application)	analogue-only	pending			
area51-4ee29c20e861984b	1	tree-sha256:3aa5a3525f477905b82d93500e5eb6bdd8e259376d5e09b4c06268b54f73df26	sha256:eef81768e9d2695c354179f2ba522a4b02b55287894ce1bda9a604a421d2f991	Support/SpatialDBase/SpatialDBase.cpp	*			GameLib	analogue-only	pending			
area51-2fe52a674dd4d974	1	tree-sha256:3aa5a3525f477905b82d93500e5eb6bdd8e259376d5e09b4c06268b54f73df26	sha256:9cb954f14375583c04d101bdb6da138e7a14e781292c104d6d6d5a0c2ddb3677	Support/SpatialDBase/SpatialDBase.hpp	*			GameLib	analogue-only	pending			
area51-c0b954377ec8ab09	1	tree-sha256:3aa5a3525f477905b82d93500e5eb6bdd8e259376d5e09b4c06268b54f73df26	sha256:1e0ee93afc340ff225802963f033037b4937dfe322f177c843eeecd4575ee2e0	Support/StringMgr/StringMgr.cpp	*			StringMgr	analogue-only	pending			
area51-037f7c5ebde7eebc	1	tree-sha256:3aa5a3525f477905b82d93500e5eb6bdd8e259376d5e09b4c06268b54f73df26	sha256:73d259d5ca6dbd1c9640ddf14c026d10eb78189771918790ceb157b17058357c	Support/StringMgr/StringMgr.hpp	*			StringMgr	analogue-only	pending			
area51-f8fd756d5e10253b	1	tree-sha256:3aa5a3525f477905b82d93500e5eb6bdd8e259376d5e09b4c06268b54f73df26	sha256:446d1703030484646fca9b9bad043938a94dc47497e05a17650612a9ee5c3d28	Support/Trigger/Trigger.cpp	*			(application)	analogue-only	pending			
area51-34df3aa54040ecba	1	tree-sha256:3aa5a3525f477905b82d93500e5eb6bdd8e259376d5e09b4c06268b54f73df26	sha256:2fdf066dd3c0aea3b2e582b89da268201aea743bf5c08e92169365986c072c40	Support/Trigger/Trigger.hpp	*			(application)	analogue-only	pending			
area51-380bfae73b28a1f2	1	tree-sha256:3aa5a3525f477905b82d93500e5eb6bdd8e259376d5e09b4c06268b54f73df26	sha256:c24e8b0b8d4eb6e5adb3fb5ef09aa2b4e7ed7d237fd6742938f1d365f0d685c5	Support/UI/ui_button.cpp	*			UI	analogue-only	pending			
area51-19494301645cd934	1	tree-sha256:3aa5a3525f477905b82d93500e5eb6bdd8e259376d5e09b4c06268b54f73df26	sha256:f1a826bfce2c9fe29c8d2728d9055ef92c6727c7aae4a7691a29b4b0280eec35	Support/UI/ui_button.hpp	*			UI	analogue-only	pending			
area51-5a5406225c757ee3	1	tree-sha256:3aa5a3525f477905b82d93500e5eb6bdd8e259376d5e09b4c06268b54f73df26	sha256:2e1a0a443c742dde9f2e765eb0f7bbc9d24f7a471ae7ce33a4bf2a3eec506851	Support/UI/ui_check.cpp	*			UI	analogue-only	pending			
area51-c7cdafafcf8ec1ec	1	tree-sha256:3aa5a3525f477905b82d93500e5eb6bdd8e259376d5e09b4c06268b54f73df26	sha256:71b476a5e7acf02c9d66328c7de8dfb1bbfc34860bec3d271b9a852a3257e58d	Support/UI/ui_check.hpp	*			UI	analogue-only	pending			
area51-ad72d3c4ab22eee6	1	tree-sha256:3aa5a3525f477905b82d93500e5eb6bdd8e259376d5e09b4c06268b54f73df26	sha256:a7a1f0c6dc42a7e8750848eb1c9b4bbc98671f70ac149b722b1d6fb2fa91aeb6	Support/UI/ui_control.cpp	*			UI	analogue-only	pending			
area51-eeedb8a79c7dab67	1	tree-sha256:3aa5a3525f477905b82d93500e5eb6bdd8e259376d5e09b4c06268b54f73df26	sha256:9fc8f2854e62b091241bf839f2ac7cc4174c00fb84dfa27bef60447624575a39	Support/UI/ui_control.hpp	*			UI	analogue-only	pending			
area51-aa87b093cbaff550	1	tree-sha256:3aa5a3525f477905b82d93500e5eb6bdd8e259376d5e09b4c06268b54f73df26	sha256:3c84c6fefd0a621ec2e69ea4a38ec1f5c9be305d2d0a4b7b6797aac4176823d1	Support/UI/ui_dialog.cpp	*			UI	analogue-only	pending			
area51-c11677e982cd271e	1	tree-sha256:3aa5a3525f477905b82d93500e5eb6bdd8e259376d5e09b4c06268b54f73df26	sha256:4f06d22e3d44dc47efb5519af2b7f1eee6404d60ce84ae61ff668fc77230d8d9	Support/UI/ui_dialog.hpp	*			UI	analogue-only	pending			
area51-9b1f47ebebb08b84	1	tree-sha256:3aa5a3525f477905b82d93500e5eb6bdd8e259376d5e09b4c06268b54f73df26	sha256:e74aed9649fb875aca8acfe0b77fbc6985c874b72c980d477235e0204755b071	Support/UI/ui_dlg_list.cpp	*			UI	analogue-only	pending			
area51-97ba5c7a20d853d3	1	tree-sha256:3aa5a3525f477905b82d93500e5eb6bdd8e259376d5e09b4c06268b54f73df26	sha256:f868071c0e2aee4585754c698365cec81f47be3c06600ea967a7645a1480abca	Support/UI/ui_dlg_list.hpp	*			UI	analogue-only	pending			
area51-5179cf38847bedca	1	tree-sha256:3aa5a3525f477905b82d93500e5eb6bdd8e259376d5e09b4c06268b54f73df26	sha256:b7c9c3d37418469250f7fb965c790e7931bbccbed8a464c1f6515c399a4bfcde	Support/UI/ui_dlg_vkeyboard.cpp	*			UI	analogue-only	pending			
area51-2d4d98322aa23c9c	1	tree-sha256:3aa5a3525f477905b82d93500e5eb6bdd8e259376d5e09b4c06268b54f73df26	sha256:d90e6ac3b425308b52db7a3a0bb109dce9349cd0e2402f61e621d0d6ac6fd59b	Support/UI/ui_dlg_vkeyboard.hpp	*			UI	analogue-only	pending			
area51-bb1985577e3798e4	1	tree-sha256:3aa5a3525f477905b82d93500e5eb6bdd8e259376d5e09b4c06268b54f73df26	sha256:848ad146e242758c8374e2b7d3b17259e45052abf9a509eedbdc48b3f54ece6f	Support/UI/ui_edit.cpp	*			UI	analogue-only	pending			
area51-c3542719f59ec629	1	tree-sha256:3aa5a3525f477905b82d93500e5eb6bdd8e259376d5e09b4c06268b54f73df26	sha256:9dcc5b9bdb93dc905210ab96bf8df71e5e824b1119c3304d295cdaa879c59868	Support/UI/ui_edit.hpp	*			UI	analogue-only	pending			
area51-97d0a46fbf8873f5	1	tree-sha256:3aa5a3525f477905b82d93500e5eb6bdd8e259376d5e09b4c06268b54f73df26	sha256:07bb4afe1666c46fdaa3c197960daf973bc361931d8101adfb815f42201b0248	Support/UI/ui_font.cpp	*			UI	analogue-only	pending			
area51-f4d35cc5da56e952	1	tree-sha256:3aa5a3525f477905b82d93500e5eb6bdd8e259376d5e09b4c06268b54f73df26	sha256:1a47bdf6a5b8d4458557248a92cac9dfb8f8c83649feaf64781be8a106175d46	Support/UI/ui_font.hpp	*			UI	analogue-only	pending			
area51-03e0c762d0e0a1ea	1	tree-sha256:3aa5a3525f477905b82d93500e5eb6bdd8e259376d5e09b4c06268b54f73df26	sha256:c099ca49ad481505ee69403379c8959f5f2772031f2665312840a4e4e00e8236	Support/UI/ui_frame.cpp	*			UI	analogue-only	pending			
area51-7b35e91a960bfd8b	1	tree-sha256:3aa5a3525f477905b82d93500e5eb6bdd8e259376d5e09b4c06268b54f73df26	sha256:88415fef8e6cb9dc3e980f2977c5813f5c3815d4a929935f202542e6abc328be	Support/UI/ui_frame.hpp	*			UI	analogue-only	pending			
area51-ce1461707f57f743	1	tree-sha256:3aa5a3525f477905b82d93500e5eb6bdd8e259376d5e09b4c06268b54f73df26	sha256:166fc4dbfc9574453b77cc654c5667f3d6f4ca67508562f352a80a02b75bbcf3	Support/UI/ui_listbox.cpp	*			UI	analogue-only	pending			
area51-eea9683439b1105d	1	tree-sha256:3aa5a3525f477905b82d93500e5eb6bdd8e259376d5e09b4c06268b54f73df26	sha256:06a4b682dd24ac789ee85e9ce8274fb8189675b42cfd5766ec1338ef4bd112ad	Support/UI/ui_listbox.hpp	*			UI	analogue-only	pending			
area51-d08058721ffd2a1a	1	tree-sha256:3aa5a3525f477905b82d93500e5eb6bdd8e259376d5e09b4c06268b54f73df26	sha256:406a6184074482472444ef1c1d6c714a267d7dfbdb65cf267a0717cdd094bc7d	Support/UI/ui_manager.cpp	*			UI	analogue-only	pending			
area51-f17a56d359ca16f9	1	tree-sha256:3aa5a3525f477905b82d93500e5eb6bdd8e259376d5e09b4c06268b54f73df26	sha256:c66dc215221febeeccb2c6e70a8f1cc3693aa7bbb094a57d3afb97ae6541ef03	Support/UI/ui_manager.hpp	*			UI	analogue-only	pending			
area51-df423c3f90de2b42	1	tree-sha256:3aa5a3525f477905b82d93500e5eb6bdd8e259376d5e09b4c06268b54f73df26	sha256:0be3e2047a6ce80b1a82f896738917aa7e04c6e3b4ebc77ade457ccac33a106b	Support/UI/ui_radio.cpp	*			UI	analogue-only	pending			
area51-9966d3677bc95546	1	tree-sha256:3aa5a3525f477905b82d93500e5eb6bdd8e259376d5e09b4c06268b54f73df26	sha256:489ec00b9fe8e36edc80626c74f35a6ced7c33bc35069784b10e7fde94059824	Support/UI/ui_radio.hpp	*			UI	analogue-only	pending			
area51-1aee6d3492292ed9	1	tree-sha256:3aa5a3525f477905b82d93500e5eb6bdd8e259376d5e09b4c06268b54f73df26	sha256:58172ff99745db6d1437267d36a56c04afe84286ae87be22f61913c5a70d86a4	Support/UI/ui_slider.cpp	*			UI	analogue-only	pending			
area51-133e012dc529278a	1	tree-sha256:3aa5a3525f477905b82d93500e5eb6bdd8e259376d5e09b4c06268b54f73df26	sha256:98101526e3bdbc1a8592d56acdf2428b195f01138ac2dba4ec6b85c2797ee435	Support/UI/ui_slider.hpp	*			UI	analogue-only	pending			
area51-d8e3460443a891a0	1	tree-sha256:3aa5a3525f477905b82d93500e5eb6bdd8e259376d5e09b4c06268b54f73df26	sha256:a4252b5ef16f4249fc004ec709d39995f983c2c1e8c989d2907699efd0a94e20	Support/UI/ui_text.cpp	*			UI	analogue-only	pending			
area51-7c18b2d50d2a7c21	1	tree-sha256:3aa5a3525f477905b82d93500e5eb6bdd8e259376d5e09b4c06268b54f73df26	sha256:54aba57e276802719e6516d8e2e0edf617d9abf3fd06dfc1ac62961cad023b10	Support/UI/ui_text.hpp	*			UI	analogue-only	pending			
area51-20e56c4dff308b2d	1	tree-sha256:3aa5a3525f477905b82d93500e5eb6bdd8e259376d5e09b4c06268b54f73df26	sha256:d246f0e6b6705368a14307e14327e1ddb36a828b4d1dbd2cf0057add2cc2ec0a	Support/UI/ui_textbox.cpp	*			UI	analogue-only	pending			
area51-c1cec1de595abb21	1	tree-sha256:3aa5a3525f477905b82d93500e5eb6bdd8e259376d5e09b4c06268b54f73df26	sha256:fc184021558cc0e5550207a195d33dbf5d5181ece9b03dd64c235384530729c3	Support/UI/ui_textbox.hpp	*			UI	analogue-only	pending			
area51-15cbd95a846e44aa	1	tree-sha256:3aa5a3525f477905b82d93500e5eb6bdd8e259376d5e09b4c06268b54f73df26	sha256:7c0ec138e72be1ec34f7709d82fbb8eb3f6c415c1443fd983c5ea2c54374a286	Support/UI/ui_win.cpp	*			UI	analogue-only	pending			
area51-b4a0ca05905cfd8d	1	tree-sha256:3aa5a3525f477905b82d93500e5eb6bdd8e259376d5e09b4c06268b54f73df26	sha256:6049c50d26b5f33287805e9fb92f2d654ad21ad42bea2170e118d25c1fea7ac4	Support/UI/ui_win.hpp	*			UI	analogue-only	pending			
area51-9ab18f98eb11885f	1	tree-sha256:3aa5a3525f477905b82d93500e5eb6bdd8e259376d5e09b4c06268b54f73df26	sha256:e732dbb55544edef0d5d1ec91cf4a7694fc6be56f997f30fbdd5918b0b6eb54a	Support/XSCC/crt0.c	*			LIBCMT	analogue-only	pending			
area51-0ae657424ff51d45	1	tree-sha256:3aa5a3525f477905b82d93500e5eb6bdd8e259376d5e09b4c06268b54f73df26	sha256:25f27f2cb35014bfeef07a3ba84187caa2aec9eab0779868c9c694b3570f2a5a	xCore/3rdParty/PS2/SN/EE/Include/ctype.h	*			LIBCMT	analogue-only	pending			
area51-ea27311fcd464c91	1	tree-sha256:3aa5a3525f477905b82d93500e5eb6bdd8e259376d5e09b4c06268b54f73df26	sha256:0441a47a8969a985aa1411b929732bb7cc9b3cc0bde9182082b7b64fae2f17ea	xCore/3rdParty/PS2/SN/EE/Include/malloc.h	*			LIBCMT	analogue-only	pending			
area51-b8c245db9252d691	1	tree-sha256:3aa5a3525f477905b82d93500e5eb6bdd8e259376d5e09b4c06268b54f73df26	sha256:965125756a364944395114dcae51b7aecb3fdf08fbeb8106cc5170bd3df86e05	xCore/3rdParty/PS2/SN/EE/Include/math.h	*			d3d8ltcg	analogue-only	pending			
area51-92dc557e0311cebf	1	tree-sha256:3aa5a3525f477905b82d93500e5eb6bdd8e259376d5e09b4c06268b54f73df26	sha256:0e7225ae487452da138e2d375375f3041f7c47de93f5f8d56ebfb22a979dbe03	xCore/3rdParty/PS2/SN/EE/Include/process.h	*			xapilib	analogue-only	pending			
area51-13666576c837a9b9	1	tree-sha256:3aa5a3525f477905b82d93500e5eb6bdd8e259376d5e09b4c06268b54f73df26	sha256:da3d65d5d2fc0d03827d6c6563d10b4353f46584c279bac2c9a9fec81ece9d14	xCore/3rdParty/PS2/SN/EE/Include/sys/resource.h	*			d3d8ltcg	analogue-only	pending			
area51-4ecfceab8a76cba4	1	tree-sha256:3aa5a3525f477905b82d93500e5eb6bdd8e259376d5e09b4c06268b54f73df26	sha256:35254178864b28403bc11eeed814bbcabd2dda520517fe0422a22c7ba608a2a5	xCore/3rdParty/PS2/SN/ProView/main.c	*			(application)	analogue-only	pending			
area51-d59808309940a255	1	tree-sha256:3aa5a3525f477905b82d93500e5eb6bdd8e259376d5e09b4c06268b54f73df26	sha256:ac41ea106dcec78e007ea859168fb9634e0321bf17fabc30c2c603d778f4b593	xCore/3rdParty/PS2/SN/bin/DebugScripting/include/ctype.h	*			LIBCMT	analogue-only	pending			
area51-084bf745faafc3a4	1	tree-sha256:3aa5a3525f477905b82d93500e5eb6bdd8e259376d5e09b4c06268b54f73df26	sha256:6d1d63a66b76004fd1e5176fd895248707a057026e49368eba3fd5bb07cd493a	xCore/3rdParty/PS2/SN/bin/DebugScripting/include/math.h	*			d3d8ltcg	analogue-only	pending			
area51-7cbf81e1e18b8793	1	tree-sha256:3aa5a3525f477905b82d93500e5eb6bdd8e259376d5e09b4c06268b54f73df26	sha256:76df2b4592cb5b28e078e640566855e7d614e0e0a180b4e1872d69efd58e8d3f	xCore/3rdParty/PS2/Sony/EE/Include/libnet/common.h	*			LIBCMT	analogue-only	pending			
area51-36897c6fbb99000d	1	tree-sha256:3aa5a3525f477905b82d93500e5eb6bdd8e259376d5e09b4c06268b54f73df26	sha256:4d47e4b8ec64033e08d86b2a0d4e9beb9d90ed1f20ce7176ce4285c350e08645	xCore/3rdParty/PS2/Sony/EE/Include/sk/common.h	*			LIBCMT	analogue-only	pending			
area51-aa857d1c27ef5af8	1	tree-sha256:3aa5a3525f477905b82d93500e5eb6bdd8e259376d5e09b4c06268b54f73df26	sha256:9bee9dace2c9c41509931eea16b6fd60d5a4c50cb8e14729a23a8c54910d7b8d	xCore/3rdParty/PS2/Sony/IOP/Include/ctype.h	*			LIBCMT	analogue-only	pending			
area51-7ffe8bc1181098b3	1	tree-sha256:3aa5a3525f477905b82d93500e5eb6bdd8e259376d5e09b4c06268b54f73df26	sha256:4d47e4b8ec64033e08d86b2a0d4e9beb9d90ed1f20ce7176ce4285c350e08645	xCore/3rdParty/PS2/Sony/IOP/Include/sk/common.h	*			LIBCMT	analogue-only	pending			
area51-44913dddd47eb730	1	tree-sha256:3aa5a3525f477905b82d93500e5eb6bdd8e259376d5e09b4c06268b54f73df26	sha256:6de9b41b9e71971e5c90dd8df03de66d9a3dcff73710130e260b8bc3fcc83470	xCore/3rdParty/PS2/Sony/IOP/Include/thread.h	*			LIBCMT,xapilib	analogue-only	pending			
area51-71ab3e4d1757b0e1	1	tree-sha256:3aa5a3525f477905b82d93500e5eb6bdd8e259376d5e09b4c06268b54f73df26	sha256:034e3b01f373f3db919ca01196d82aaf101c01faada38bd4b415c54381682a4c	xCore/3rdParty/PS2/Sony/IOP/Include/usbd.h	*			xapilib	analogue-only	pending			
area51-3176c33186b835ba	1	tree-sha256:3aa5a3525f477905b82d93500e5eb6bdd8e259376d5e09b4c06268b54f73df26	sha256:fc05f53b4d55b7cef6db0fca14eb5d8d6abf96435fde93aa081d94d45267191f	xCore/3rdParty/PS2/Sony/IOP/Lib/crt0.c	*			LIBCMT	analogue-only	pending			
area51-3b024ea5ef2ad8a8	1	tree-sha256:3aa5a3525f477905b82d93500e5eb6bdd8e259376d5e09b4c06268b54f73df26	sha256:a1a124f5911dba4756fdbd63fdeacab9b0f084ee7138fdee2d1847d5918a3ff5	xCore/3rdParty/Xbox/include/CType.h	*			LIBCMT	analogue-only	pending			
area51-11445b89969e9dea	1	tree-sha256:3aa5a3525f477905b82d93500e5eb6bdd8e259376d5e09b4c06268b54f73df26	sha256:e7af8e9386f74e8dd52b8b371560e650538220c6cd5b3e16abf37c39dc89b659	xCore/3rdParty/Xbox/include/Malloc.h	*			LIBCMT	analogue-only	pending			
area51-f6e07841ec58ac2c	1	tree-sha256:3aa5a3525f477905b82d93500e5eb6bdd8e259376d5e09b4c06268b54f73df26	sha256:2166614bad58c169d8f35c6164e8a45134abd95d9b88dadab00301cd44ad58da	xCore/3rdParty/Xbox/include/Math.h	*			d3d8ltcg	analogue-only	pending			
area51-43e7bf516e0aa906	1	tree-sha256:3aa5a3525f477905b82d93500e5eb6bdd8e259376d5e09b4c06268b54f73df26	sha256:0e45c937b714974dc51a9fbdb773139e6078d24a823395add8bc01515952c3cb	xCore/3rdParty/Xbox/include/MbcType.h	*			LIBCMT	analogue-only	pending			
area51-66281e433d84045c	1	tree-sha256:3aa5a3525f477905b82d93500e5eb6bdd8e259376d5e09b4c06268b54f73df26	sha256:fa3de2c334eec7734b32e01fcef048fe15caf68703cfca990030a6ccbe0e9ed3	xCore/3rdParty/Xbox/include/Process.h	*			xapilib	analogue-only	pending			
area51-01a40fe39f8bd5bf	1	tree-sha256:3aa5a3525f477905b82d93500e5eb6bdd8e259376d5e09b4c06268b54f73df26	sha256:cf04503f8dbe52b96efaa053e091016f484ab34d9b5c336ae0a6ef06038e7db3	xCore/3rdParty/Xbox/include/TypeInfo.h	*			xapilib	analogue-only	pending			
area51-1a339b2b0fca4ef6	1	tree-sha256:3aa5a3525f477905b82d93500e5eb6bdd8e259376d5e09b4c06268b54f73df26	sha256:544958aa165071d5a1e8cabae15fbbbf9cad5ab7dfc7a403a40185cd026236b9	xCore/3rdParty/Xbox/include/Xbox.h	*			Entropy	analogue-only	pending			
area51-b2f037203994fa15	1	tree-sha256:3aa5a3525f477905b82d93500e5eb6bdd8e259376d5e09b4c06268b54f73df26	sha256:cad8777e8fdc8c4bc179d3779557ef3586e20242fdd8a1616f6d7769bf8e6ae4	xCore/Auxiliary/Bitmap/DefaultBMP.cpp	*			aux_Bitmap	analogue-only	pending			
area51-56fdc52ff00fce49	1	tree-sha256:3aa5a3525f477905b82d93500e5eb6bdd8e259376d5e09b4c06268b54f73df26	sha256:d671be15f08709e84d505f58275a0259e43fa8b986bb55322f8b00186e5205d3	xCore/Auxiliary/Bitmap/Load_BMP.cpp	*			aux_Bitmap	analogue-only	pending			
area51-8bf159d6520c8798	1	tree-sha256:3aa5a3525f477905b82d93500e5eb6bdd8e259376d5e09b4c06268b54f73df26	sha256:bca68b32bf1e2701d7cf6cf27a249d848941ce8a9d74be46bd0c30d9c61731e9	xCore/Auxiliary/Bitmap/Load_TGA.cpp	*			aux_Bitmap	analogue-only	pending			
area51-de9aee3e168aae92	1	tree-sha256:3aa5a3525f477905b82d93500e5eb6bdd8e259376d5e09b4c06268b54f73df26	sha256:545740024402d44d9b4eef3372fbaaf811f40373750f38f09ca6f1e0d53f3b43	xCore/Auxiliary/Bitmap/aux_Bitmap.cpp	*			aux_Bitmap	analogue-only	pending			
area51-94c6708066922fbc	1	tree-sha256:3aa5a3525f477905b82d93500e5eb6bdd8e259376d5e09b4c06268b54f73df26	sha256:fbe0af49a7c8fce5ff60511c8a19e772eb8b3493d992a554835efb1cee70a88a	xCore/Auxiliary/Bitmap/aux_Bitmap.hpp	*			aux_Bitmap	analogue-only	pending			
area51-db53ea95227a03ce	1	tree-sha256:3aa5a3525f477905b82d93500e5eb6bdd8e259376d5e09b4c06268b54f73df26	sha256:815b8bba68a1e4fc5e062e0f499d298def23a63d9a4fcd859da668dbb6fe6101	xCore/Auxiliary/MiscUtils/Guid.cpp	*			GameLib	analogue-only	pending			
area51-eb244c24f700baf5	1	tree-sha256:3aa5a3525f477905b82d93500e5eb6bdd8e259376d5e09b4c06268b54f73df26	sha256:b3c58a4f520087744ad946640da1c855c660efd6f2124aa694e264e826c6174f	xCore/Auxiliary/MiscUtils/Guid.hpp	*			GameLib	analogue-only	pending			
area51-0a6bf7ce0cf8775e	1	tree-sha256:3aa5a3525f477905b82d93500e5eb6bdd8e259376d5e09b4c06268b54f73df26	sha256:f00bebd7b76129b6a29c3ac9bd00b5c2cfeeb8d812d1defc530a76029c63cc24	xCore/Auxiliary/PCRE/pcre-4.4-src/src/pcre-4.4/internal.h	*			(application)	analogue-only	pending			
area51-dff5e11af5bcd050	1	tree-sha256:3aa5a3525f477905b82d93500e5eb6bdd8e259376d5e09b4c06268b54f73df26	sha256:e732dbb55544edef0d5d1ec91cf4a7694fc6be56f997f30fbdd5918b0b6eb54a	xCore/Auxiliary/crt0_textmode/crt0.c	*			LIBCMT	analogue-only	pending			
area51-08a47a2bd396c719	1	tree-sha256:3aa5a3525f477905b82d93500e5eb6bdd8e259376d5e09b4c06268b54f73df26	sha256:91a8b87022a61a6a1aa51577d01e8b5f50a8388a15041d3ed3bb96e35cbe9012	xCore/Auxiliary/fx_Core/TextureMgr.cpp	*			Entropy	analogue-only	pending			
area51-d06ae2c525353126	1	tree-sha256:3aa5a3525f477905b82d93500e5eb6bdd8e259376d5e09b4c06268b54f73df26	sha256:459775486c602eb78268310da894b4257f1132c974c8bbd0aeb2d9acea974e46	xCore/Auxiliary/fx_Core/TextureMgr.hpp	*			Entropy	analogue-only	pending			
area51-e49af96b4c6dd377	1	tree-sha256:3aa5a3525f477905b82d93500e5eb6bdd8e259376d5e09b4c06268b54f73df26	sha256:34e33aefd71d96a54b19b15579ce79f1156164df8f46a3b6957f977548ea4295	xCore/Auxiliary/fx_RunTime/fx_Ctrl.cpp	*			fx_RunTime	analogue-only	pending			
area51-75e2b9e4806d2379	1	tree-sha256:3aa5a3525f477905b82d93500e5eb6bdd8e259376d5e09b4c06268b54f73df26	sha256:cf0f18bf3043b43c4489774bde57438ac3ea5140bf5819799c19a7ed3410c6b6	xCore/Auxiliary/fx_RunTime/fx_Cylinder.cpp	*			fx_RunTime	analogue-only	pending			
area51-9491767ab9e9dc16	1	tree-sha256:3aa5a3525f477905b82d93500e5eb6bdd8e259376d5e09b4c06268b54f73df26	sha256:168e6f58020d1bc29d715211aaca4fd44ff3b3762e28bd31b8d86f026938dfdd	xCore/Auxiliary/fx_RunTime/fx_Cylinder.hpp	*			fx_RunTime	analogue-only	pending			
area51-439d8c66aa626833	1	tree-sha256:3aa5a3525f477905b82d93500e5eb6bdd8e259376d5e09b4c06268b54f73df26	sha256:ed490db2db8a42188b8c0acbe9313f3ed492b02ef63be3d98b152a0a7bab97db	xCore/Auxiliary/fx_RunTime/fx_Effect.cpp	*			fx_RunTime	analogue-only	pending			
area51-98944f48463064e1	1	tree-sha256:3aa5a3525f477905b82d93500e5eb6bdd8e259376d5e09b4c06268b54f73df26	sha256:36f1db8628530922a0b73a0b1881255c81a878488958ec8aeeec2d5ee8f5e54a	xCore/Auxiliary/fx_RunTime/fx_Element.cpp	*			fx_RunTime	analogue-only	pending			
area51-682ccf2d9a695df7	1	tree-sha256:3aa5a3525f477905b82d93500e5eb6bdd8e259376d5e09b4c06268b54f73df26	sha256:62c881d7c7f093ae4166dee2874358d407863d790d7834b5d75ba2007851dab8	xCore/Auxiliary/fx_RunTime/fx_Handle.cpp	*			fx_RunTime	analogue-only	pending			
area51-46140a51fa00bcf4	1	tree-sha256:3aa5a3525f477905b82d93500e5eb6bdd8e259376d5e09b4c06268b54f73df26	sha256:264e2d00f89bca9de3d2007b8b5abfe479c53713dcab7457602d5e4a48964fef	xCore/Auxiliary/fx_RunTime/fx_LinearKeyCtrl.cpp	*			fx_RunTime	analogue-only	pending			
area51-68668783bfb6b866	1	tree-sha256:3aa5a3525f477905b82d93500e5eb6bdd8e259376d5e09b4c06268b54f73df26	sha256:00fa95ec274969ab11a6386c80df7783cbcab405e7d9cf8d2f2f03f9a3708bcc	xCore/Auxiliary/fx_RunTime/fx_Mgr.cpp	*			fx_RunTime	analogue-only	pending			
area51-22d62645dee4bc7e	1	tree-sha256:3aa5a3525f477905b82d93500e5eb6bdd8e259376d5e09b4c06268b54f73df26	sha256:6ee6c3a41a1c109df267dc48d001d569f964f118c62c51fd000558854fba1a6e	xCore/Auxiliary/fx_RunTime/fx_Mgr.hpp	*			fx_RunTime	analogue-only	pending			
area51-023b6c7b70c866fc	1	tree-sha256:3aa5a3525f477905b82d93500e5eb6bdd8e259376d5e09b4c06268b54f73df26	sha256:75b241e3dd4fce9685d02be62c5c68717712e3b4db7b12eccb5dc25a61a2d77c	xCore/Auxiliary/fx_RunTime/fx_Plane.cpp	*			fx_RunTime	analogue-only	pending			
area51-520ccc0396dd2493	1	tree-sha256:3aa5a3525f477905b82d93500e5eb6bdd8e259376d5e09b4c06268b54f73df26	sha256:270469f25f4432f3d332a64bb4f19bd662bc13fbc816a2e864f5d6f99a196b23	xCore/Auxiliary/fx_RunTime/fx_Plane.hpp	*			fx_RunTime	analogue-only	pending			
area51-60959b93ca3bb3e9	1	tree-sha256:3aa5a3525f477905b82d93500e5eb6bdd8e259376d5e09b4c06268b54f73df26	sha256:8340ce75131bfbb7ca1241efdc4b68158ea74c4cedf4ad17e9abcb4c6ff58dd7	xCore/Auxiliary/fx_RunTime/fx_SPEmitter.cpp	*			fx_RunTime	analogue-only	pending			
area51-e34a2391a8426699	1	tree-sha256:3aa5a3525f477905b82d93500e5eb6bdd8e259376d5e09b4c06268b54f73df26	sha256:c7fd98bd894cd6eac313785d5c3256e922f7f3761befff45f596f774e46989cb	xCore/Auxiliary/fx_RunTime/fx_SPEmitter.hpp	*			fx_RunTime	analogue-only	pending			
area51-839fe8581749b557	1	tree-sha256:3aa5a3525f477905b82d93500e5eb6bdd8e259376d5e09b4c06268b54f73df26	sha256:71811a0b627e82ee61bdd104c469990ad4f9f708b0467a071bd670c09c404c81	xCore/Auxiliary/fx_RunTime/fx_ShockWave.cpp	*			fx_RunTime	analogue-only	pending			
area51-dc4bc7fbd3e37e10	1	tree-sha256:3aa5a3525f477905b82d93500e5eb6bdd8e259376d5e09b4c06268b54f73df26	sha256:b03db07a1d8212c588ba66dc8f598306c0922bd0ef6b35b547dda469251f578a	xCore/Auxiliary/fx_RunTime/fx_ShockWave.hpp	*			fx_RunTime	analogue-only	pending			
area51-087c4ecec182a7af	1	tree-sha256:3aa5a3525f477905b82d93500e5eb6bdd8e259376d5e09b4c06268b54f73df26	sha256:b0683b769bc548d3ad8c6ea9d2af3ede8a367141ed46d4d8d51122939cf4fa10	xCore/Auxiliary/fx_RunTime/fx_SmoothKeyCtrl.cpp	*			fx_RunTime	analogue-only	pending			
area51-48a4396e8e2b3fc0	1	tree-sha256:3aa5a3525f477905b82d93500e5eb6bdd8e259376d5e09b4c06268b54f73df26	sha256:350d25b8c8ad6b23f5ab8d4deeb671ad697c6199394974e929e784ba3d34f2aa	xCore/Auxiliary/fx_RunTime/fx_Sphere.cpp	*			fx_RunTime	analogue-only	pending			
area51-1768bad3305b02b3	1	tree-sha256:3aa5a3525f477905b82d93500e5eb6bdd8e259376d5e09b4c06268b54f73df26	sha256:b2480ce825b2f3e75e5f607f5c43082731d426ba4ae38a7f0d8e9b990df524ce	xCore/Auxiliary/fx_RunTime/fx_Sphere.hpp	*			fx_RunTime	analogue-only	pending			
area51-8ddd0f3ef79491fc	1	tree-sha256:3aa5a3525f477905b82d93500e5eb6bdd8e259376d5e09b4c06268b54f73df26	sha256:1f3fd2abc3af7bfdabb3ce01b3f80ba317be197ea606888cb584303c5aed6235	xCore/Auxiliary/fx_RunTime/fx_Sprite.cpp	*			fx_RunTime	analogue-only	pending			
area51-aa90deda0b9e8b2c	1	tree-sha256:3aa5a3525f477905b82d93500e5eb6bdd8e259376d5e09b4c06268b54f73df26	sha256:a368bc0414b1030d33b869812822a04d079e9d0279d3f4a61f967c2db6644352	xCore/Auxiliary/fx_RunTime/fx_Sprite.hpp	*			fx_RunTime	analogue-only	pending			
area51-95e43dda5979120c	1	tree-sha256:3aa5a3525f477905b82d93500e5eb6bdd8e259376d5e09b4c06268b54f73df26	sha256:79cb351df5302b4fb07d135cda851a16a1a25304aa2090e52eb7f70b06e05fa6	xCore/Entropy/Audio/Hardware/audio_hardware_pc.cpp	*				analogue-only	pending			
area51-4a94d4f8ea7eab2f	1	tree-sha256:3aa5a3525f477905b82d93500e5eb6bdd8e259376d5e09b4c06268b54f73df26	sha256:8c10c9a4d3efa1afcb37f2787570eaab19ca9e4c6e2f3bdc5eb581cf9491c7ed	xCore/Entropy/Audio/Hardware/audio_hardware_xbox.cpp	*			Entropy	analogue-only	pending			
area51-6747cdb1b51f0f9a	1	tree-sha256:3aa5a3525f477905b82d93500e5eb6bdd8e259376d5e09b4c06268b54f73df26	sha256:dbe4705d03d0d918cface1944124e0524afd5bfb7aad424ecd68bf1144c03ab4	xCore/Entropy/Audio/Hardware/audio_stream_pc.cpp	*				analogue-only	pending			
area51-e430bde607c66adb	1	tree-sha256:3aa5a3525f477905b82d93500e5eb6bdd8e259376d5e09b4c06268b54f73df26	sha256:aecf5eaff17619a38ee6ecb5c65994d6b2e3addb2fd83e4a30c760ca5d943907	xCore/Entropy/Audio/Hardware/audio_stream_xbox.cpp	*			Entropy	analogue-only	pending			
area51-8e112e2e2cb13344	1	tree-sha256:3aa5a3525f477905b82d93500e5eb6bdd8e259376d5e09b4c06268b54f73df26	sha256:1c2a973de5548db373a3ab6a5fb101dcda13d4dde0f4fda4eb21662e7cb41407	xCore/Entropy/Audio/audio_channel_mgr.cpp	*			Entropy	analogue-only	pending			
area51-4ca77753470486bd	1	tree-sha256:3aa5a3525f477905b82d93500e5eb6bdd8e259376d5e09b4c06268b54f73df26	sha256:e8ddf491e0307b89c46200ae85b357c4d3d59644ca146adb5e6d7ef2dc731e2b	xCore/Entropy/Audio/audio_channel_mgr.hpp	*			Entropy	analogue-only	pending			
area51-58d47f4d55402b82	1	tree-sha256:3aa5a3525f477905b82d93500e5eb6bdd8e259376d5e09b4c06268b54f73df26	sha256:455c6b0ca1568f681fb9d655be0353883d6bd1e174336c4bf9090d63d177cc72	xCore/Entropy/Audio/audio_mgr.cpp	*			Entropy	analogue-only	pending			
area51-d2152bc235bc6f25	1	tree-sha256:3aa5a3525f477905b82d93500e5eb6bdd8e259376d5e09b4c06268b54f73df26	sha256:6083bdb175498b3192e3878fd42a3002dfc9728c3d639185e91741065b41c796	xCore/Entropy/Audio/audio_package.cpp	*			Entropy	analogue-only	pending			
area51-c6e979405a3bc7bb	1	tree-sha256:3aa5a3525f477905b82d93500e5eb6bdd8e259376d5e09b4c06268b54f73df26	sha256:bde8b627951bf1c3f4abe229d02975ef89cadbbb9500d0ce014e9584f641971f	xCore/Entropy/Audio/audio_package.hpp	*			Entropy	analogue-only	pending			
area51-210d1f7f2799b918	1	tree-sha256:3aa5a3525f477905b82d93500e5eb6bdd8e259376d5e09b4c06268b54f73df26	sha256:1a6079cceb0321cd5792f8ad342dfb807e5448d1b422ac6287be3b79381c1467	xCore/Entropy/Audio/audio_stream_mgr.cpp	*			Entropy	analogue-only	pending			
area51-3a2d24bd964d0f0c	1	tree-sha256:3aa5a3525f477905b82d93500e5eb6bdd8e259376d5e09b4c06268b54f73df26	sha256:af28158146acc80c84c646a7dfbd9b2867c094571737abe56f47dba2c3d55147	xCore/Entropy/Audio/audio_stream_mgr.hpp	*			Entropy	analogue-only	pending			
area51-17eeacc22b72c35f	1	tree-sha256:3aa5a3525f477905b82d93500e5eb6bdd8e259376d5e09b4c06268b54f73df26	sha256:f3f4378ca6de5f11bed3e462efd5a1ced4b278efb968b24b0adfadf9efedd06f	xCore/Entropy/Audio/audio_voice_mgr.cpp	*			Entropy	analogue-only	pending			
area51-36247a25622280d8	1	tree-sha256:3aa5a3525f477905b82d93500e5eb6bdd8e259376d5e09b4c06268b54f73df26	sha256:de89c36efc318b04a9c3d557dc3ae5077c4ac646caa8effe46cb2b89e2da51b4	xCore/Entropy/Audio/audio_voice_mgr.hpp	*			Entropy	analogue-only	pending			
area51-c01780394fc00bd5	1	tree-sha256:3aa5a3525f477905b82d93500e5eb6bdd8e259376d5e09b4c06268b54f73df26	sha256:e4ce276d0e58429c1eed113b4b4af99b0af40ce50d8cf1fe4bb8627272a9cbb9	xCore/Entropy/Common/e_Draw.cpp	*			Entropy	analogue-only	pending			
area51-156ad60eaa0bba05	1	tree-sha256:3aa5a3525f477905b82d93500e5eb6bdd8e259376d5e09b4c06268b54f73df26	sha256:0d9ae036835beda98830504dd80a78257fefa5a930839ed22f08c6614bcab363	xCore/Entropy/Common/e_Input.cpp	*			Entropy	analogue-only	pending			
area51-021e4d1ec8a7fb5b	1	tree-sha256:3aa5a3525f477905b82d93500e5eb6bdd8e259376d5e09b4c06268b54f73df26	sha256:5e457fc58533123a1f1b1a36995d4d1963fbfd9c69d953736cab68cda1b4ea1d	xCore/Entropy/Common/e_ScratchMem.cpp	*			Entropy	analogue-only	pending			
area51-a998fa6eda853e65	1	tree-sha256:3aa5a3525f477905b82d93500e5eb6bdd8e259376d5e09b4c06268b54f73df26	sha256:bf8dbc2a1c2e32ffcba6ba935f60e029f1ffb43fa89afcfc9613fc5101865686	xCore/Entropy/Common/e_SimpleAllocator.cpp	*			Entropy	analogue-only	pending			
area51-b677e34d3f661931	1	tree-sha256:3aa5a3525f477905b82d93500e5eb6bdd8e259376d5e09b4c06268b54f73df26	sha256:0e78df1e3f4a54a50005fd8fc1ac35f38922d1a448e614d152248f703b77d2e5	xCore/Entropy/Common/e_Text.cpp	*				analogue-only	pending			
area51-9a8791ed6fe70f16	1	tree-sha256:3aa5a3525f477905b82d93500e5eb6bdd8e259376d5e09b4c06268b54f73df26	sha256:414c8af2ff4d8d8d8b5802e58f4977205594df3e0423b7d19571bebe030fd1b8	xCore/Entropy/Common/e_View.cpp	*			Entropy	analogue-only	pending			
area51-cc8f2c2e6ab15adc	1	tree-sha256:3aa5a3525f477905b82d93500e5eb6bdd8e259376d5e09b4c06268b54f73df26	sha256:36ce0789fbda189e23454f5b8e57796c711ae0ce0920a49f2075c4d310525fde	xCore/Entropy/Common/e_Virtual.cpp	*			Entropy	analogue-only	pending			
area51-77046b6bf078aa85	1	tree-sha256:3aa5a3525f477905b82d93500e5eb6bdd8e259376d5e09b4c06268b54f73df26	sha256:df03b363124909fa254a1a71bfd7cfd7e99b8efbf4dc49155506c9767dfc6ac8	xCore/Entropy/D3DEngine/d3deng_draw.cpp	*				analogue-only	pending			
area51-3b41a91c67b317ed	1	tree-sha256:3aa5a3525f477905b82d93500e5eb6bdd8e259376d5e09b4c06268b54f73df26	sha256:2da00468a4a09fc29913331508ded39330a13da13d1c452cfeae2e1ac0019c26	xCore/Entropy/IOManager/Device_DVD/io_device_dvd.cpp	*			Entropy	analogue-only	pending			
area51-632de10db3b5df54	1	tree-sha256:3aa5a3525f477905b82d93500e5eb6bdd8e259376d5e09b4c06268b54f73df26	sha256:ba1fba7ee757d71a5aed02ea7c2628e7383ed06dae30bcfaa439e2d949eb1e6b	xCore/Entropy/IOManager/Device_DVD/io_device_dvd.hpp	*			Entropy	analogue-only	pending			
area51-135407cc6a004b25	1	tree-sha256:3aa5a3525f477905b82d93500e5eb6bdd8e259376d5e09b4c06268b54f73df26	sha256:12f1379cb51551b43b2681a614c1e98fb394caf4a04d361825cd5d1fd6c955ae	xCore/Entropy/IOManager/Device_DVD/io_device_dvd_xbox.cpp	*			Entropy	analogue-only	pending			
area51-f2afdb3d075b9eac	1	tree-sha256:3aa5a3525f477905b82d93500e5eb6bdd8e259376d5e09b4c06268b54f73df26	sha256:aaf12a9179fb06b749eea8e0f7db1057ae27b4f27b36f56f266d8adf1f1913b3	xCore/Entropy/IOManager/io_cache.cpp	*			Entropy	analogue-only	pending			
area51-083797b53a6ce2bc	1	tree-sha256:3aa5a3525f477905b82d93500e5eb6bdd8e259376d5e09b4c06268b54f73df26	sha256:e4235b4e0f8f780ce619e0e7a65f8214e2288b905be6b1b7edfe7c9428721170	xCore/Entropy/IOManager/io_cache.hpp	*			Entropy	analogue-only	pending			
area51-a4e9ab35c00c8fc5	1	tree-sha256:3aa5a3525f477905b82d93500e5eb6bdd8e259376d5e09b4c06268b54f73df26	sha256:befbe8c11855fcbede9cfc5e64bbf4c4b99f6fe2e751457a7aa83377246268fa	xCore/Entropy/IOManager/io_device.cpp	*			Entropy	analogue-only	pending			
area51-076108d1b740215d	1	tree-sha256:3aa5a3525f477905b82d93500e5eb6bdd8e259376d5e09b4c06268b54f73df26	sha256:4c55936cf96af3635353382013ce1fe223ce04e4e2a537b7be66cb2d9744fe6c	xCore/Entropy/IOManager/io_device.hpp	*			Entropy	analogue-only	pending			
area51-e2fa1b153b4d534c	1	tree-sha256:3aa5a3525f477905b82d93500e5eb6bdd8e259376d5e09b4c06268b54f73df26	sha256:29bd2600c68513acff3d68c1720ca3bf4c484e71561b7805ce8a6217fc090ad1	xCore/Entropy/IOManager/io_dfs.cpp	*			Entropy	analogue-only	pending			
area51-8dad5ef93c32a70c	1	tree-sha256:3aa5a3525f477905b82d93500e5eb6bdd8e259376d5e09b4c06268b54f73df26	sha256:79f10ed766e6a32d82ebfb57350226d372e20af493e6daba0d9f362f8a92dd94	xCore/Entropy/IOManager/io_dfs.hpp	*			Entropy	analogue-only	pending			
area51-de3ce20e77762f05	1	tree-sha256:3aa5a3525f477905b82d93500e5eb6bdd8e259376d5e09b4c06268b54f73df26	sha256:69a480bc9ae24799050ab19a96c6a8cd01b8bd03b4c12699e080389f41b56226	xCore/Entropy/IOManager/io_filesystem.cpp	*			Entropy	analogue-only	pending			
area51-79ce8e2043eed9d8	1	tree-sha256:3aa5a3525f477905b82d93500e5eb6bdd8e259376d5e09b4c06268b54f73df26	sha256:f3a28c1a007b8d1bec312634b338b25d06941964e4c830a55e1ab9ceefc2378c	xCore/Entropy/IOManager/io_filesystem.hpp	*			Entropy	analogue-only	pending			
area51-85dd64536ba220ea	1	tree-sha256:3aa5a3525f477905b82d93500e5eb6bdd8e259376d5e09b4c06268b54f73df26	sha256:11579374d6a67d55eace1e7a8a6a8646ccf2b310e61c9d5f03b37ddcf8b67177	xCore/Entropy/IOManager/io_mgr.cpp	*			Entropy	analogue-only	pending			
area51-fe36374f98c87a57	1	tree-sha256:3aa5a3525f477905b82d93500e5eb6bdd8e259376d5e09b4c06268b54f73df26	sha256:975455c95ca2bc41712009e2247cd8ed6466bd0472b2ea83dda54b0f6ba83295	xCore/Entropy/IOManager/io_mgr.hpp	*			Entropy	analogue-only	pending			
area51-59b54973570b8650	1	tree-sha256:3aa5a3525f477905b82d93500e5eb6bdd8e259376d5e09b4c06268b54f73df26	sha256:a1f2bb96d7cf1f69ad94977c2afb38ed40eb1ff8d0cc008d5c21d028f06fa6a7	xCore/Entropy/IOManager/io_request.cpp	*			Entropy	analogue-only	pending			
area51-174639b5108cd00a	1	tree-sha256:3aa5a3525f477905b82d93500e5eb6bdd8e259376d5e09b4c06268b54f73df26	sha256:2a8c5e0286e648b72198d5e5ef71164e433acf845aa050d10a5a4932ced2fb5f	xCore/Entropy/IOManager/io_request.hpp	*			Entropy	analogue-only	pending			
area51-84d774dae99313b3	1	tree-sha256:3aa5a3525f477905b82d93500e5eb6bdd8e259376d5e09b4c06268b54f73df26	sha256:4b7fc7081a14c7ea184dc35b44ac8f6636ae183fd18dbdecb83535d00a8cd7fc	xCore/Entropy/MemCard/memcard.cpp	*			Entropy	analogue-only	pending			
area51-40d4170a380580ac	1	tree-sha256:3aa5a3525f477905b82d93500e5eb6bdd8e259376d5e09b4c06268b54f73df26	sha256:ef0110716e31fc5c109f90aa10d0d5f59c1c3307e7f4464cbc70e3bfead7c160	xCore/Entropy/MemCard/memcard_xbox.cpp	*			Entropy	analogue-only	pending			
area51-46e312e66b944b8f	1	tree-sha256:3aa5a3525f477905b82d93500e5eb6bdd8e259376d5e09b4c06268b54f73df26	sha256:67af9a4427ef527264eb3b24649aa23b9679ca96a70fb3c2c4d505b5aea431fa	xCore/Entropy/Xbox/IndexMgr.cpp	*			Entropy	analogue-only	pending			
area51-45775240bf022341	1	tree-sha256:3aa5a3525f477905b82d93500e5eb6bdd8e259376d5e09b4c06268b54f73df26	sha256:24331b846398526cb0c655f520ea6cf99242ce27e09ad26d5d6a792f59f4f0fd	xCore/Entropy/Xbox/IndexMgr.hpp	*			Entropy	analogue-only	pending			
area51-3c48a0a142290017	1	tree-sha256:3aa5a3525f477905b82d93500e5eb6bdd8e259376d5e09b4c06268b54f73df26	sha256:121d8bb06c0a8bbc81bdae4766ae40797f44ba8d08cec1fcff335c004069e607	xCore/Entropy/Xbox/PushMgr.cpp	*			Entropy	analogue-only	pending			
area51-d5ee19461554a759	1	tree-sha256:3aa5a3525f477905b82d93500e5eb6bdd8e259376d5e09b4c06268b54f73df26	sha256:105d4e505e1e0c622b25acc76a2dbb535e55ee50940f763a95119b4079e81b31	xCore/Entropy/Xbox/PushMgr.hpp	*			Entropy	analogue-only	pending			
area51-31d1ee7abbc976e5	1	tree-sha256:3aa5a3525f477905b82d93500e5eb6bdd8e259376d5e09b4c06268b54f73df26	sha256:7f502133b81e5fa6099b76d5da3cc14fa124d048f867c6a5fbd361b56d2a6d77	xCore/Entropy/Xbox/TextureMgr.cpp	*			Entropy	analogue-only	pending			
area51-c4c2eb40df467589	1	tree-sha256:3aa5a3525f477905b82d93500e5eb6bdd8e259376d5e09b4c06268b54f73df26	sha256:4cb4586f33a8edf476223607c311242f19a1e1476acd5dfbb56233bcf4f75abb	xCore/Entropy/Xbox/TextureMgr.hpp	*			Entropy	analogue-only	pending			
area51-fd6a19a6d5ffed0b	1	tree-sha256:3aa5a3525f477905b82d93500e5eb6bdd8e259376d5e09b4c06268b54f73df26	sha256:e3e00f3719d39a10d91a6afcc34eb2f0aa7d475927e725165904cbc658a1ffd0	xCore/Entropy/Xbox/VertexMgr.cpp	*			Entropy	analogue-only	pending			
area51-37cdd6cacd83632e	1	tree-sha256:3aa5a3525f477905b82d93500e5eb6bdd8e259376d5e09b4c06268b54f73df26	sha256:4a60bfe133a107eaebfde4ec0d5d155844c4d48296f5582bc6ff724a2f5863a6	xCore/Entropy/Xbox/VertexMgr.hpp	*			Entropy	analogue-only	pending			
area51-5ccb957a1cb99a30	1	tree-sha256:3aa5a3525f477905b82d93500e5eb6bdd8e259376d5e09b4c06268b54f73df26	sha256:0f7c38b4ee4d97c855c8925a01ff8c8d5f9a3b75209c5b83f009828be0a69def	xCore/Entropy/Xbox/VertexMgrXBOX.cpp	*			Entropy	analogue-only	pending			
area51-e21cfb8a9ba13854	1	tree-sha256:3aa5a3525f477905b82d93500e5eb6bdd8e259376d5e09b4c06268b54f73df26	sha256:b4bd345d7756db7f92c6c244d00f90dff9799ae5d0e3b3ee92b9ba68123c85d8	xCore/Entropy/Xbox/Xbox.cpp	*			Entropy	analogue-only	pending			
area51-61b49c5a85e56e41	1	tree-sha256:3aa5a3525f477905b82d93500e5eb6bdd8e259376d5e09b4c06268b54f73df26	sha256:25430867716eed3229bf5a02d96e86f81c8d2e63bb632c38ea7318352c1380a4	xCore/Entropy/Xbox/Xbox_draw.cpp	*			Entropy	analogue-only	pending			
area51-92042269e8073238	1	tree-sha256:3aa5a3525f477905b82d93500e5eb6bdd8e259376d5e09b4c06268b54f73df26	sha256:e89c77d420f2de39a858401ed5211a69c7f8ea636483adb48b72677767f47942	xCore/Entropy/Xbox/Xbox_input.cpp	*			Entropy	analogue-only	pending			
area51-bc274cad56c39e14	1	tree-sha256:3aa5a3525f477905b82d93500e5eb6bdd8e259376d5e09b4c06268b54f73df26	sha256:3f9c8b0dd62e194c290dc411c0905cdf39d8d6910fc936ff3d2684bb7033a424	xCore/Entropy/Xbox/Xbox_vram.cpp	*			Entropy	analogue-only	pending			
area51-b4e35188b978f810	1	tree-sha256:3aa5a3525f477905b82d93500e5eb6bdd8e259376d5e09b4c06268b54f73df26	sha256:fe66723ec51f54add85da46739262ba3933201dc4069387e60d1099c4b85dd8a	xCore/Entropy/Xbox/xbox_font.cpp	*			Entropy	analogue-only	pending			
area51-6d367e2069cd8fae	1	tree-sha256:3aa5a3525f477905b82d93500e5eb6bdd8e259376d5e09b4c06268b54f73df26	sha256:549ee6b50edd8d95b41509141400bb02a26e822abbd94848a3d78f2dd53b3c39	xCore/Entropy/Xbox/xbox_font.hpp	*			Entropy	analogue-only	pending			
area51-ab19d3401dbca2fa	1	tree-sha256:3aa5a3525f477905b82d93500e5eb6bdd8e259376d5e09b4c06268b54f73df26	sha256:dd31ebfac3dd8896a18341a90aeb7eeafa1226424a9ac2c572b10d8da86a9f71	xCore/Entropy/e_Draw.hpp	*			Entropy	analogue-only	pending			
area51-7c2111524e23b3c9	1	tree-sha256:3aa5a3525f477905b82d93500e5eb6bdd8e259376d5e09b4c06268b54f73df26	sha256:f78354d360b816f1820f1d917add240dea8fffad68df50afdfe66100733131a5	xCore/Entropy/e_Input.hpp	*			Entropy	analogue-only	pending			
area51-cf2293155bc4c477	1	tree-sha256:3aa5a3525f477905b82d93500e5eb6bdd8e259376d5e09b4c06268b54f73df26	sha256:033af1d683c4edbfd209d1608c958fc8013335ae720fcedbbf4501c07bc2ebf5	xCore/Entropy/e_ScratchMem.hpp	*			Entropy	analogue-only	pending			
area51-00b65746e4254724	1	tree-sha256:3aa5a3525f477905b82d93500e5eb6bdd8e259376d5e09b4c06268b54f73df26	sha256:75b5bd5f4f37cb145b626b8c62c832659a231372e2b349b9941cb60436712619	xCore/Entropy/e_SimpleAllocator.hpp	*			Entropy	analogue-only	pending			
area51-27a0fedcf665db8b	1	tree-sha256:3aa5a3525f477905b82d93500e5eb6bdd8e259376d5e09b4c06268b54f73df26	sha256:566f4b3d4c6629a8ce589bab30f7b2db1aeb893c9bacf4822f893a0b4a3139f9	xCore/Entropy/e_View.hpp	*			Entropy	analogue-only	pending			
area51-9322bbb09e908e50	1	tree-sha256:3aa5a3525f477905b82d93500e5eb6bdd8e259376d5e09b4c06268b54f73df26	sha256:1e02b4b21ff4756ef68c881c1776fb6541dcfb359a08fd89f8f84b70c5ebf83c	xCore/Entropy/e_Virtual.hpp	*			Entropy	analogue-only	pending			
area51-5960f4c468edaf87	1	tree-sha256:3aa5a3525f477905b82d93500e5eb6bdd8e259376d5e09b4c06268b54f73df26	sha256:65552aba0f045d08edbac49621a6fa74e394e5aa4c4be6e15d01dda28123abc7	xCore/MeshUtil/RawAnim.cpp	*			MeshUtil	analogue-only	pending			
area51-9a1d7a70ec551891	1	tree-sha256:3aa5a3525f477905b82d93500e5eb6bdd8e259376d5e09b4c06268b54f73df26	sha256:af19d4aa3c324464f74805a5912bff83fe30e2b0f00a6802aed85edb13f4fe93	xCore/MeshUtil/RawAnim.hpp	*			MeshUtil	analogue-only	pending			
area51-b2493a7f7d671b99	1	tree-sha256:3aa5a3525f477905b82d93500e5eb6bdd8e259376d5e09b4c06268b54f73df26	sha256:77c7a1c96e2bc7d852b89c527d36973599aa3464545665440e642c166806cc38	xCore/MeshUtil/RawMesh.cpp	*			MeshUtil	analogue-only	pending			
area51-99612841bb45d971	1	tree-sha256:3aa5a3525f477905b82d93500e5eb6bdd8e259376d5e09b4c06268b54f73df26	sha256:bc9031e5459080b90fb4b9a03aa7ef3f446659282756521d83c243d290394f8c	xCore/MeshUtil/RawMesh.hpp	*			MeshUtil	analogue-only	pending			
area51-4cb5c2d79f9044db	1	tree-sha256:3aa5a3525f477905b82d93500e5eb6bdd8e259376d5e09b4c06268b54f73df26	sha256:2f9498fae234a1399f35def66b6752d97b349a2011b2908e17980f1d0ab8af92	xCore/Parsing/TextIn.cpp	*			Parsing	analogue-only	pending			
area51-43a04b3a06e6fc28	1	tree-sha256:3aa5a3525f477905b82d93500e5eb6bdd8e259376d5e09b4c06268b54f73df26	sha256:c8d4ef5a4d2e9486fba1c297d8f75132ed20ea805800464ee153ffb02e04a117	xCore/Parsing/TextIn.hpp	*			Parsing	analogue-only	pending			
area51-984a7870e27e0927	1	tree-sha256:3aa5a3525f477905b82d93500e5eb6bdd8e259376d5e09b4c06268b54f73df26	sha256:710d0f1b29eeaaa81bb2a1f2e7cde93e2b1e55a6f4a6b3940cc4fd3317e8e6c0	xCore/Parsing/TextOut.cpp	*			Parsing	analogue-only	pending			
area51-627f88e29d0e5de5	1	tree-sha256:3aa5a3525f477905b82d93500e5eb6bdd8e259376d5e09b4c06268b54f73df26	sha256:c975a3124e3b7ef15e86317a775611e931330c0e770395f2cd9a46b933f97fd9	xCore/Parsing/TextOut.hpp	*			Parsing	analogue-only	pending			
area51-99ff0be99ae59540	1	tree-sha256:3aa5a3525f477905b82d93500e5eb6bdd8e259376d5e09b4c06268b54f73df26	sha256:c42436a681074b76e955394fd4490dcce1791300e80aa01bea80f1e83a8751ab	xCore/Parsing/tokenizer.cpp	*			Parsing	analogue-only	pending			
area51-1deaf718cef2de3f	1	tree-sha256:3aa5a3525f477905b82d93500e5eb6bdd8e259376d5e09b4c06268b54f73df26	sha256:29abfb2ca566ca5aea4005fe9a1a3c44d99253334fa0824a0cc054ecf2b5f810	xCore/Parsing/tokenizer.hpp	*			Parsing	analogue-only	pending			
area51-a39af27bd1c5ef03	1	tree-sha256:3aa5a3525f477905b82d93500e5eb6bdd8e259376d5e09b4c06268b54f73df26	sha256:45f834a1a42c4b223fee337c6ae7ef8b90e913c46e28374ecc6f5717e42303ff	xCore/Projects/Draw01/Main.cpp	*			(application)	analogue-only	pending			
area51-cd013a96278c5458	1	tree-sha256:3aa5a3525f477905b82d93500e5eb6bdd8e259376d5e09b4c06268b54f73df26	sha256:b440e0219abdfd3ec104e33e5e6a67b22ed442202be90334ea6c68d7e5412ca2	xCore/Projects/FileServer/main.cpp	*			(application)	analogue-only	pending			
area51-e9ff10f8add11ef4	1	tree-sha256:3aa5a3525f477905b82d93500e5eb6bdd8e259376d5e09b4c06268b54f73df26	sha256:d2aaeb7777be4941e4b5f094648c0717af989e9cb4e0e2baea7b18fae949ceb1	xCore/Projects/SoundPkg/main.cpp	*			(application)	analogue-only	pending			
area51-ad9fc9e6902db03d	1	tree-sha256:3aa5a3525f477905b82d93500e5eb6bdd8e259376d5e09b4c06268b54f73df26	sha256:fd11bb57c4be4b2cfa42cd109623655727b79bc9aa6eb3b14720deaff32fe4b4	xCore/Projects/SoundPkg/main.hpp	*			(application)	analogue-only	pending			
area51-274fe10686a3df12	1	tree-sha256:3aa5a3525f477905b82d93500e5eb6bdd8e259376d5e09b4c06268b54f73df26	sha256:e732dbb55544edef0d5d1ec91cf4a7694fc6be56f997f30fbdd5918b0b6eb54a	xCore/Projects/StringTool/crt0.c	*			LIBCMT	analogue-only	pending			
area51-611bf214ea0807ef	1	tree-sha256:3aa5a3525f477905b82d93500e5eb6bdd8e259376d5e09b4c06268b54f73df26	sha256:e732dbb55544edef0d5d1ec91cf4a7694fc6be56f997f30fbdd5918b0b6eb54a	xCore/Projects/cdfsBuild/crt0/CRT0.C	*			LIBCMT	analogue-only	pending			
area51-5aab08f1cb63a2fc	1	tree-sha256:3aa5a3525f477905b82d93500e5eb6bdd8e259376d5e09b4c06268b54f73df26	sha256:e732dbb55544edef0d5d1ec91cf4a7694fc6be56f997f30fbdd5918b0b6eb54a	xCore/Projects/xbmpTool/crt0.c	*			LIBCMT	analogue-only	pending			
area51-ac32480f89473af1	1	tree-sha256:3aa5a3525f477905b82d93500e5eb6bdd8e259376d5e09b4c06268b54f73df26	sha256:7ec00f4219448a5aebfba6875614ccd6ad7df94f74d470ff0defc9e0fdbc917c	xCore/x_files/Implementation/x_bitmap.cpp	*			x_files	analogue-only	pending			
area51-cbec028f6245d076	1	tree-sha256:3aa5a3525f477905b82d93500e5eb6bdd8e259376d5e09b4c06268b54f73df26	sha256:c08edcbb8bbdc14afa8512f5fa9c3892af3ca41e74c1d644b8b066de97766592	xCore/x_files/Implementation/x_bitmap_cmap.cpp	*			x_files	analogue-only	pending			
area51-bfc92623150383b5	1	tree-sha256:3aa5a3525f477905b82d93500e5eb6bdd8e259376d5e09b4c06268b54f73df26	sha256:1afdf5cb5bbba10bb6f2896f9eaa79ddf5a26de77b3cc280cabe323a9399caa4	xCore/x_files/Implementation/x_bitmap_convert.cpp	*			x_files	analogue-only	pending			
area51-83210535f8b01617	1	tree-sha256:3aa5a3525f477905b82d93500e5eb6bdd8e259376d5e09b4c06268b54f73df26	sha256:5bc7aa018ab13b574264f4f5700f0894be0595010762f0a04ab9cf78289b4ae2	xCore/x_files/Implementation/x_bitmap_io.cpp	*			x_files	analogue-only	pending			
area51-8667e107c53b9bc2	1	tree-sha256:3aa5a3525f477905b82d93500e5eb6bdd8e259376d5e09b4c06268b54f73df26	sha256:f0e1105c3e4187d45e2b0fdb679afc7149681bda1eff0e9e450a9ad38a45b361	xCore/x_files/Implementation/x_bitmap_quant.cpp	*			x_files	analogue-only	pending			
area51-86e2a362680eeb0d	1	tree-sha256:3aa5a3525f477905b82d93500e5eb6bdd8e259376d5e09b4c06268b54f73df26	sha256:fea8e6b853e5ed62472d8b13d01948985455b5219a36d2173a2605aa8dcc6220	xCore/x_files/Implementation/x_bytestream.cpp	*			x_files	analogue-only	pending			
area51-d1d8b6a738a921de	1	tree-sha256:3aa5a3525f477905b82d93500e5eb6bdd8e259376d5e09b4c06268b54f73df26	sha256:9dd1f6e0877b1e15cab7cddc2ee9d32c131b6a6132a11f7b4533a5109d4e4eb0	xCore/x_files/Implementation/x_context.cpp	*				analogue-only	pending			
area51-24ee358886b21324	1	tree-sha256:3aa5a3525f477905b82d93500e5eb6bdd8e259376d5e09b4c06268b54f73df26	sha256:3694e682b4babbbb292bfb91df63300509e084b514adced8734b9cbae13b7632	xCore/x_files/Implementation/x_debug.cpp	*			x_files	analogue-only	pending			
area51-ff0deb40aadd630a	1	tree-sha256:3aa5a3525f477905b82d93500e5eb6bdd8e259376d5e09b4c06268b54f73df26	sha256:a1262f8ae1fbbf70c651836292f26ad50ad83eb617f05ab30e63dadf5a2257b3	xCore/x_files/Implementation/x_files.cpp	*			x_files	analogue-only	pending			
area51-14ccb7918a815d0f	1	tree-sha256:3aa5a3525f477905b82d93500e5eb6bdd8e259376d5e09b4c06268b54f73df26	sha256:fce764364083443acf415e3ecce1e8d6972149a8b5eca1813b2ac0e1c49837b5	xCore/x_files/Implementation/x_malloc.cpp	*			x_files	analogue-only	pending			
area51-16f1077877752024	1	tree-sha256:3aa5a3525f477905b82d93500e5eb6bdd8e259376d5e09b4c06268b54f73df26	sha256:47fd5dcf95cbc53b28a92a9460cad5acd4b6b1ef8f6935e2a12fb070ac703221	xCore/x_files/Implementation/x_math.cpp	*			x_files	analogue-only	pending			
area51-fbe0f79d0e925c87	1	tree-sha256:3aa5a3525f477905b82d93500e5eb6bdd8e259376d5e09b4c06268b54f73df26	sha256:d32c91a1acf32456ec1ea4a0bbdd5f50316758869118de409c8d3995833067f9	xCore/x_files/Implementation/x_math_basic.cpp	*			x_files	analogue-only	pending			
area51-b1e21384cad4d668	1	tree-sha256:3aa5a3525f477905b82d93500e5eb6bdd8e259376d5e09b4c06268b54f73df26	sha256:b1ebfb1d746abedaa6c4dd2179956758c6210e09f8781d6edd39c68f3a3544f7	xCore/x_files/Implementation/x_memory.cpp	*			x_files	analogue-only	pending			
area51-94443aa9f31f42a2	1	tree-sha256:3aa5a3525f477905b82d93500e5eb6bdd8e259376d5e09b4c06268b54f73df26	sha256:281a32ebe005a1eddd26bce432a61f97ad1e6f744cf6adf2ac06674a8be7c6c9	xCore/x_files/Implementation/x_mqueue.cpp	*			x_files	analogue-only	pending			
area51-613bf63645ad209a	1	tree-sha256:3aa5a3525f477905b82d93500e5eb6bdd8e259376d5e09b4c06268b54f73df26	sha256:c39a36e0d0ffea12d2535d3c9b8d517ff1668dfe33eb89238b7d28995ff265de	xCore/x_files/Implementation/x_mutex.cpp	*			x_files	analogue-only	pending			
area51-c9937e97f2a01da2	1	tree-sha256:3aa5a3525f477905b82d93500e5eb6bdd8e259376d5e09b4c06268b54f73df26	sha256:6974f1763ec61508ffd5d65eb69ad5fbf9c228637f261d86941e807fc2c3967c	xCore/x_files/Implementation/x_plus.cpp	*			x_files	analogue-only	pending			
area51-58aff73f875205a8	1	tree-sha256:3aa5a3525f477905b82d93500e5eb6bdd8e259376d5e09b4c06268b54f73df26	sha256:a98739e466bddf1ae18ab261a87bf1d9810aad5b4be56fc2a9da32c76e98e776	xCore/x_files/Implementation/x_stdio.cpp	*			x_files	analogue-only	pending			
area51-98e1ac768110afe2	1	tree-sha256:3aa5a3525f477905b82d93500e5eb6bdd8e259376d5e09b4c06268b54f73df26	sha256:44440de2e37a11790d318cefbfe581107206088b8dbcbfce7f6c9fa43c8859a0	xCore/x_files/Implementation/x_string.cpp	*			x_files	analogue-only	pending			
area51-920055d80dea68a4	1	tree-sha256:3aa5a3525f477905b82d93500e5eb6bdd8e259376d5e09b4c06268b54f73df26	sha256:25ead7400b9102ee13ba7028b0f8b3e87411bd238c2d0f3511280a61d12eabbb	xCore/x_files/Implementation/x_threads.cpp	*			x_files	analogue-only	pending			
area51-3591386724d5eb8a	1	tree-sha256:3aa5a3525f477905b82d93500e5eb6bdd8e259376d5e09b4c06268b54f73df26	sha256:eacf17fcc0052a4a8dc15160587e16eb7bfdd78c670ee84b3a5c308ac9884980	xCore/x_files/Implementation/x_time.cpp	*			x_files	analogue-only	pending			
area51-21e5faa11ea0bca9	1	tree-sha256:3aa5a3525f477905b82d93500e5eb6bdd8e259376d5e09b4c06268b54f73df26	sha256:d80cd8d63e82060a98f19756d8617c88b21f395bb64a55bf3ed73eb168bd17bf	xCore/x_files/Implementation/x_vsprintf.cpp	*			x_files	analogue-only	pending			
area51-670b9b493e3559b3	1	tree-sha256:3aa5a3525f477905b82d93500e5eb6bdd8e259376d5e09b4c06268b54f73df26	sha256:ea75acb99e3fb191b860057d4bcbf91a03968479e80c3076051b24fbc3ea7336	xCore/x_files/x_bitmap.hpp	*			x_files	analogue-only	pending			
area51-066776c0dd83f1f3	1	tree-sha256:3aa5a3525f477905b82d93500e5eb6bdd8e259376d5e09b4c06268b54f73df26	sha256:756a8cfd67d3647fa1096a66fd768d8714af5f252900c90816b390390d29df9b	xCore/x_files/x_bytestream.hpp	*			x_files	analogue-only	pending			
area51-b077944a0e15eefd	1	tree-sha256:3aa5a3525f477905b82d93500e5eb6bdd8e259376d5e09b4c06268b54f73df26	sha256:4836a2a06bf980fa4b1806f0c8bbbc98c1456159be75a445421ff00024ea641e	xCore/x_files/x_debug.hpp	*			x_files	analogue-only	pending			
area51-3654e4f60db90796	1	tree-sha256:3aa5a3525f477905b82d93500e5eb6bdd8e259376d5e09b4c06268b54f73df26	sha256:becf29b936bb3e4a6fe013e0f96a4ac605ed0d5c8435ead45a41a116999d8dda	xCore/x_files/x_files.hpp	*			x_files	analogue-only	pending			
area51-779b3e70c698f1f5	1	tree-sha256:3aa5a3525f477905b82d93500e5eb6bdd8e259376d5e09b4c06268b54f73df26	sha256:1cd2493caa4d5a30d8bc4c1b5f9cd96ce44aa1989951d940584f7d773b810630	xCore/x_files/x_math.hpp	*			x_files	analogue-only	pending			
area51-c890c75be0e09ba3	1	tree-sha256:3aa5a3525f477905b82d93500e5eb6bdd8e259376d5e09b4c06268b54f73df26	sha256:90be08838f5a08b24eb840284b88700a41f8f2138624fb925db4a1d20db22835	xCore/x_files/x_memory.hpp	*			x_files	analogue-only	pending			
area51-03abf98e8fb97259	1	tree-sha256:3aa5a3525f477905b82d93500e5eb6bdd8e259376d5e09b4c06268b54f73df26	sha256:c2528256627027a2d66061739df830f5f5fe1c2827ad68b20159f51ebd9fc94a	xCore/x_files/x_plus.hpp	*			x_files	analogue-only	pending			
area51-69ce7e25fee457ae	1	tree-sha256:3aa5a3525f477905b82d93500e5eb6bdd8e259376d5e09b4c06268b54f73df26	sha256:0e8ab8b362ea38b03311ca67d8fb392fd1602f0667076d9abcd75e04e27cad53	xCore/x_files/x_stdio.hpp	*			x_files	analogue-only	pending			
area51-37909c1bc2d9f0c9	1	tree-sha256:3aa5a3525f477905b82d93500e5eb6bdd8e259376d5e09b4c06268b54f73df26	sha256:c0fb50a88e548b8044d6968c48669820c9deeb8262e339994bae5457bdd7f5b2	xCore/x_files/x_string.hpp	*			x_files	analogue-only	pending			
area51-95a4f0c3261e3cf2	1	tree-sha256:3aa5a3525f477905b82d93500e5eb6bdd8e259376d5e09b4c06268b54f73df26	sha256:a369ce5d5979275a79aa4b63e5bb7b860ffd75b3ed798b467f6b288d1e1fe640	xCore/x_files/x_threads.hpp	*			x_files	analogue-only	pending			
area51-d2ecff1448e19e17	1	tree-sha256:3aa5a3525f477905b82d93500e5eb6bdd8e259376d5e09b4c06268b54f73df26	sha256:4fb5631358ba043c02861b641f0d61e74f38442f77d55545baa7f72c6a602007	xCore/x_files/x_time.hpp	*			x_files	analogue-only	pending			
area51-d3826921f2a4a283	1	tree-sha256:3aa5a3525f477905b82d93500e5eb6bdd8e259376d5e09b4c06268b54f73df26	sha256:bc7160979d3f60665057759f43d712b8ba4e2c527bb926f7adb16c38e04ed4a3	xCore/x_files_iop/Implementation/x_bytestream.cpp	*			x_files	analogue-only	pending			
area51-e38cf76d965c367a	1	tree-sha256:3aa5a3525f477905b82d93500e5eb6bdd8e259376d5e09b4c06268b54f73df26	sha256:6ce936219a0a64a5ff384cd85408a7de1ed97b8ffd456a322837becf36a731d2	xCore/x_files_iop/Implementation/x_debug.cpp	*			x_files	analogue-only	pending			
area51-2a60cabf87d50f87	1	tree-sha256:3aa5a3525f477905b82d93500e5eb6bdd8e259376d5e09b4c06268b54f73df26	sha256:90816b2d647cbcd8f755d2f401a198aeb8066d095645e185e5f1e94bf3f961a9	xCore/x_files_iop/Implementation/x_files.cpp	*			x_files	analogue-only	pending			
area51-593852a30110659c	1	tree-sha256:3aa5a3525f477905b82d93500e5eb6bdd8e259376d5e09b4c06268b54f73df26	sha256:d974457db75603c785dad7cab8f4959b7ad099250c7004d3cf8d9c0bacaf763d	xCore/x_files_iop/Implementation/x_memory.cpp	*			x_files	analogue-only	pending			
area51-afd86208cf621d02	1	tree-sha256:3aa5a3525f477905b82d93500e5eb6bdd8e259376d5e09b4c06268b54f73df26	sha256:53db0ef0e633adb902cae49e3bc764b726db8a63f2b0180f4256b682d88ce4d6	xCore/x_files_iop/Implementation/x_mqueue.cpp	*			x_files	analogue-only	pending			
area51-dd087b292a3dc8bf	1	tree-sha256:3aa5a3525f477905b82d93500e5eb6bdd8e259376d5e09b4c06268b54f73df26	sha256:ce1a477e07781f5f933352e779ea3a50043fc1db754c5b925943630619645f1e	xCore/x_files_iop/Implementation/x_mutex.cpp	*			x_files	analogue-only	pending			
area51-f49ed9ec4061b4bf	1	tree-sha256:3aa5a3525f477905b82d93500e5eb6bdd8e259376d5e09b4c06268b54f73df26	sha256:2ee466b89edb0e119ef92c402c9b4f4bdc2bbefa4d9169434ac866a1fd67d4cf	xCore/x_files_iop/Implementation/x_plus.cpp	*			x_files	analogue-only	pending			
area51-e06a66a0dc1bc2df	1	tree-sha256:3aa5a3525f477905b82d93500e5eb6bdd8e259376d5e09b4c06268b54f73df26	sha256:86c2d17d1c45b0b4e670d40428bbc99b022daa4d42553916727ea2110929c818	xCore/x_files_iop/Implementation/x_stdio.cpp	*			x_files	analogue-only	pending			
area51-583992bd54b79bb7	1	tree-sha256:3aa5a3525f477905b82d93500e5eb6bdd8e259376d5e09b4c06268b54f73df26	sha256:2a4631e4e64f5e1f6b25fb82740c816edb7747a0a6ef6c8bc69d9fef1174923e	xCore/x_files_iop/Implementation/x_string.cpp	*			x_files	analogue-only	pending			
area51-177f309781d6e7ce	1	tree-sha256:3aa5a3525f477905b82d93500e5eb6bdd8e259376d5e09b4c06268b54f73df26	sha256:114a64fc7d9fa83f253755f585e49636692f4cdface741d2592a186531b9b76a	xCore/x_files_iop/Implementation/x_threads.cpp	*			x_files	analogue-only	pending			
area51-0d761628d536da63	1	tree-sha256:3aa5a3525f477905b82d93500e5eb6bdd8e259376d5e09b4c06268b54f73df26	sha256:c14563e0d68fa862a9808c9b17e57a0c92a7b734836787e56211778f80061bb1	xCore/x_files_iop/Implementation/x_time.cpp	*			x_files	analogue-only	pending			
area51-c5622d65fb501736	1	tree-sha256:3aa5a3525f477905b82d93500e5eb6bdd8e259376d5e09b4c06268b54f73df26	sha256:d80cd8d63e82060a98f19756d8617c88b21f395bb64a55bf3ed73eb168bd17bf	xCore/x_files_iop/Implementation/x_vsprintf.cpp	*			x_files	analogue-only	pending			
area51-111d4175297fda5b	1	tree-sha256:3aa5a3525f477905b82d93500e5eb6bdd8e259376d5e09b4c06268b54f73df26	sha256:b3f2a2bea01d50c1ad6ed1aa4445f4ad789285fd50afc5a8366494b9ce25eed5	xCore/x_files_iop/x_bytestream.hpp	*			x_files	analogue-only	pending			
area51-9e4ca7feb360e954	1	tree-sha256:3aa5a3525f477905b82d93500e5eb6bdd8e259376d5e09b4c06268b54f73df26	sha256:29746488517bd842a137fdfe5116571fd4e5dcc77c566e1ba92b43c13724759d	xCore/x_files_iop/x_debug.hpp	*			x_files	analogue-only	pending			
area51-13e1ad8f5d6dad31	1	tree-sha256:3aa5a3525f477905b82d93500e5eb6bdd8e259376d5e09b4c06268b54f73df26	sha256:68fac94ce371737fd12729ff1134f99030f3c781d529ddbf47cd23b302b24bb4	xCore/x_files_iop/x_files.hpp	*			x_files	analogue-only	pending			
area51-26b6c70849782fee	1	tree-sha256:3aa5a3525f477905b82d93500e5eb6bdd8e259376d5e09b4c06268b54f73df26	sha256:566129b0a3911b61a5db466876a2de67fbeec1b402644d1d538ecfa6ba560aae	xCore/x_files_iop/x_memory.hpp	*			x_files	analogue-only	pending			
area51-08a3f891881056d7	1	tree-sha256:3aa5a3525f477905b82d93500e5eb6bdd8e259376d5e09b4c06268b54f73df26	sha256:58b2dc5bbda8003ade2260f55f822206c0183a8f902ca758d533e3117043d3a0	xCore/x_files_iop/x_plus.hpp	*			x_files	analogue-only	pending			
area51-a01a5e2fb3ac6d4b	1	tree-sha256:3aa5a3525f477905b82d93500e5eb6bdd8e259376d5e09b4c06268b54f73df26	sha256:64de67db7e01c82f5f0533159ee39e7195a73727958099c463a2e1095112645d	xCore/x_files_iop/x_stdio.hpp	*			x_files	analogue-only	pending			
area51-9e2cdff313d2f99a	1	tree-sha256:3aa5a3525f477905b82d93500e5eb6bdd8e259376d5e09b4c06268b54f73df26	sha256:5645414a261084c68be894db239a512a7122579a9c5ba330558c96383b0c4a04	xCore/x_files_iop/x_string.hpp	*			x_files	analogue-only	pending			
area51-9b1e2b7862d145ab	1	tree-sha256:3aa5a3525f477905b82d93500e5eb6bdd8e259376d5e09b4c06268b54f73df26	sha256:288dcd3888e50717ba896af319dc13a1405364ef2d4134846f80fad685c4d0b4	xCore/x_files_iop/x_threads.hpp	*			x_files	analogue-only	pending			
area51-21f85d137caac648	1	tree-sha256:3aa5a3525f477905b82d93500e5eb6bdd8e259376d5e09b4c06268b54f73df26	sha256:2c1c317d211413a2bd680a7b2a74333f71fe97161c69b24f6b48e16411c1db98	xCore/x_files_iop/x_time.hpp	*			x_files	analogue-only	pending			
tribes-aa-3ecfc7f0ac34f0c1	1	tree-sha256:d92f1a585a272d2e8990ff5f0a1226b61e385783c50b680bb2ff8742fe9ed9c0	sha256:99146a2bc2621145be62c89e1bac350890922277923305671ec3a6e4c5ea151c	AADS/AADS/Globals.cpp	*			(application),d3d8ltcg,dsound	analogue-only	pending			
tribes-aa-489381bf87b8e9de	1	tree-sha256:d92f1a585a272d2e8990ff5f0a1226b61e385783c50b680bb2ff8742fe9ed9c0	sha256:fb3214d2cf5c27dc69428721feda119d5f04bb7c9029391287dd9bc25a8bbe1a	AADS/AADS/Globals.hpp	*			(application),d3d8ltcg,dsound	analogue-only	pending			
tribes-aa-db9188063d3ec407	1	tree-sha256:d92f1a585a272d2e8990ff5f0a1226b61e385783c50b680bb2ff8742fe9ed9c0	sha256:bbfd7d835edd2b5c4a9fb8ce7790f53d855a3df095cac972c8e15190ea74a5a9	AADS/AADS/Main.cpp	*			(application)	analogue-only	pending			
tribes-aa-31e27df9780e0803	1	tree-sha256:d92f1a585a272d2e8990ff5f0a1226b61e385783c50b680bb2ff8742fe9ed9c0	sha256:145fe52f050175032dee3b8c8a2b307c92c2a84bdcf867347d91a42c8eb9056e	AADS/AADS/dlg_Inventory.cpp	*			(application)	analogue-only	pending			
tribes-aa-d222d66062e99b22	1	tree-sha256:d92f1a585a272d2e8990ff5f0a1226b61e385783c50b680bb2ff8742fe9ed9c0	sha256:b9ee766c9c81d86ace55d2857c48b7dfeca0aa8270aed6d6ab0c1c727ee8f37d	AADS/AADS/dlg_Inventory.hpp	*			(application)	analogue-only	pending			
tribes-aa-6f82c089d820fd02	1	tree-sha256:d92f1a585a272d2e8990ff5f0a1226b61e385783c50b680bb2ff8742fe9ed9c0	sha256:664604da8fd69edfff3a62cfb5a6f9068ff249b3638c411434d28477436361a9	AADS/AADS/dlg_MainMenu.cpp	*			(application)	analogue-only	pending			
tribes-aa-f2cf14f2ee36301e	1	tree-sha256:d92f1a585a272d2e8990ff5f0a1226b61e385783c50b680bb2ff8742fe9ed9c0	sha256:6cf9ab165fe97435dead71d291fa22b864f29718d2f50cbd87c38a07d3fa4c01	AADS/AADS/dlg_MainMenu.hpp	*			(application)	analogue-only	pending			
tribes-aa-7da05ef8db0c1bf4	1	tree-sha256:d92f1a585a272d2e8990ff5f0a1226b61e385783c50b680bb2ff8742fe9ed9c0	sha256:ef7405788f2b757369d90bb47bc793d409a59ca18805a140b4a22685e1861166	AADS/AADS/dlg_Message.cpp	*			(application)	analogue-only	pending			
tribes-aa-0d690ef261b82062	1	tree-sha256:d92f1a585a272d2e8990ff5f0a1226b61e385783c50b680bb2ff8742fe9ed9c0	sha256:fee8bc8901156cbde30783a49d2b13c1b0f80dcc525bd9f5868f653bcd23f71c	AADS/AADS/dlg_Message.hpp	*			(application)	analogue-only	pending			
tribes-aa-24ed0bcb3b37610a	1	tree-sha256:d92f1a585a272d2e8990ff5f0a1226b61e385783c50b680bb2ff8742fe9ed9c0	sha256:68a014014ceb67bcc7a70df4d51f8d1b163df9a282867f5f18a91d7969ae635b	AADS/AADS/main.c	*			(application)	analogue-only	pending			
tribes-aa-f57596b10877d3f9	1	tree-sha256:d92f1a585a272d2e8990ff5f0a1226b61e385783c50b680bb2ff8742fe9ed9c0	sha256:313e33fff30d548557d14366aea03a2bfa2b02c8cce6e822775283a49cac675c	AADS/Scratch/BW/EarlyStart/debug.hpp	*			d3d8ltcg	analogue-only	pending			
tribes-aa-a402de023e79c16d	1	tree-sha256:d92f1a585a272d2e8990ff5f0a1226b61e385783c50b680bb2ff8742fe9ed9c0	sha256:06ddd1c61687fc53cbf6b694d72c7f4d84d941ab245aa01fb3d9f0e106dddd51	AADS/Scratch/BW/PatchServer/main.cpp	*			(application)	analogue-only	pending			
tribes-aa-6f4ffcffc83758dd	1	tree-sha256:d92f1a585a272d2e8990ff5f0a1226b61e385783c50b680bb2ff8742fe9ed9c0	sha256:4b68b4f82d90765119c094d2211838025c713a8c83ddf6ac3ae267796c7de31e	AADS/Scratch/BW/ServerList/main.cpp	*			(application)	analogue-only	pending			
tribes-aa-0256f34b52dc7ab0	1	tree-sha256:d92f1a585a272d2e8990ff5f0a1226b61e385783c50b680bb2ff8742fe9ed9c0	sha256:c0418dc8780ea29da4045a58e28300a7965d4653023e2042008d133206764e84	AADS/Scratch/BW/WONServer/Samples/ChatConsole/main.cpp	*			(application)	analogue-only	pending			
tribes-aa-5189556ec9d96777	1	tree-sha256:d92f1a585a272d2e8990ff5f0a1226b61e385783c50b680bb2ff8742fe9ed9c0	sha256:9e20835d40091bf24f5b08daf7b91079c62bcf5f8d17c74f78098c5fa3d16964	AADS/Scratch/BW/WONServer/Samples/PeerToPeerAuth/main.cpp	*			(application)	analogue-only	pending			
tribes-aa-8a41d6bbeceb969c	1	tree-sha256:d92f1a585a272d2e8990ff5f0a1226b61e385783c50b680bb2ff8742fe9ed9c0	sha256:24480ea796a0cdcc95bfad37a6523e9a7783940e47f7bc4a96745ebc0ddd385f	AADS/Scratch/BW/WONServer/WONAd/AdAPI/ImageMagick/Object/Thread.cpp	*			LIBCMT,xapilib	analogue-only	pending			
tribes-aa-7a3035a7078683a6	1	tree-sha256:d92f1a585a272d2e8990ff5f0a1226b61e385783c50b680bb2ff8742fe9ed9c0	sha256:479c546931d53aef7ae3a1e6a0d20d01c3c9a148d2517e10892f302c6c596626	AADS/Scratch/BW/WONServer/WONCommon/Common.cpp	*			LIBCMT	analogue-only	pending			
tribes-aa-beadc62d1bb39903	1	tree-sha256:d92f1a585a272d2e8990ff5f0a1226b61e385783c50b680bb2ff8742fe9ed9c0	sha256:45513717d8dc28a5be79664f1a8e12ccb88273b159dd73a0b799a326090a9a2b	AADS/Scratch/BW/WONServer/WONCommon/MD5.cpp	*			(application)	analogue-only	pending			
tribes-aa-7dabbea85d85032b	1	tree-sha256:d92f1a585a272d2e8990ff5f0a1226b61e385783c50b680bb2ff8742fe9ed9c0	sha256:0b28934927a7df96fc19f96ea435a56b138fc3b2379e3341e90d0c24a7df739e	AADS/Scratch/BW/WONServer/WONCommon/Thread.cpp	*			LIBCMT,xapilib	analogue-only	pending			
tribes-aa-02a872e23ad27813	1	tree-sha256:d92f1a585a272d2e8990ff5f0a1226b61e385783c50b680bb2ff8742fe9ed9c0	sha256:bb1da5ebc1ef58847ef2fac46bcbab6a5a4190a1018db0812fab90e561ed398a	AADS/Scratch/BW/WONServer/WONDir/Dir.cpp	*			xapilib	analogue-only	pending			
tribes-aa-903bb53d25958f74	1	tree-sha256:d92f1a585a272d2e8990ff5f0a1226b61e385783c50b680bb2ff8742fe9ed9c0	sha256:4d99809d7910c0a980901b7eb88657c19b332f7312433152aa73befd8be1279b	AADS/Scratch/BW/iopframe/main.cpp	*			(application)	analogue-only	pending			
tribes-aa-d78ee277d07d97d2	1	tree-sha256:d92f1a585a272d2e8990ff5f0a1226b61e385783c50b680bb2ff8742fe9ed9c0	sha256:b846395afa556118ea124cc9d47490d6a4bc6508d989edad45fa3e535883a096	AADS/Scratch/BW/x_files/Implementation/x_bitmap.cpp	*			x_files	analogue-only	pending			
tribes-aa-a1fe227961f4e84e	1	tree-sha256:d92f1a585a272d2e8990ff5f0a1226b61e385783c50b680bb2ff8742fe9ed9c0	sha256:2283cfaa21e5b9b7b6d2b7f9d7dfe673cc7622261e646f8e6c86284a6ca08fbc	AADS/Scratch/BW/x_files/Implementation/x_bitmap_cmap.cpp	*			x_files	analogue-only	pending			
tribes-aa-cccc6ff17215471c	1	tree-sha256:d92f1a585a272d2e8990ff5f0a1226b61e385783c50b680bb2ff8742fe9ed9c0	sha256:038c50d69a80000ac53756f06bfe2cc21d2acd0608eea933312bcf290c246127	AADS/Scratch/BW/x_files/Implementation/x_bitmap_convert.cpp	*			x_files	analogue-only	pending			
tribes-aa-006e126d665c55d0	1	tree-sha256:d92f1a585a272d2e8990ff5f0a1226b61e385783c50b680bb2ff8742fe9ed9c0	sha256:031dc0459e1d818ba12993e2976177401648950587e159d192e8ab8ec581488c	AADS/Scratch/BW/x_files/Implementation/x_bitmap_io.cpp	*			x_files	analogue-only	pending			
tribes-aa-1eec7b55bbcfc595	1	tree-sha256:d92f1a585a272d2e8990ff5f0a1226b61e385783c50b680bb2ff8742fe9ed9c0	sha256:7cfd275a5b55ff88fa04d83dc232b786758c9524a994f5655ace0c9ec06b55ba	AADS/Scratch/BW/x_files/Implementation/x_bitmap_quant.cpp	*			x_files	analogue-only	pending			
tribes-aa-ce5bd7e33601e85b	1	tree-sha256:d92f1a585a272d2e8990ff5f0a1226b61e385783c50b680bb2ff8742fe9ed9c0	sha256:e4de543023a299fef47fe13e35c5b9c2e03cfeb2e5e7e13c182fbacad0cf4d52	AADS/Scratch/BW/x_files/Implementation/x_bytestream.cpp	*			x_files	analogue-only	pending			
tribes-aa-bffc9fe5a2b3dab3	1	tree-sha256:d92f1a585a272d2e8990ff5f0a1226b61e385783c50b680bb2ff8742fe9ed9c0	sha256:728823f0cc40020d5c8d64b56389586752038a80b659d5d380bb0bbb870a200a	AADS/Scratch/BW/x_files/Implementation/x_debug.cpp	*			x_files	analogue-only	pending			
tribes-aa-f70dd8ea9384593a	1	tree-sha256:d92f1a585a272d2e8990ff5f0a1226b61e385783c50b680bb2ff8742fe9ed9c0	sha256:13b6a0fd3ae7ca68bb47becfeb9a2fa5d17d073718faeb730c227cd76e32829a	AADS/Scratch/BW/x_files/Implementation/x_files.cpp	*			x_files	analogue-only	pending			
tribes-aa-8251622e8efd0686	1	tree-sha256:d92f1a585a272d2e8990ff5f0a1226b61e385783c50b680bb2ff8742fe9ed9c0	sha256:aa3a21ee57e83afb978fdc43d1d6cd59263c4aaf3ea07995c9a10e87fc75757b	AADS/Scratch/BW/x_files/Implementation/x_math.cpp	*			x_files	analogue-only	pending			
tribes-aa-2c31bd433ff1d6c3	1	tree-sha256:d92f1a585a272d2e8990ff5f0a1226b61e385783c50b680bb2ff8742fe9ed9c0	sha256:f1a5ecd75975273316121ed3f5eca05abc3a46438ff4fb8a1b7be784a63bbd10	AADS/Scratch/BW/x_files/Implementation/x_math_basic.cpp	*			x_files	analogue-only	pending			
tribes-aa-87f7adbb88d20594	1	tree-sha256:d92f1a585a272d2e8990ff5f0a1226b61e385783c50b680bb2ff8742fe9ed9c0	sha256:4876ad62a75d4dbc25d7d232271e56d7e8d40acc470ea22b414c89993c7b7836	AADS/Scratch/BW/x_files/Implementation/x_memory.cpp	*			x_files	analogue-only	pending			
tribes-aa-9b85c5aacae7f16b	1	tree-sha256:d92f1a585a272d2e8990ff5f0a1226b61e385783c50b680bb2ff8742fe9ed9c0	sha256:cf577788109e40a2b541a6473fc35cbf2bd99d6979aac3bec3f25d0d864e4c27	AADS/Scratch/BW/x_files/Implementation/x_mqueue.cpp	*			x_files	analogue-only	pending			
tribes-aa-d51f552a13cfa8c2	1	tree-sha256:d92f1a585a272d2e8990ff5f0a1226b61e385783c50b680bb2ff8742fe9ed9c0	sha256:b077d91260d7dd6fe97209d480c37a824a146cf3813272dfe682f34691790ac5	AADS/Scratch/BW/x_files/Implementation/x_mutex.cpp	*			x_files	analogue-only	pending			
tribes-aa-10879a5be2a61c34	1	tree-sha256:d92f1a585a272d2e8990ff5f0a1226b61e385783c50b680bb2ff8742fe9ed9c0	sha256:607d5c29c2079d2b4af128afd83fcdb662004c85afb09281383c40b04e80206f	AADS/Scratch/BW/x_files/Implementation/x_plus.cpp	*			x_files	analogue-only	pending			
tribes-aa-ca69dcb0dd643e22	1	tree-sha256:d92f1a585a272d2e8990ff5f0a1226b61e385783c50b680bb2ff8742fe9ed9c0	sha256:96c3a46ccf47e53495b8aa6352c747cfb737ea76434d4f0f13c372227a30e32e	AADS/Scratch/BW/x_files/Implementation/x_stdio.cpp	*			x_files	analogue-only	pending			
tribes-aa-560c883483fd32ac	1	tree-sha256:d92f1a585a272d2e8990ff5f0a1226b61e385783c50b680bb2ff8742fe9ed9c0	sha256:598029135aa403a0260ebac6bc3d3f319ccde1ff2ea403d8112756c9cfed481b	AADS/Scratch/BW/x_files/Implementation/x_string.cpp	*			x_files	analogue-only	pending			
tribes-aa-1bfcd873d9c6f896	1	tree-sha256:d92f1a585a272d2e8990ff5f0a1226b61e385783c50b680bb2ff8742fe9ed9c0	sha256:ff06672bcf1e91134984b8185a3cedb10d509db51397d510a33fc2b798865915	AADS/Scratch/BW/x_files/Implementation/x_threads.cpp	*			x_files	analogue-only	pending			
tribes-aa-e5d66e3af8f777ae	1	tree-sha256:d92f1a585a272d2e8990ff5f0a1226b61e385783c50b680bb2ff8742fe9ed9c0	sha256:aeec7dec9b286de728af7f80121d588d860812780062cdc55ab961fe0b72546d	AADS/Scratch/BW/x_files/Implementation/x_time.cpp	*			x_files	analogue-only	pending			
tribes-aa-85be9b6d56548889	1	tree-sha256:d92f1a585a272d2e8990ff5f0a1226b61e385783c50b680bb2ff8742fe9ed9c0	sha256:cbd836e7b55a16411c22abd438f37e644b4c4eea3f36f175c0c44fc85ac80f61	AADS/Scratch/BW/x_files/Implementation/x_vsprintf.cpp	*			x_files	analogue-only	pending			
tribes-aa-5df11ab9e8f57a47	1	tree-sha256:d92f1a585a272d2e8990ff5f0a1226b61e385783c50b680bb2ff8742fe9ed9c0	sha256:b4fbcb587c75ec9c023a8aca4487de6abce35b60e8f58d3867766cbc91cae284	AADS/Scratch/BW/x_files/x_bitmap.hpp	*			x_files	analogue-only	pending			
tribes-aa-f44aed11201f75d5	1	tree-sha256:d92f1a585a272d2e8990ff5f0a1226b61e385783c50b680bb2ff8742fe9ed9c0	sha256:12449062c169b8e50537bfb3b0280f9378a1c36c4ebd00d67de268487290c794	AADS/Scratch/BW/x_files/x_bytestream.hpp	*			x_files	analogue-only	pending			
tribes-aa-48d90486092f8ee2	1	tree-sha256:d92f1a585a272d2e8990ff5f0a1226b61e385783c50b680bb2ff8742fe9ed9c0	sha256:d9bb2d62a54c833205d84522af75b40889008e1fc51f545d109fc72f9542c4bd	AADS/Scratch/BW/x_files/x_debug.hpp	*			x_files	analogue-only	pending			
tribes-aa-ff3ea6d97dc9a3f8	1	tree-sha256:d92f1a585a272d2e8990ff5f0a1226b61e385783c50b680bb2ff8742fe9ed9c0	sha256:d62820672332fb42c75f011f1ca2e45874ba9ef17e4365df831538cdba782a81	AADS/Scratch/BW/x_files/x_files.hpp	*			x_files	analogue-only	pending			
tribes-aa-bc6d8c03caba14f0	1	tree-sha256:d92f1a585a272d2e8990ff5f0a1226b61e385783c50b680bb2ff8742fe9ed9c0	sha256:bb51d5dc5391b105576718e649aca7347525ab6aeaf2bf6947b0cae88c7cb37e	AADS/Scratch/BW/x_files/x_math.hpp	*			x_files	analogue-only	pending			
tribes-aa-8957c9a6d36decc9	1	tree-sha256:d92f1a585a272d2e8990ff5f0a1226b61e385783c50b680bb2ff8742fe9ed9c0	sha256:947f6771ec5213300f51cb916046f62ebf709a5f1c74fd45d3d5c96ec0651b25	AADS/Scratch/BW/x_files/x_memory.hpp	*			x_files	analogue-only	pending			
tribes-aa-57bccc831262e0fc	1	tree-sha256:d92f1a585a272d2e8990ff5f0a1226b61e385783c50b680bb2ff8742fe9ed9c0	sha256:5ceefa75b5b57ff1aad9a1d4b431bbbaed7449f0944ce59acf9401cb25363edd	AADS/Scratch/BW/x_files/x_plus.hpp	*			x_files	analogue-only	pending			
tribes-aa-456cc0fccd2170dd	1	tree-sha256:d92f1a585a272d2e8990ff5f0a1226b61e385783c50b680bb2ff8742fe9ed9c0	sha256:3a5f8e309888a484b4f468dc102efca47e1cf92971689f22a4ad3de1be3c18c7	AADS/Scratch/BW/x_files/x_stdio.hpp	*			x_files	analogue-only	pending			
tribes-aa-ea2dbff60294483b	1	tree-sha256:d92f1a585a272d2e8990ff5f0a1226b61e385783c50b680bb2ff8742fe9ed9c0	sha256:95dd56086da5af22266bea506e2f0bd8ba102452f50dc9a99edc18d77de6feb3	AADS/Scratch/BW/x_files/x_string.hpp	*			x_files	analogue-only	pending			
tribes-aa-74a248c978bbebe8	1	tree-sha256:d92f1a585a272d2e8990ff5f0a1226b61e385783c50b680bb2ff8742fe9ed9c0	sha256:acf44285f65b5fedd8d501873f945f96db1e1e467731ed1cd7276ca7296e0c36	AADS/Scratch/BW/x_files/x_threads.hpp	*			x_files	analogue-only	pending			
tribes-aa-af0eb357ebb9ce32	1	tree-sha256:d92f1a585a272d2e8990ff5f0a1226b61e385783c50b680bb2ff8742fe9ed9c0	sha256:e340ea7f9af484636e1ef25df78a844f7b2d940e8f421ed66c6574526bec5c56	AADS/Scratch/BW/x_files/x_time.hpp	*			x_files	analogue-only	pending			
tribes-aa-91b37b75ca87cd29	1	tree-sha256:d92f1a585a272d2e8990ff5f0a1226b61e385783c50b680bb2ff8742fe9ed9c0	sha256:7ef9a095fa2279ea46f7dcb39e48d6b1455bc5ff58d44e52be6c720e228d6436	AADS/Support/BotEditor/resource.h	*			d3d8ltcg	analogue-only	pending			
tribes-aa-30ca4c3ede2433b3	1	tree-sha256:d92f1a585a272d2e8990ff5f0a1226b61e385783c50b680bb2ff8742fe9ed9c0	sha256:a84ff77390864b38af6ce15fd0b92ffd25686cb8a7be5f9928249fb697225594	AADS/Support/EventMgr/EventMgr.cpp	*			GameLib	analogue-only	pending			
tribes-aa-17c9bc2d9ece23b3	1	tree-sha256:d92f1a585a272d2e8990ff5f0a1226b61e385783c50b680bb2ff8742fe9ed9c0	sha256:e884828c8b2d072db55c36fcf1e73cdbd54d661ed0b1935cba4e78df9773fd08	AADS/Support/EventMgr/EventMgr.hpp	*			GameLib	analogue-only	pending			
tribes-aa-8d123574140f4dc2	1	tree-sha256:d92f1a585a272d2e8990ff5f0a1226b61e385783c50b680bb2ff8742fe9ed9c0	sha256:a17edc53ca39abd5fdfc9a978f31b7898f95ef3c3546b34bb942417c3d86f036	AADS/Support/HUD/hud.cpp	*			(application)	analogue-only	pending			
tribes-aa-4a09a0bb9664a84d	1	tree-sha256:d92f1a585a272d2e8990ff5f0a1226b61e385783c50b680bb2ff8742fe9ed9c0	sha256:8501368011f6fdac3c2e7f0aa2b2fe5962c4074973e430f971b32b18ddc5afcf	AADS/Support/HUD/hud.hpp	*			(application)	analogue-only	pending			
tribes-aa-744b151f8d62aa96	1	tree-sha256:d92f1a585a272d2e8990ff5f0a1226b61e385783c50b680bb2ff8742fe9ed9c0	sha256:ee0f55d28838c360de57900d269437d284aa57d0e214a098a20ccc474dba4fbc	AADS/Support/MoviePlayer/movieplayer.cpp	*			MoviePlayer	analogue-only	pending			
tribes-aa-821205bb793ee9c7	1	tree-sha256:d92f1a585a272d2e8990ff5f0a1226b61e385783c50b680bb2ff8742fe9ed9c0	sha256:a9690e6c5d87c64396655487aff03437719df554863ae332b79ea27699e9b6b2	AADS/Support/MoviePlayer/movieplayer.hpp	*			MoviePlayer	analogue-only	pending			
tribes-aa-3172c06223c780bf	1	tree-sha256:d92f1a585a272d2e8990ff5f0a1226b61e385783c50b680bb2ff8742fe9ed9c0	sha256:eee9e8caad9d7b270081ab6b316ffe4f09630e06d8241bb50b7293d3051d896e	AADS/Support/ObjectMgr/Object.cpp	*			(application)	analogue-only	pending			
tribes-aa-5c60a44c17355e75	1	tree-sha256:d92f1a585a272d2e8990ff5f0a1226b61e385783c50b680bb2ff8742fe9ed9c0	sha256:640d96dd7d309460c3d5cc16caa6fd1306980f2660afce0ef3c8d1ad2d17ca18	AADS/Support/ObjectMgr/Object.hpp	*			(application)	analogue-only	pending			
tribes-aa-ef43808abfcefa1c	1	tree-sha256:d92f1a585a272d2e8990ff5f0a1226b61e385783c50b680bb2ff8742fe9ed9c0	sha256:a15c0398137842c4869516dc59cc8296a4a087cd6ffa7fa09176c8aa0531c2c8	AADS/Support/ObjectMgr/ObjectMgr.cpp	*			GameLib	analogue-only	pending			
tribes-aa-7124e1da6155f064	1	tree-sha256:d92f1a585a272d2e8990ff5f0a1226b61e385783c50b680bb2ff8742fe9ed9c0	sha256:e6b1e34e97c566ca1292a7b5b381e5e5b57032ccb91b9fd6805d63a11f3540a3	AADS/Support/ObjectMgr/ObjectMgr.hpp	*			GameLib	analogue-only	pending			
tribes-aa-15b7bc61122f18e3	1	tree-sha256:d92f1a585a272d2e8990ff5f0a1226b61e385783c50b680bb2ff8742fe9ed9c0	sha256:55edbbebeb9e27d97a6c66b23c3a72163ce91fc3fb03f2c43ae36a19b412c4c0	AADS/Support/Objects/Bot/Path.cpp	*			(application)	analogue-only	pending			
tribes-aa-7bdce015a581eab3	1	tree-sha256:d92f1a585a272d2e8990ff5f0a1226b61e385783c50b680bb2ff8742fe9ed9c0	sha256:2ee9f5cf32e30be7ab2d520878f4114973bd1ab38f82d11fa33d25700b7e40bf	AADS/Support/Objects/Bot/Path.hpp	*			(application)	analogue-only	pending			
tribes-aa-8bb2cdf008f04d20	1	tree-sha256:d92f1a585a272d2e8990ff5f0a1226b61e385783c50b680bb2ff8742fe9ed9c0	sha256:a44e3c27e11085641703cd91b184b197be1556147dd8126a4190cb1696c02684	AADS/Support/Objects/Projectiles/Disk.cpp	*			xapilib	analogue-only	pending			
tribes-aa-65c4e1801f74837b	1	tree-sha256:d92f1a585a272d2e8990ff5f0a1226b61e385783c50b680bb2ff8742fe9ed9c0	sha256:9be515a49f2f6c06134e48f676dc979a0c3c096c1d61da2eb59df3129eb824d1	AADS/Support/Objects/Projectiles/Disk.hpp	*			xapilib	analogue-only	pending			
tribes-aa-f300823dcbfe7c40	1	tree-sha256:d92f1a585a272d2e8990ff5f0a1226b61e385783c50b680bb2ff8742fe9ed9c0	sha256:9c8d144fb4de1cb9b070d98a923a40c63b486a6870cfb78177a6a35a47a65fc9	AADS/Support/Shape/Texture.cpp	*			d3d8ltcg	analogue-only	pending			
tribes-aa-cedcc1a5b271209d	1	tree-sha256:d92f1a585a272d2e8990ff5f0a1226b61e385783c50b680bb2ff8742fe9ed9c0	sha256:1facb24abefab50fcd55bea1f59e1c60c750d80e3c0bb3d5c9506941b7f6a247	AADS/Support/Shape/Texture.hpp	*			d3d8ltcg	analogue-only	pending			
tribes-aa-7c5801f7a3b26632	1	tree-sha256:d92f1a585a272d2e8990ff5f0a1226b61e385783c50b680bb2ff8742fe9ed9c0	sha256:8f489aaea1ea565ce33a7bba6e1ce60443238a76035295586dc024d5251b3fe1	AADS/Support/Shape/Util.cpp	*			LIBCMT	analogue-only	pending			
tribes-aa-df6eed519995f8bd	1	tree-sha256:d92f1a585a272d2e8990ff5f0a1226b61e385783c50b680bb2ff8742fe9ed9c0	sha256:b0864df4c3bee0ff30cc3907c1dcf27fbbadf9e89804c6e3fa87b0e572e77634	AADS/Support/Shape/Util.hpp	*			LIBCMT	analogue-only	pending			
tribes-aa-6aeed86fca5ded74	1	tree-sha256:d92f1a585a272d2e8990ff5f0a1226b61e385783c50b680bb2ff8742fe9ed9c0	sha256:aaed977388117e40ab4d8c66fe0ca1ddfe6e70edd571eceb05b6bbfc64290d9f	AADS/Support/StringMgr/StringMgr.cpp	*			StringMgr	analogue-only	pending			
tribes-aa-374b9dd1dd2399ec	1	tree-sha256:d92f1a585a272d2e8990ff5f0a1226b61e385783c50b680bb2ff8742fe9ed9c0	sha256:6a532c7ebe5ed73dc1b9adf02311d03d4f64943e576033d97ef0d12da6354ed2	AADS/Support/StringMgr/StringMgr.hpp	*			StringMgr	analogue-only	pending			
tribes-aa-b1cc5f61dd084d20	1	tree-sha256:d92f1a585a272d2e8990ff5f0a1226b61e385783c50b680bb2ff8742fe9ed9c0	sha256:6066e35d1c5c6b1018cc57d396848296a4bf7d227d440d5666c0ee2faa0fb202	AADS/Support/Tokenizer/tokenizer.cpp	*			Parsing	analogue-only	pending			
tribes-aa-225a38e0a029d4d2	1	tree-sha256:d92f1a585a272d2e8990ff5f0a1226b61e385783c50b680bb2ff8742fe9ed9c0	sha256:f23278e7143b55faf101ec3468ecf4cbc833b4c5e0d270ee925db76fb7ff7b9d	AADS/Support/Tokenizer/tokenizer.hpp	*			Parsing	analogue-only	pending			
tribes-aa-60bc996052a2075c	1	tree-sha256:d92f1a585a272d2e8990ff5f0a1226b61e385783c50b680bb2ff8742fe9ed9c0	sha256:9674975b74afe26193a222ac12dac4648324ba1aa0461e4eba072948cfd33827	AADS/Support/UI/ui_button.cpp	*			UI	analogue-only	pending			
tribes-aa-7745b0bfa38bd706	1	tree-sha256:d92f1a585a272d2e8990ff5f0a1226b61e385783c50b680bb2ff8742fe9ed9c0	sha256:f8c8700b4d3fc8045575dba473c1a9578d56fcc76b46f6138bb1bd318d3d34d3	AADS/Support/UI/ui_button.hpp	*			UI	analogue-only	pending			
tribes-aa-9a0e1840623fca00	1	tree-sha256:d92f1a585a272d2e8990ff5f0a1226b61e385783c50b680bb2ff8742fe9ed9c0	sha256:49f5da70a3ad02de6eaeda7d1b6aa8b230d0c58babdc9b7e6a4942af732f3036	AADS/Support/UI/ui_check.cpp	*			UI	analogue-only	pending			
tribes-aa-a05fdb2655ba16cd	1	tree-sha256:d92f1a585a272d2e8990ff5f0a1226b61e385783c50b680bb2ff8742fe9ed9c0	sha256:d9ae3c217f49eec160e3ced050d5b640399f519efb9ba4b63ccdd2e0f493d693	AADS/Support/UI/ui_check.hpp	*			UI	analogue-only	pending			
tribes-aa-b0b160c5715bc9ad	1	tree-sha256:d92f1a585a272d2e8990ff5f0a1226b61e385783c50b680bb2ff8742fe9ed9c0	sha256:1920d1b32fc4f4192a594cfd5521be911c2636a9988e3e1ccca7276c2263c2c9	AADS/Support/UI/ui_control.cpp	*			UI	analogue-only	pending			
tribes-aa-ea71892f2ab560e0	1	tree-sha256:d92f1a585a272d2e8990ff5f0a1226b61e385783c50b680bb2ff8742fe9ed9c0	sha256:275fc85d8460df41ae1415212286ffa95dbcac7319e96eb968a56d4f0db1980e	AADS/Support/UI/ui_control.hpp	*			UI	analogue-only	pending			
tribes-aa-455378dbed193ebe	1	tree-sha256:d92f1a585a272d2e8990ff5f0a1226b61e385783c50b680bb2ff8742fe9ed9c0	sha256:8639486499deca9255a5a8143526029ae4a75ecae285ab5ea745139a0acdb1d6	AADS/Support/UI/ui_dialog.cpp	*			UI	analogue-only	pending			
tribes-aa-2faecfcce9228be8	1	tree-sha256:d92f1a585a272d2e8990ff5f0a1226b61e385783c50b680bb2ff8742fe9ed9c0	sha256:9b50f690d7b1adb9867d5b8ec8e2160c5891e87d302747993f239bc7c8449ce1	AADS/Support/UI/ui_dialog.hpp	*			UI	analogue-only	pending			
tribes-aa-82b4a640888bb6ec	1	tree-sha256:d92f1a585a272d2e8990ff5f0a1226b61e385783c50b680bb2ff8742fe9ed9c0	sha256:6c7d3c883e023882e663ab5fafe08d7df1998964ca6e4243e022ffaa8f500dd5	AADS/Support/UI/ui_dlg_list.cpp	*			UI	analogue-only	pending			
tribes-aa-b085a9d0f47d4193	1	tree-sha256:d92f1a585a272d2e8990ff5f0a1226b61e385783c50b680bb2ff8742fe9ed9c0	sha256:860da13d72047b3c1fbec48f3dff6dd07a0e61e6c1e1b0850712fe4c94926587	AADS/Support/UI/ui_dlg_list.hpp	*			UI	analogue-only	pending			
tribes-aa-ee0f441fd20d8cd5	1	tree-sha256:d92f1a585a272d2e8990ff5f0a1226b61e385783c50b680bb2ff8742fe9ed9c0	sha256:f26e5b75e39246c188fa0c8ba4b473d4b1a50513e820f68f37412262c819ec44	AADS/Support/UI/ui_dlg_vkeyboard.cpp	*			UI	analogue-only	pending			
tribes-aa-1e9fd15983f99a16	1	tree-sha256:d92f1a585a272d2e8990ff5f0a1226b61e385783c50b680bb2ff8742fe9ed9c0	sha256:451f72d38ffdcac8a5b0f125431149db83ca147bf5814cd86733f501fed16496	AADS/Support/UI/ui_dlg_vkeyboard.hpp	*			UI	analogue-only	pending			
tribes-aa-00ad31f99c0d0fde	1	tree-sha256:d92f1a585a272d2e8990ff5f0a1226b61e385783c50b680bb2ff8742fe9ed9c0	sha256:15fa4f6813d95312d184c3982cae6916927e69df77c6e3d982cc9bbdd689a9af	AADS/Support/UI/ui_edit.cpp	*			UI	analogue-only	pending			
tribes-aa-cae589938ba90f0a	1	tree-sha256:d92f1a585a272d2e8990ff5f0a1226b61e385783c50b680bb2ff8742fe9ed9c0	sha256:9758e9a1c83c40d71552c4048cc1b3b1ae334699c68b96721126c0dbc052603c	AADS/Support/UI/ui_edit.hpp	*			UI	analogue-only	pending			
tribes-aa-3b66ccc65ea29200	1	tree-sha256:d92f1a585a272d2e8990ff5f0a1226b61e385783c50b680bb2ff8742fe9ed9c0	sha256:3e82f1388e421d2a86b2f193e27a48b12a0188233060c6e4a02b6f1293d838cc	AADS/Support/UI/ui_font.cpp	*			UI	analogue-only	pending			
tribes-aa-1b31a356c82f77f9	1	tree-sha256:d92f1a585a272d2e8990ff5f0a1226b61e385783c50b680bb2ff8742fe9ed9c0	sha256:a9a1f714353ffeaf435b10cb98c7fb50cdfe5aafa29888114b46d54f633e7c3f	AADS/Support/UI/ui_font.hpp	*			UI	analogue-only	pending			
tribes-aa-9e090b64a81f96e9	1	tree-sha256:d92f1a585a272d2e8990ff5f0a1226b61e385783c50b680bb2ff8742fe9ed9c0	sha256:c96ee0746a27e4a662272f42aec8a47aabe5dc8a58c8e13cd15eb525f15f1aee	AADS/Support/UI/ui_frame.cpp	*			UI	analogue-only	pending			
tribes-aa-635b1577534b57e1	1	tree-sha256:d92f1a585a272d2e8990ff5f0a1226b61e385783c50b680bb2ff8742fe9ed9c0	sha256:c21c625fff4fd43f5645199da36dd40b7c46b78949de8ae23843f04f207e5925	AADS/Support/UI/ui_frame.hpp	*			UI	analogue-only	pending			
tribes-aa-dd8a0307d029940a	1	tree-sha256:d92f1a585a272d2e8990ff5f0a1226b61e385783c50b680bb2ff8742fe9ed9c0	sha256:85363865e32e0fbeee10e12e27fa9c662c1bdfa49cdc404cde593bc3ecd2646b	AADS/Support/UI/ui_listbox.cpp	*			UI	analogue-only	pending			
tribes-aa-52cb79a87ce3f7c2	1	tree-sha256:d92f1a585a272d2e8990ff5f0a1226b61e385783c50b680bb2ff8742fe9ed9c0	sha256:8bf44a67759a0958d334a4248099ba02f3bdc56f99f8fc9f35f1031cae4383e4	AADS/Support/UI/ui_listbox.hpp	*			UI	analogue-only	pending			
tribes-aa-f9c43e1af50ec0ac	1	tree-sha256:d92f1a585a272d2e8990ff5f0a1226b61e385783c50b680bb2ff8742fe9ed9c0	sha256:7e1de8efbeb78a85bbb9e9726f131848396d51d59dba9f9be59899eac0db6ea2	AADS/Support/UI/ui_manager.cpp	*			UI	analogue-only	pending			
tribes-aa-b88c51651103d437	1	tree-sha256:d92f1a585a272d2e8990ff5f0a1226b61e385783c50b680bb2ff8742fe9ed9c0	sha256:68d7af7289eb0556da49fc9026fac84ce6b544111a368c94926b4b785e6c0e96	AADS/Support/UI/ui_manager.hpp	*			UI	analogue-only	pending			
tribes-aa-5d5a39c129074899	1	tree-sha256:d92f1a585a272d2e8990ff5f0a1226b61e385783c50b680bb2ff8742fe9ed9c0	sha256:206fef4e085ed9ca04361289b4e0559da47f543aee218a14bad1b3de4ec8bf80	AADS/Support/UI/ui_radio.cpp	*			UI	analogue-only	pending			
tribes-aa-7969c430c85d2d51	1	tree-sha256:d92f1a585a272d2e8990ff5f0a1226b61e385783c50b680bb2ff8742fe9ed9c0	sha256:74f12b1801e760044253ced0c0c5d4eda4d32a99f35aef785eddb0575525ea08	AADS/Support/UI/ui_radio.hpp	*			UI	analogue-only	pending			
tribes-aa-cc5a392f2f8ae9e7	1	tree-sha256:d92f1a585a272d2e8990ff5f0a1226b61e385783c50b680bb2ff8742fe9ed9c0	sha256:1be4ccaeb6daa494c867c32012f9784728e536782500e1ba197e5e3632132f4a	AADS/Support/UI/ui_slider.cpp	*			UI	analogue-only	pending			
tribes-aa-71f7b5cef38c1274	1	tree-sha256:d92f1a585a272d2e8990ff5f0a1226b61e385783c50b680bb2ff8742fe9ed9c0	sha256:0762c0820ad132fc0d8ce055e4f9f5827c90c8b4e2632a979e3edbab140cbfce	AADS/Support/UI/ui_slider.hpp	*			UI	analogue-only	pending			
tribes-aa-3e991744cc04fc6a	1	tree-sha256:d92f1a585a272d2e8990ff5f0a1226b61e385783c50b680bb2ff8742fe9ed9c0	sha256:9295b729fb27f5941f19e779b5e9cd48bcd31fc12bfaa2d1f3dba28b0278f440	AADS/Support/UI/ui_text.cpp	*			UI	analogue-only	pending			
tribes-aa-ce0cf7073741bc70	1	tree-sha256:d92f1a585a272d2e8990ff5f0a1226b61e385783c50b680bb2ff8742fe9ed9c0	sha256:a7b49659da7df2355c765f1d9bb78de35303c86bc6659234e3f134ad62547ff4	AADS/Support/UI/ui_text.hpp	*			UI	analogue-only	pending			
tribes-aa-e381b84353663b5e	1	tree-sha256:d92f1a585a272d2e8990ff5f0a1226b61e385783c50b680bb2ff8742fe9ed9c0	sha256:b2d8ddebc96b096220e51c618bfb9ca25d99c47174c19c22aae8c4fa7ee33efa	AADS/Support/UI/ui_textbox.cpp	*			UI	analogue-only	pending			
tribes-aa-1fed15dd37e38a7c	1	tree-sha256:d92f1a585a272d2e8990ff5f0a1226b61e385783c50b680bb2ff8742fe9ed9c0	sha256:a63d6f21bf410b35a5a3df52caa90de52f769fd6ab0965101d35d947c5e1f10c	AADS/Support/UI/ui_textbox.hpp	*			UI	analogue-only	pending			
tribes-aa-d90894403f706c43	1	tree-sha256:d92f1a585a272d2e8990ff5f0a1226b61e385783c50b680bb2ff8742fe9ed9c0	sha256:344a1a0e7661f4a75b47e0da96996d78e481c0ac2beecb173365296c04fa0cc2	AADS/Support/UI/ui_win.cpp	*			UI	analogue-only	pending			
tribes-aa-00bb3906dfa79648	1	tree-sha256:d92f1a585a272d2e8990ff5f0a1226b61e385783c50b680bb2ff8742fe9ed9c0	sha256:529f38a7aa7530adcb43f36d1d9ec2bafd0bc84da0157bd019987f485e95d3d9	AADS/Support/UI/ui_win.hpp	*			UI	analogue-only	pending			
tribes-aa-958a4b9a20f71476	1	tree-sha256:d92f1a585a272d2e8990ff5f0a1226b61e385783c50b680bb2ff8742fe9ed9c0	sha256:e1d36c2da818b8593ae5265dca6c01f8906c184fc08b93d32102bc064569ec16	AADS/Support/netlib/bitstream.cpp	*			Parsing	analogue-only	pending			
tribes-aa-cdeb474e719d70ae	1	tree-sha256:d92f1a585a272d2e8990ff5f0a1226b61e385783c50b680bb2ff8742fe9ed9c0	sha256:0a06ba43141aa4d08cacbc215abb3660da90c69a625e3ef4b1dcc999c58e142f	AADS/Support/netlib/bitstream.hpp	*			Parsing	analogue-only	pending			
tribes-aa-78c803d2c414502a	1	tree-sha256:d92f1a585a272d2e8990ff5f0a1226b61e385783c50b680bb2ff8742fe9ed9c0	sha256:6cf27bf122520a97030b3e977aa167bcf01baaea5972a9a4220f0e2ee37c6456	AADS/xCore/3rdParty/Linux/Include/asm/resource.h	*			d3d8ltcg	analogue-only	pending			
tribes-aa-81f0fae5788a926c	1	tree-sha256:d92f1a585a272d2e8990ff5f0a1226b61e385783c50b680bb2ff8742fe9ed9c0	sha256:4e1c699ecfa9cb5fe0f29c4fae9267112fe6e1646985cede1cd814c8a82b2428	AADS/xCore/3rdParty/Linux/Include/bits/resource.h	*			d3d8ltcg	analogue-only	pending			
tribes-aa-8fd4437d65f97335	1	tree-sha256:d92f1a585a272d2e8990ff5f0a1226b61e385783c50b680bb2ff8742fe9ed9c0	sha256:6f7c48138bf8c978ba1dd2fe54e7bee11981912128277c699bac6a01e727f056	AADS/xCore/3rdParty/Linux/Include/ctype.h	*			LIBCMT	analogue-only	pending			
tribes-aa-dfc3a7e4c8794a36	1	tree-sha256:d92f1a585a272d2e8990ff5f0a1226b61e385783c50b680bb2ff8742fe9ed9c0	sha256:f19015e763f6ffb87c6a5bf620a8c2d42e100e19176db464acdb22e4aed62da1	AADS/xCore/3rdParty/Linux/Include/dir.h	*			xapilib	analogue-only	pending			
tribes-aa-1ba22cebc911ce1d	1	tree-sha256:d92f1a585a272d2e8990ff5f0a1226b61e385783c50b680bb2ff8742fe9ed9c0	sha256:04e62f8c4243a9687292268c4b128fe1a0ed5729e5dc6aaaabfbc897cf1ad773	AADS/xCore/3rdParty/Linux/Include/malloc.h	*			LIBCMT	analogue-only	pending			
tribes-aa-06b1e295d1fa314c	1	tree-sha256:d92f1a585a272d2e8990ff5f0a1226b61e385783c50b680bb2ff8742fe9ed9c0	sha256:05a58f6b426e775c10f3f7bdf84f7348a8af8108a28d67b897d2a0b980452002	AADS/xCore/3rdParty/Linux/Include/math.h	*			d3d8ltcg	analogue-only	pending			
tribes-aa-7dde80b8ebef194c	1	tree-sha256:d92f1a585a272d2e8990ff5f0a1226b61e385783c50b680bb2ff8742fe9ed9c0	sha256:483f3c206ac059e54aa0d7c571965d452d14e42f1cc1c358735a721dddf2b09e	AADS/xCore/3rdParty/Linux/Include/process.h	*			xapilib	analogue-only	pending			
tribes-aa-8db7450f5772b9f4	1	tree-sha256:d92f1a585a272d2e8990ff5f0a1226b61e385783c50b680bb2ff8742fe9ed9c0	sha256:1d7430bc205f0236188f21b99dbd4464be76a5c74430b69ec82cb7fd6bbb5e69	AADS/xCore/3rdParty/Linux/Include/sys/dir.h	*			xapilib	analogue-only	pending			
tribes-aa-1f9bc3868349f31e	1	tree-sha256:d92f1a585a272d2e8990ff5f0a1226b61e385783c50b680bb2ff8742fe9ed9c0	sha256:226b121c15512fe9f12db5236f17420f18cb906f58492781d142d82f89cee051	AADS/xCore/3rdParty/Linux/Include/sys/resource.h	*			d3d8ltcg	analogue-only	pending			
tribes-aa-88f4865d4a18b202	1	tree-sha256:d92f1a585a272d2e8990ff5f0a1226b61e385783c50b680bb2ff8742fe9ed9c0	sha256:731961a093b44d5fb78105469d6e01b71bc8c0a4701284640f8e70db44b9c0f6	AADS/xCore/Auxiliary/Bitmap/DefaultBMP.cpp	*			aux_Bitmap	analogue-only	pending			
tribes-aa-ea528b84dc37a407	1	tree-sha256:d92f1a585a272d2e8990ff5f0a1226b61e385783c50b680bb2ff8742fe9ed9c0	sha256:2ce05548ed03ea76ac27dcf7866ddf79f574ff528c1651f59035c443f9b3cd76	AADS/xCore/Auxiliary/Bitmap/Load_BMP.cpp	*			aux_Bitmap	analogue-only	pending			
tribes-aa-f5941139409406ae	1	tree-sha256:d92f1a585a272d2e8990ff5f0a1226b61e385783c50b680bb2ff8742fe9ed9c0	sha256:e2abdd28f9b6475a84195d05c64671dc0e0726f2f16d295668c9f39ee4bac65a	AADS/xCore/Auxiliary/Bitmap/Load_TGA.cpp	*			aux_Bitmap	analogue-only	pending			
tribes-aa-6db0fad2e8c7c86a	1	tree-sha256:d92f1a585a272d2e8990ff5f0a1226b61e385783c50b680bb2ff8742fe9ed9c0	sha256:e9a1aaec96478cbf003363a4ab69566b8b2bb4c861e6870d5d31cc4cd8f11e1f	AADS/xCore/Auxiliary/Bitmap/aux_Bitmap.cpp	*			aux_Bitmap	analogue-only	pending			
tribes-aa-60b9bf3cd7d3a668	1	tree-sha256:d92f1a585a272d2e8990ff5f0a1226b61e385783c50b680bb2ff8742fe9ed9c0	sha256:ea55e98201234877f00a2f13c8a50fe28eb6ae80ba064b3903d0c6801321fab1	AADS/xCore/Auxiliary/Bitmap/aux_Bitmap.hpp	*			aux_Bitmap	analogue-only	pending			
tribes-aa-4537ff5a3b359c89	1	tree-sha256:d92f1a585a272d2e8990ff5f0a1226b61e385783c50b680bb2ff8742fe9ed9c0	sha256:ebe320c81714576a858b8bfbb296a4e0bd3a444cb87aa9e2f51937bc4999795a	AADS/xCore/Entropy/Common/e_Draw.cpp	*			Entropy	analogue-only	pending			
tribes-aa-ffa24254fe518cbb	1	tree-sha256:d92f1a585a272d2e8990ff5f0a1226b61e385783c50b680bb2ff8742fe9ed9c0	sha256:98e2099547e2a5b166030e8703cad9798d4161b7a3dd0647f7836f4a4db00c9d	AADS/xCore/Entropy/Common/e_Input.cpp	*			Entropy	analogue-only	pending			
tribes-aa-2a0ea823910a18d6	1	tree-sha256:d92f1a585a272d2e8990ff5f0a1226b61e385783c50b680bb2ff8742fe9ed9c0	sha256:3b73939fbe93f829ca6828c576bbcb0e6ab0729f6eab259fa471f6dbc8ae9cfd	AADS/xCore/Entropy/Common/e_ScratchMem.cpp	*			Entropy	analogue-only	pending			
tribes-aa-74fe68c1699a1744	1	tree-sha256:d92f1a585a272d2e8990ff5f0a1226b61e385783c50b680bb2ff8742fe9ed9c0	sha256:e3d17bdf24f0b469f89c7d81e997c1513f7e2fa5346ef31ead739daab351343f	AADS/xCore/Entropy/Common/e_Text.cpp	*				analogue-only	pending			
tribes-aa-892e0894327c8cbf	1	tree-sha256:d92f1a585a272d2e8990ff5f0a1226b61e385783c50b680bb2ff8742fe9ed9c0	sha256:c3ba6d86df508368b5fdaae3aff2f386bd16bbec793e9582f65c752d5a4fbdab	AADS/xCore/Entropy/Common/e_View.cpp	*			Entropy	analogue-only	pending			
tribes-aa-15b38448978cbade	1	tree-sha256:d92f1a585a272d2e8990ff5f0a1226b61e385783c50b680bb2ff8742fe9ed9c0	sha256:19c03df8db6e5078b68345ceddce09da3c09ef63e9fe2dd524580622a532d14d	AADS/xCore/Entropy/D3DEngine/d3deng_draw.cpp	*				analogue-only	pending			
tribes-aa-7beb20f1a76bf845	1	tree-sha256:d92f1a585a272d2e8990ff5f0a1226b61e385783c50b680bb2ff8742fe9ed9c0	sha256:185348e2c4a1cd4c5da743231d551c568299fa70935b58ddadc382eb54dbdbe3	AADS/xCore/Entropy/PS2/IOP/hexdump/main.cpp	*			(application)	analogue-only	pending			
tribes-aa-52fcfeaf11b20ec3	1	tree-sha256:d92f1a585a272d2e8990ff5f0a1226b61e385783c50b680bb2ff8742fe9ed9c0	sha256:4def80b5885411fce69130905f9553b7ec7f7b3efafc37d48251f93f0d34bbd1	AADS/xCore/Entropy/e_Draw.hpp	*			Entropy	analogue-only	pending			
tribes-aa-e92862034a3dab34	1	tree-sha256:d92f1a585a272d2e8990ff5f0a1226b61e385783c50b680bb2ff8742fe9ed9c0	sha256:9bde596734e42d550400e4660f3c3f33a07ed495e7429089cf42fe30b3160216	AADS/xCore/Entropy/e_Input.hpp	*			Entropy	analogue-only	pending			
tribes-aa-c05457570135bd01	1	tree-sha256:d92f1a585a272d2e8990ff5f0a1226b61e385783c50b680bb2ff8742fe9ed9c0	sha256:b628112a2f1d340a7b0261fcf96e6c2bc85760fe2500e7eda7242d0572611505	AADS/xCore/Entropy/e_ScratchMem.hpp	*			Entropy	analogue-only	pending			
tribes-aa-bafeddff9ec37ae5	1	tree-sha256:d92f1a585a272d2e8990ff5f0a1226b61e385783c50b680bb2ff8742fe9ed9c0	sha256:aefb948403a80eb903741419c51acbae8457cbb2f1f642acd80d9d6047a14b78	AADS/xCore/Entropy/e_View.hpp	*			Entropy	analogue-only	pending			
tribes-aa-0b7782b95eb478e6	1	tree-sha256:d92f1a585a272d2e8990ff5f0a1226b61e385783c50b680bb2ff8742fe9ed9c0	sha256:4fd52458754fa64a7c5ecdda83de9c82007ae112b7864e5b509bed82355d88d7	AADS/xCore/Projects/SoundPkg/main.cpp	*			(application)	analogue-only	pending			
tribes-aa-1afbc4c2361bc02a	1	tree-sha256:d92f1a585a272d2e8990ff5f0a1226b61e385783c50b680bb2ff8742fe9ed9c0	sha256:957f2cb68e3fa59dfa85a25d6c9c5b8c898780c23b1a76d6dd7f78dc5a72a389	AADS/xCore/Projects/SoundPkg/main.hpp	*			(application)	analogue-only	pending			
tribes-aa-437fbf58b35510eb	1	tree-sha256:d92f1a585a272d2e8990ff5f0a1226b61e385783c50b680bb2ff8742fe9ed9c0	sha256:0ebb081c00631751992d9e88cdbf18de4facbe2ca641d766ad9ed89a719c843e	AADS/xCore/Projects/cdfsBuild/crt0/CRT0.C	*			LIBCMT	analogue-only	pending			
tribes-aa-9880cbffda20f7dd	1	tree-sha256:d92f1a585a272d2e8990ff5f0a1226b61e385783c50b680bb2ff8742fe9ed9c0	sha256:0ebb081c00631751992d9e88cdbf18de4facbe2ca641d766ad9ed89a719c843e	AADS/xCore/Projects/cdfsTool/CRT0.C	*			LIBCMT	analogue-only	pending			
tribes-aa-2bf970839cd5caf5	1	tree-sha256:d92f1a585a272d2e8990ff5f0a1226b61e385783c50b680bb2ff8742fe9ed9c0	sha256:6eb2e2f2d5de4d573d6f8e48c66fcdd70f9786b3a9ac1cdc2d65c7d677447a60	AADS/xCore/Projects/fileserver/main.cpp	*			(application)	analogue-only	pending			
tribes-aa-f31236861262f4f3	1	tree-sha256:d92f1a585a272d2e8990ff5f0a1226b61e385783c50b680bb2ff8742fe9ed9c0	sha256:0ebb081c00631751992d9e88cdbf18de4facbe2ca641d766ad9ed89a719c843e	AADS/xCore/Projects/stringTool/crt0.c	*			LIBCMT	analogue-only	pending			
tribes-aa-9c44f7420dab36dd	1	tree-sha256:d92f1a585a272d2e8990ff5f0a1226b61e385783c50b680bb2ff8742fe9ed9c0	sha256:bcebf606363a9eb6e9a05941a1c9024c1b098918ace7add7eae051bd15f0d273	AADS/xCore/Projects/xTB/resource.h	*			d3d8ltcg	analogue-only	pending			
tribes-aa-12f788763cff8627	1	tree-sha256:d92f1a585a272d2e8990ff5f0a1226b61e385783c50b680bb2ff8742fe9ed9c0	sha256:b846395afa556118ea124cc9d47490d6a4bc6508d989edad45fa3e535883a096	AADS/xCore/x_files/Implementation/x_bitmap.cpp	*			x_files	analogue-only	pending			
tribes-aa-455e485417281542	1	tree-sha256:d92f1a585a272d2e8990ff5f0a1226b61e385783c50b680bb2ff8742fe9ed9c0	sha256:a7c4e0cb67dea87b5215919f86035efabef4297f23bab191c64b20b7fabe9348	AADS/xCore/x_files/Implementation/x_bitmap_cmap.cpp	*			x_files	analogue-only	pending			
tribes-aa-67c25e315d9cd680	1	tree-sha256:d92f1a585a272d2e8990ff5f0a1226b61e385783c50b680bb2ff8742fe9ed9c0	sha256:038c50d69a80000ac53756f06bfe2cc21d2acd0608eea933312bcf290c246127	AADS/xCore/x_files/Implementation/x_bitmap_convert.cpp	*			x_files	analogue-only	pending			
tribes-aa-30f930854d942ed5	1	tree-sha256:d92f1a585a272d2e8990ff5f0a1226b61e385783c50b680bb2ff8742fe9ed9c0	sha256:031dc0459e1d818ba12993e2976177401648950587e159d192e8ab8ec581488c	AADS/xCore/x_files/Implementation/x_bitmap_io.cpp	*			x_files	analogue-only	pending			
tribes-aa-50d984a281a61479	1	tree-sha256:d92f1a585a272d2e8990ff5f0a1226b61e385783c50b680bb2ff8742fe9ed9c0	sha256:7cfd275a5b55ff88fa04d83dc232b786758c9524a994f5655ace0c9ec06b55ba	AADS/xCore/x_files/Implementation/x_bitmap_quant.cpp	*			x_files	analogue-only	pending			
tribes-aa-3e02a79129f7af26	1	tree-sha256:d92f1a585a272d2e8990ff5f0a1226b61e385783c50b680bb2ff8742fe9ed9c0	sha256:e4de543023a299fef47fe13e35c5b9c2e03cfeb2e5e7e13c182fbacad0cf4d52	AADS/xCore/x_files/Implementation/x_bytestream.cpp	*			x_files	analogue-only	pending			
tribes-aa-f117efa48c87f49f	1	tree-sha256:d92f1a585a272d2e8990ff5f0a1226b61e385783c50b680bb2ff8742fe9ed9c0	sha256:587e3b6163693236c10401653617d7cc22be8a44e56af12cb9ed0b24299a0018	AADS/xCore/x_files/Implementation/x_debug.cpp	*			x_files	analogue-only	pending			
tribes-aa-137935a90cb9ddea	1	tree-sha256:d92f1a585a272d2e8990ff5f0a1226b61e385783c50b680bb2ff8742fe9ed9c0	sha256:13b6a0fd3ae7ca68bb47becfeb9a2fa5d17d073718faeb730c227cd76e32829a	AADS/xCore/x_files/Implementation/x_files.cpp	*			x_files	analogue-only	pending			
tribes-aa-39eaad22604cb3fc	1	tree-sha256:d92f1a585a272d2e8990ff5f0a1226b61e385783c50b680bb2ff8742fe9ed9c0	sha256:aa3a21ee57e83afb978fdc43d1d6cd59263c4aaf3ea07995c9a10e87fc75757b	AADS/xCore/x_files/Implementation/x_math.cpp	*			x_files	analogue-only	pending			
tribes-aa-e257e87c85ade3c6	1	tree-sha256:d92f1a585a272d2e8990ff5f0a1226b61e385783c50b680bb2ff8742fe9ed9c0	sha256:f1a5ecd75975273316121ed3f5eca05abc3a46438ff4fb8a1b7be784a63bbd10	AADS/xCore/x_files/Implementation/x_math_basic.cpp	*			x_files	analogue-only	pending			
tribes-aa-c7910db7a208b903	1	tree-sha256:d92f1a585a272d2e8990ff5f0a1226b61e385783c50b680bb2ff8742fe9ed9c0	sha256:329b10baff1d31cb292aa728cdf381b361196db923288b66a51859eaadffb956	AADS/xCore/x_files/Implementation/x_memory.cpp	*			x_files	analogue-only	pending			
tribes-aa-0719fe9c06f186f0	1	tree-sha256:d92f1a585a272d2e8990ff5f0a1226b61e385783c50b680bb2ff8742fe9ed9c0	sha256:cf577788109e40a2b541a6473fc35cbf2bd99d6979aac3bec3f25d0d864e4c27	AADS/xCore/x_files/Implementation/x_mqueue.cpp	*			x_files	analogue-only	pending			
tribes-aa-c9fdcdc785a5ebb9	1	tree-sha256:d92f1a585a272d2e8990ff5f0a1226b61e385783c50b680bb2ff8742fe9ed9c0	sha256:b077d91260d7dd6fe97209d480c37a824a146cf3813272dfe682f34691790ac5	AADS/xCore/x_files/Implementation/x_mutex.cpp	*			x_files	analogue-only	pending			
tribes-aa-2526a29e971eda2f	1	tree-sha256:d92f1a585a272d2e8990ff5f0a1226b61e385783c50b680bb2ff8742fe9ed9c0	sha256:44a76c90177eda5e0c7ff56ee6071ffb3cddc7c334200e9fa047e4ec954b4c20	AADS/xCore/x_files/Implementation/x_plus.cpp	*			x_files	analogue-only	pending			
tribes-aa-69bd20b364043a7f	1	tree-sha256:d92f1a585a272d2e8990ff5f0a1226b61e385783c50b680bb2ff8742fe9ed9c0	sha256:0de81ee4ddd378ef58277ff4f4071c27aa4294f601ca33beda14d8e2b6696a8a	AADS/xCore/x_files/Implementation/x_stdio.cpp	*			x_files	analogue-only	pending			
tribes-aa-316de489f0f41baa	1	tree-sha256:d92f1a585a272d2e8990ff5f0a1226b61e385783c50b680bb2ff8742fe9ed9c0	sha256:0f8f8938a18e7c69f371938a401302beb40329fa17a9a9f7253b4ba9bb30ccf7	AADS/xCore/x_files/Implementation/x_string.cpp	*			x_files	analogue-only	pending			
tribes-aa-21a72d1ecfeb8938	1	tree-sha256:d92f1a585a272d2e8990ff5f0a1226b61e385783c50b680bb2ff8742fe9ed9c0	sha256:b7aedcc861b98a293d8f8212324c7e59e47432da677faffa47e0f54fd652818d	AADS/xCore/x_files/Implementation/x_threads.cpp	*			x_files	analogue-only	pending			
tribes-aa-6629ad768f53f71c	1	tree-sha256:d92f1a585a272d2e8990ff5f0a1226b61e385783c50b680bb2ff8742fe9ed9c0	sha256:78336c9f99f1355ce96d1bc8ece79190d8922b5df116a08d33630c48f7954d32	AADS/xCore/x_files/Implementation/x_time.cpp	*			x_files	analogue-only	pending			
tribes-aa-11188b53f988b8b7	1	tree-sha256:d92f1a585a272d2e8990ff5f0a1226b61e385783c50b680bb2ff8742fe9ed9c0	sha256:cbd836e7b55a16411c22abd438f37e644b4c4eea3f36f175c0c44fc85ac80f61	AADS/xCore/x_files/Implementation/x_vsprintf.cpp	*			x_files	analogue-only	pending			
tribes-aa-372a044f482b96c3	1	tree-sha256:d92f1a585a272d2e8990ff5f0a1226b61e385783c50b680bb2ff8742fe9ed9c0	sha256:b4fbcb587c75ec9c023a8aca4487de6abce35b60e8f58d3867766cbc91cae284	AADS/xCore/x_files/x_bitmap.hpp	*			x_files	analogue-only	pending			
tribes-aa-ab8ca63995d957f6	1	tree-sha256:d92f1a585a272d2e8990ff5f0a1226b61e385783c50b680bb2ff8742fe9ed9c0	sha256:12449062c169b8e50537bfb3b0280f9378a1c36c4ebd00d67de268487290c794	AADS/xCore/x_files/x_bytestream.hpp	*			x_files	analogue-only	pending			
tribes-aa-06bc872b7ca8c5ab	1	tree-sha256:d92f1a585a272d2e8990ff5f0a1226b61e385783c50b680bb2ff8742fe9ed9c0	sha256:d9bb2d62a54c833205d84522af75b40889008e1fc51f545d109fc72f9542c4bd	AADS/xCore/x_files/x_debug.hpp	*			x_files	analogue-only	pending			
tribes-aa-dfe68aeac18b05ad	1	tree-sha256:d92f1a585a272d2e8990ff5f0a1226b61e385783c50b680bb2ff8742fe9ed9c0	sha256:d62820672332fb42c75f011f1ca2e45874ba9ef17e4365df831538cdba782a81	AADS/xCore/x_files/x_files.hpp	*			x_files	analogue-only	pending			
tribes-aa-811d981ed172690d	1	tree-sha256:d92f1a585a272d2e8990ff5f0a1226b61e385783c50b680bb2ff8742fe9ed9c0	sha256:bb51d5dc5391b105576718e649aca7347525ab6aeaf2bf6947b0cae88c7cb37e	AADS/xCore/x_files/x_math.hpp	*			x_files	analogue-only	pending			
tribes-aa-b835de7603808acb	1	tree-sha256:d92f1a585a272d2e8990ff5f0a1226b61e385783c50b680bb2ff8742fe9ed9c0	sha256:947f6771ec5213300f51cb916046f62ebf709a5f1c74fd45d3d5c96ec0651b25	AADS/xCore/x_files/x_memory.hpp	*			x_files	analogue-only	pending			
tribes-aa-fa5282ebfeb53260	1	tree-sha256:d92f1a585a272d2e8990ff5f0a1226b61e385783c50b680bb2ff8742fe9ed9c0	sha256:5ceefa75b5b57ff1aad9a1d4b431bbbaed7449f0944ce59acf9401cb25363edd	AADS/xCore/x_files/x_plus.hpp	*			x_files	analogue-only	pending			
tribes-aa-142db45c304b898b	1	tree-sha256:d92f1a585a272d2e8990ff5f0a1226b61e385783c50b680bb2ff8742fe9ed9c0	sha256:3a5f8e309888a484b4f468dc102efca47e1cf92971689f22a4ad3de1be3c18c7	AADS/xCore/x_files/x_stdio.hpp	*			x_files	analogue-only	pending			
tribes-aa-145e16faedd3f75b	1	tree-sha256:d92f1a585a272d2e8990ff5f0a1226b61e385783c50b680bb2ff8742fe9ed9c0	sha256:95dd56086da5af22266bea506e2f0bd8ba102452f50dc9a99edc18d77de6feb3	AADS/xCore/x_files/x_string.hpp	*			x_files	analogue-only	pending			
tribes-aa-7bec8e9c8b467d22	1	tree-sha256:d92f1a585a272d2e8990ff5f0a1226b61e385783c50b680bb2ff8742fe9ed9c0	sha256:f4b0024e260636190c63e69eca8da326fa2405de0cf1443f48429f9ccfa2aef1	AADS/xCore/x_files/x_threads.hpp	*			x_files	analogue-only	pending			
tribes-aa-000dc35fd6d3ef2b	1	tree-sha256:d92f1a585a272d2e8990ff5f0a1226b61e385783c50b680bb2ff8742fe9ed9c0	sha256:0531c1c49289560aaf23360ccefba86920a8a862f0e110b5ff24b39fbbbaa839	AADS/xCore/x_files/x_time.hpp	*			x_files	analogue-only	pending			
tribes-aa-5d698bb2697ff617	1	tree-sha256:d92f1a585a272d2e8990ff5f0a1226b61e385783c50b680bb2ff8742fe9ed9c0	sha256:b846395afa556118ea124cc9d47490d6a4bc6508d989edad45fa3e535883a096	AADS/xCore/x_files_mfc/Implementation/x_bitmap.cpp	*			x_files	analogue-only	pending			
tribes-aa-eb0c7203affb0e74	1	tree-sha256:d92f1a585a272d2e8990ff5f0a1226b61e385783c50b680bb2ff8742fe9ed9c0	sha256:2283cfaa21e5b9b7b6d2b7f9d7dfe673cc7622261e646f8e6c86284a6ca08fbc	AADS/xCore/x_files_mfc/Implementation/x_bitmap_cmap.cpp	*			x_files	analogue-only	pending			
tribes-aa-cc86e224751d878c	1	tree-sha256:d92f1a585a272d2e8990ff5f0a1226b61e385783c50b680bb2ff8742fe9ed9c0	sha256:038c50d69a80000ac53756f06bfe2cc21d2acd0608eea933312bcf290c246127	AADS/xCore/x_files_mfc/Implementation/x_bitmap_convert.cpp	*			x_files	analogue-only	pending			
tribes-aa-6c706784cf109271	1	tree-sha256:d92f1a585a272d2e8990ff5f0a1226b61e385783c50b680bb2ff8742fe9ed9c0	sha256:031dc0459e1d818ba12993e2976177401648950587e159d192e8ab8ec581488c	AADS/xCore/x_files_mfc/Implementation/x_bitmap_io.cpp	*			x_files	analogue-only	pending			
tribes-aa-9390508c8585bada	1	tree-sha256:d92f1a585a272d2e8990ff5f0a1226b61e385783c50b680bb2ff8742fe9ed9c0	sha256:7cfd275a5b55ff88fa04d83dc232b786758c9524a994f5655ace0c9ec06b55ba	AADS/xCore/x_files_mfc/Implementation/x_bitmap_quant.cpp	*			x_files	analogue-only	pending			
tribes-aa-bd6c4abf45ff76da	1	tree-sha256:d92f1a585a272d2e8990ff5f0a1226b61e385783c50b680bb2ff8742fe9ed9c0	sha256:e4de543023a299fef47fe13e35c5b9c2e03cfeb2e5e7e13c182fbacad0cf4d52	AADS/xCore/x_files_mfc/Implementation/x_bytestream.cpp	*			x_files	analogue-only	pending			
tribes-aa-8697981650ad4b04	1	tree-sha256:d92f1a585a272d2e8990ff5f0a1226b61e385783c50b680bb2ff8742fe9ed9c0	sha256:3459e2b644a91001a7ed0ccbc96048ec4b2d9ea4ee5a4bc30871c52f16a6c319	AADS/xCore/x_files_mfc/Implementation/x_debug.cpp	*			x_files	analogue-only	pending			
tribes-aa-d95e7652d062deac	1	tree-sha256:d92f1a585a272d2e8990ff5f0a1226b61e385783c50b680bb2ff8742fe9ed9c0	sha256:13b6a0fd3ae7ca68bb47becfeb9a2fa5d17d073718faeb730c227cd76e32829a	AADS/xCore/x_files_mfc/Implementation/x_files.cpp	*			x_files	analogue-only	pending			
tribes-aa-def3f9c89be9e403	1	tree-sha256:d92f1a585a272d2e8990ff5f0a1226b61e385783c50b680bb2ff8742fe9ed9c0	sha256:aa3a21ee57e83afb978fdc43d1d6cd59263c4aaf3ea07995c9a10e87fc75757b	AADS/xCore/x_files_mfc/Implementation/x_math.cpp	*			x_files	analogue-only	pending			
tribes-aa-773646c1271c338b	1	tree-sha256:d92f1a585a272d2e8990ff5f0a1226b61e385783c50b680bb2ff8742fe9ed9c0	sha256:f1a5ecd75975273316121ed3f5eca05abc3a46438ff4fb8a1b7be784a63bbd10	AADS/xCore/x_files_mfc/Implementation/x_math_basic.cpp	*			x_files	analogue-only	pending			
tribes-aa-8a040fa090c39278	1	tree-sha256:d92f1a585a272d2e8990ff5f0a1226b61e385783c50b680bb2ff8742fe9ed9c0	sha256:4c5949c1c118c57879a494cd6b387efba174c5ec40419c78ecbf69a295ee4844	AADS/xCore/x_files_mfc/Implementation/x_memory.cpp	*			x_files	analogue-only	pending			
tribes-aa-a31cff39b3118d66	1	tree-sha256:d92f1a585a272d2e8990ff5f0a1226b61e385783c50b680bb2ff8742fe9ed9c0	sha256:8396816f83c825afe3383e8539da1e3f639b569bb7f0e0c3e5d480f44a0852ac	AADS/xCore/x_files_mfc/Implementation/x_mqueue.cpp	*			x_files	analogue-only	pending			
tribes-aa-d8221b4266d591b6	1	tree-sha256:d92f1a585a272d2e8990ff5f0a1226b61e385783c50b680bb2ff8742fe9ed9c0	sha256:72b0b14b5ad7e63522883a3aa54f2221d2c402e5cb3eaef82a286d217f13ace5	AADS/xCore/x_files_mfc/Implementation/x_mutex.cpp	*			x_files	analogue-only	pending			
tribes-aa-4067123dcb1ff621	1	tree-sha256:d92f1a585a272d2e8990ff5f0a1226b61e385783c50b680bb2ff8742fe9ed9c0	sha256:675fd430a39bfafe80d2e62a2f619c0beb682e72fa190180baaaf5ce33648606	AADS/xCore/x_files_mfc/Implementation/x_plus.cpp	*			x_files	analogue-only	pending			
tribes-aa-b137d184ab097eff	1	tree-sha256:d92f1a585a272d2e8990ff5f0a1226b61e385783c50b680bb2ff8742fe9ed9c0	sha256:8fdd67bc0ca10ed38f860dd92bd5314de0578f0839c78e6573650e3ba0cc6e5e	AADS/xCore/x_files_mfc/Implementation/x_stdio.cpp	*			x_files	analogue-only	pending			
tribes-aa-ed0b8e21d32f5656	1	tree-sha256:d92f1a585a272d2e8990ff5f0a1226b61e385783c50b680bb2ff8742fe9ed9c0	sha256:1f31df45e463b3fcbde87c8f9093846d18aea0fc0d7f5a0eb336c931aeeb0302	AADS/xCore/x_files_mfc/Implementation/x_string.cpp	*			x_files	analogue-only	pending			
tribes-aa-9b2d56fa37a3da9c	1	tree-sha256:d92f1a585a272d2e8990ff5f0a1226b61e385783c50b680bb2ff8742fe9ed9c0	sha256:5abec4dade6466ef105cc8981abed18fddcfd96d3578825944a2822e449dbf1e	AADS/xCore/x_files_mfc/Implementation/x_threads.cpp	*			x_files	analogue-only	pending			
tribes-aa-c282513c30b09347	1	tree-sha256:d92f1a585a272d2e8990ff5f0a1226b61e385783c50b680bb2ff8742fe9ed9c0	sha256:d8fd63439a275a21f2cf29f2a3ddb56cc8ea8f5352b9c19db9745de6dc506e05	AADS/xCore/x_files_mfc/Implementation/x_time.cpp	*			x_files	analogue-only	pending			
tribes-aa-6afa8ac02cca8664	1	tree-sha256:d92f1a585a272d2e8990ff5f0a1226b61e385783c50b680bb2ff8742fe9ed9c0	sha256:cbd836e7b55a16411c22abd438f37e644b4c4eea3f36f175c0c44fc85ac80f61	AADS/xCore/x_files_mfc/Implementation/x_vsprintf.cpp	*			x_files	analogue-only	pending			
tribes-aa-2cd1c9198dbca797	1	tree-sha256:d92f1a585a272d2e8990ff5f0a1226b61e385783c50b680bb2ff8742fe9ed9c0	sha256:b4fbcb587c75ec9c023a8aca4487de6abce35b60e8f58d3867766cbc91cae284	AADS/xCore/x_files_mfc/x_bitmap.hpp	*			x_files	analogue-only	pending			
tribes-aa-914579dcaad50f75	1	tree-sha256:d92f1a585a272d2e8990ff5f0a1226b61e385783c50b680bb2ff8742fe9ed9c0	sha256:12449062c169b8e50537bfb3b0280f9378a1c36c4ebd00d67de268487290c794	AADS/xCore/x_files_mfc/x_bytestream.hpp	*			x_files	analogue-only	pending			
tribes-aa-0108647b215999ea	1	tree-sha256:d92f1a585a272d2e8990ff5f0a1226b61e385783c50b680bb2ff8742fe9ed9c0	sha256:fce6d8d640e14dff2418493a210bc53b5e18d09b6c735bf6554251dfa4faae51	AADS/xCore/x_files_mfc/x_debug.hpp	*			x_files	analogue-only	pending			
tribes-aa-86e787779e569b76	1	tree-sha256:d92f1a585a272d2e8990ff5f0a1226b61e385783c50b680bb2ff8742fe9ed9c0	sha256:d62820672332fb42c75f011f1ca2e45874ba9ef17e4365df831538cdba782a81	AADS/xCore/x_files_mfc/x_files.hpp	*			x_files	analogue-only	pending			
tribes-aa-50a5f46e30675a29	1	tree-sha256:d92f1a585a272d2e8990ff5f0a1226b61e385783c50b680bb2ff8742fe9ed9c0	sha256:bb51d5dc5391b105576718e649aca7347525ab6aeaf2bf6947b0cae88c7cb37e	AADS/xCore/x_files_mfc/x_math.hpp	*			x_files	analogue-only	pending			
tribes-aa-692bca9cb2f85f52	1	tree-sha256:d92f1a585a272d2e8990ff5f0a1226b61e385783c50b680bb2ff8742fe9ed9c0	sha256:2e7f3f56938e317c28fbca3560193019c63bdb2312f370703e9b8da15718ba2a	AADS/xCore/x_files_mfc/x_memory.hpp	*			x_files	analogue-only	pending			
tribes-aa-5bf99df5b711014d	1	tree-sha256:d92f1a585a272d2e8990ff5f0a1226b61e385783c50b680bb2ff8742fe9ed9c0	sha256:5ceefa75b5b57ff1aad9a1d4b431bbbaed7449f0944ce59acf9401cb25363edd	AADS/xCore/x_files_mfc/x_plus.hpp	*			x_files	analogue-only	pending			
tribes-aa-d01f6b194b232196	1	tree-sha256:d92f1a585a272d2e8990ff5f0a1226b61e385783c50b680bb2ff8742fe9ed9c0	sha256:3a5f8e309888a484b4f468dc102efca47e1cf92971689f22a4ad3de1be3c18c7	AADS/xCore/x_files_mfc/x_stdio.hpp	*			x_files	analogue-only	pending			
tribes-aa-592226005245861a	1	tree-sha256:d92f1a585a272d2e8990ff5f0a1226b61e385783c50b680bb2ff8742fe9ed9c0	sha256:9d3baa244837becf16d38c6a208a2c5f663559d39f307539d085f0618aef99ba	AADS/xCore/x_files_mfc/x_string.hpp	*			x_files	analogue-only	pending			
tribes-aa-c29dd17302377264	1	tree-sha256:d92f1a585a272d2e8990ff5f0a1226b61e385783c50b680bb2ff8742fe9ed9c0	sha256:e97162174ef2e1dce07dccd113b3ccb1bc0068f526ab3cf4e97e72706861e615	AADS/xCore/x_files_mfc/x_threads.hpp	*			x_files	analogue-only	pending			
tribes-aa-20bc09aa93e0550a	1	tree-sha256:d92f1a585a272d2e8990ff5f0a1226b61e385783c50b680bb2ff8742fe9ed9c0	sha256:0531c1c49289560aaf23360ccefba86920a8a862f0e110b5ff24b39fbbbaa839	AADS/xCore/x_files_mfc/x_time.hpp	*			x_files	analogue-only	pending			
tribes-aa-f363d685d9b4d428	1	tree-sha256:d92f1a585a272d2e8990ff5f0a1226b61e385783c50b680bb2ff8742fe9ed9c0	sha256:99146a2bc2621145be62c89e1bac350890922277923305671ec3a6e4c5ea151c	aa/Demo1/Globals.cpp	*			(application),d3d8ltcg,dsound	analogue-only	pending			
tribes-aa-c7b81b7cfbc7f573	1	tree-sha256:d92f1a585a272d2e8990ff5f0a1226b61e385783c50b680bb2ff8742fe9ed9c0	sha256:fb3214d2cf5c27dc69428721feda119d5f04bb7c9029391287dd9bc25a8bbe1a	aa/Demo1/Globals.hpp	*			(application),d3d8ltcg,dsound	analogue-only	pending			
tribes-aa-50206dce6ac5ecf9	1	tree-sha256:d92f1a585a272d2e8990ff5f0a1226b61e385783c50b680bb2ff8742fe9ed9c0	sha256:a339fd2da2f5b6e60f1795efac5f8686084a13a00b394b024f05afa3365b2c1d	aa/Demo1/Main.cpp	*			(application)	analogue-only	pending			
tribes-aa-cf53a118b9cb4637	1	tree-sha256:d92f1a585a272d2e8990ff5f0a1226b61e385783c50b680bb2ff8742fe9ed9c0	sha256:145fe52f050175032dee3b8c8a2b307c92c2a84bdcf867347d91a42c8eb9056e	aa/Demo1/dlg_Inventory.cpp	*			(application)	analogue-only	pending			
tribes-aa-6075f1a737bdc027	1	tree-sha256:d92f1a585a272d2e8990ff5f0a1226b61e385783c50b680bb2ff8742fe9ed9c0	sha256:b9ee766c9c81d86ace55d2857c48b7dfeca0aa8270aed6d6ab0c1c727ee8f37d	aa/Demo1/dlg_Inventory.hpp	*			(application)	analogue-only	pending			
tribes-aa-f1a2f2683ee58554	1	tree-sha256:d92f1a585a272d2e8990ff5f0a1226b61e385783c50b680bb2ff8742fe9ed9c0	sha256:664604da8fd69edfff3a62cfb5a6f9068ff249b3638c411434d28477436361a9	aa/Demo1/dlg_MainMenu.cpp	*			(application)	analogue-only	pending			
tribes-aa-d172642f6ffc3a12	1	tree-sha256:d92f1a585a272d2e8990ff5f0a1226b61e385783c50b680bb2ff8742fe9ed9c0	sha256:6cf9ab165fe97435dead71d291fa22b864f29718d2f50cbd87c38a07d3fa4c01	aa/Demo1/dlg_MainMenu.hpp	*			(application)	analogue-only	pending			
tribes-aa-87b1d3e12c22c93d	1	tree-sha256:d92f1a585a272d2e8990ff5f0a1226b61e385783c50b680bb2ff8742fe9ed9c0	sha256:ef7405788f2b757369d90bb47bc793d409a59ca18805a140b4a22685e1861166	aa/Demo1/dlg_Message.cpp	*			(application)	analogue-only	pending			
tribes-aa-8ee3d8f62648e961	1	tree-sha256:d92f1a585a272d2e8990ff5f0a1226b61e385783c50b680bb2ff8742fe9ed9c0	sha256:fee8bc8901156cbde30783a49d2b13c1b0f80dcc525bd9f5868f653bcd23f71c	aa/Demo1/dlg_Message.hpp	*			(application)	analogue-only	pending			
tribes-aa-d5e1994210e1840e	1	tree-sha256:d92f1a585a272d2e8990ff5f0a1226b61e385783c50b680bb2ff8742fe9ed9c0	sha256:a84ff77390864b38af6ce15fd0b92ffd25686cb8a7be5f9928249fb697225594	aa/support/EventMgr/EventMgr.cpp	*			GameLib	analogue-only	pending			
tribes-aa-62b75a52618d92d4	1	tree-sha256:d92f1a585a272d2e8990ff5f0a1226b61e385783c50b680bb2ff8742fe9ed9c0	sha256:e884828c8b2d072db55c36fcf1e73cdbd54d661ed0b1935cba4e78df9773fd08	aa/support/EventMgr/EventMgr.hpp	*			GameLib	analogue-only	pending			
tribes-aa-fc978c4c64d43940	1	tree-sha256:d92f1a585a272d2e8990ff5f0a1226b61e385783c50b680bb2ff8742fe9ed9c0	sha256:7ef9a095fa2279ea46f7dcb39e48d6b1455bc5ff58d44e52be6c720e228d6436	aa/support/boteditor/resource.h	*			d3d8ltcg	analogue-only	pending			
tribes-aa-f680a9f1d3895861	1	tree-sha256:d92f1a585a272d2e8990ff5f0a1226b61e385783c50b680bb2ff8742fe9ed9c0	sha256:3e3933a1f3a4dcb78914a101ec605fa55ab8c244198e62ce733db92c9e28cd0d	aa/support/hud/hud.cpp	*			(application)	analogue-only	pending			
tribes-aa-781fceb147a3a1ef	1	tree-sha256:d92f1a585a272d2e8990ff5f0a1226b61e385783c50b680bb2ff8742fe9ed9c0	sha256:8501368011f6fdac3c2e7f0aa2b2fe5962c4074973e430f971b32b18ddc5afcf	aa/support/hud/hud.hpp	*			(application)	analogue-only	pending			
tribes-aa-8722072f48b2bf87	1	tree-sha256:d92f1a585a272d2e8990ff5f0a1226b61e385783c50b680bb2ff8742fe9ed9c0	sha256:33f11d9612887d559e27accd920d012bb90198564c546cefdbf7133045f00a94	aa/support/movieplayer/movieplayer.cpp	*			MoviePlayer	analogue-only	pending			
tribes-aa-b211388f3e753d03	1	tree-sha256:d92f1a585a272d2e8990ff5f0a1226b61e385783c50b680bb2ff8742fe9ed9c0	sha256:a9690e6c5d87c64396655487aff03437719df554863ae332b79ea27699e9b6b2	aa/support/movieplayer/movieplayer.hpp	*			MoviePlayer	analogue-only	pending			
tribes-aa-ed22d8f6ae626a42	1	tree-sha256:d92f1a585a272d2e8990ff5f0a1226b61e385783c50b680bb2ff8742fe9ed9c0	sha256:ff8d235e8e64858071df597ac25e47c6e5dd4ad87c64abca3bd763d3591f2180	aa/support/netlib/bitstream.cpp	*			Parsing	analogue-only	pending			
tribes-aa-2d57d78421ec4414	1	tree-sha256:d92f1a585a272d2e8990ff5f0a1226b61e385783c50b680bb2ff8742fe9ed9c0	sha256:0a06ba43141aa4d08cacbc215abb3660da90c69a625e3ef4b1dcc999c58e142f	aa/support/netlib/bitstream.hpp	*			Parsing	analogue-only	pending			
tribes-aa-d324a1e253e6e5ea	1	tree-sha256:d92f1a585a272d2e8990ff5f0a1226b61e385783c50b680bb2ff8742fe9ed9c0	sha256:eee9e8caad9d7b270081ab6b316ffe4f09630e06d8241bb50b7293d3051d896e	aa/support/objectmgr/Object.cpp	*			(application)	analogue-only	pending			
tribes-aa-337953de32da2412	1	tree-sha256:d92f1a585a272d2e8990ff5f0a1226b61e385783c50b680bb2ff8742fe9ed9c0	sha256:640d96dd7d309460c3d5cc16caa6fd1306980f2660afce0ef3c8d1ad2d17ca18	aa/support/objectmgr/Object.hpp	*			(application)	analogue-only	pending			
tribes-aa-4d410d0708e8c7c6	1	tree-sha256:d92f1a585a272d2e8990ff5f0a1226b61e385783c50b680bb2ff8742fe9ed9c0	sha256:e821d7260fe97216d2052d1ce781beeb7e31915b5e6f52acdbdb84b473ed256f	aa/support/objectmgr/ObjectMgr.cpp	*			GameLib	analogue-only	pending			
tribes-aa-fb02aeab218d58f4	1	tree-sha256:d92f1a585a272d2e8990ff5f0a1226b61e385783c50b680bb2ff8742fe9ed9c0	sha256:026d62cc6d2cc28ca0a5295b4d43b0af0ab2e404772cbc641b9e0eeaf63eba01	aa/support/objectmgr/ObjectMgr.hpp	*			GameLib	analogue-only	pending			
tribes-aa-55328bb371da7f5a	1	tree-sha256:d92f1a585a272d2e8990ff5f0a1226b61e385783c50b680bb2ff8742fe9ed9c0	sha256:55edbbebeb9e27d97a6c66b23c3a72163ce91fc3fb03f2c43ae36a19b412c4c0	aa/support/objects/bot/Path.cpp	*			(application)	analogue-only	pending			
tribes-aa-905b6b2ea6cda1db	1	tree-sha256:d92f1a585a272d2e8990ff5f0a1226b61e385783c50b680bb2ff8742fe9ed9c0	sha256:a8b5b99f72e359b88d7981371cd6612635b7dc809881906c57c1f1a6230dbe3c	aa/support/objects/bot/Path.hpp	*			(application)	analogue-only	pending			
tribes-aa-3cc36ca4775f05c4	1	tree-sha256:d92f1a585a272d2e8990ff5f0a1226b61e385783c50b680bb2ff8742fe9ed9c0	sha256:ebeb784dd39d3c55cf6e0199f7f3d2dee06c978df0de956ace37ff55d9266134	aa/support/objects/projectiles/Disk.cpp	*			xapilib	analogue-only	pending			
tribes-aa-e2335cd8a2df3c49	1	tree-sha256:d92f1a585a272d2e8990ff5f0a1226b61e385783c50b680bb2ff8742fe9ed9c0	sha256:9be515a49f2f6c06134e48f676dc979a0c3c096c1d61da2eb59df3129eb824d1	aa/support/objects/projectiles/Disk.hpp	*			xapilib	analogue-only	pending			
tribes-aa-c4b1ce515a37505e	1	tree-sha256:d92f1a585a272d2e8990ff5f0a1226b61e385783c50b680bb2ff8742fe9ed9c0	sha256:5da2025cfa44b0d3b961f5d08d723acbe427ad751d503b3d51a4833e8fe73fde	aa/support/shape/Texture.cpp	*			d3d8ltcg	analogue-only	pending			
tribes-aa-3dc1b1f9405d8aaf	1	tree-sha256:d92f1a585a272d2e8990ff5f0a1226b61e385783c50b680bb2ff8742fe9ed9c0	sha256:1facb24abefab50fcd55bea1f59e1c60c750d80e3c0bb3d5c9506941b7f6a247	aa/support/shape/Texture.hpp	*			d3d8ltcg	analogue-only	pending			
tribes-aa-24206503c5f12d3c	1	tree-sha256:d92f1a585a272d2e8990ff5f0a1226b61e385783c50b680bb2ff8742fe9ed9c0	sha256:8f489aaea1ea565ce33a7bba6e1ce60443238a76035295586dc024d5251b3fe1	aa/support/shape/Util.cpp	*			LIBCMT	analogue-only	pending			
tribes-aa-76d13ae1fde49415	1	tree-sha256:d92f1a585a272d2e8990ff5f0a1226b61e385783c50b680bb2ff8742fe9ed9c0	sha256:b0864df4c3bee0ff30cc3907c1dcf27fbbadf9e89804c6e3fa87b0e572e77634	aa/support/shape/Util.hpp	*			LIBCMT	analogue-only	pending			
tribes-aa-51601f19f0f0b900	1	tree-sha256:d92f1a585a272d2e8990ff5f0a1226b61e385783c50b680bb2ff8742fe9ed9c0	sha256:aaed977388117e40ab4d8c66fe0ca1ddfe6e70edd571eceb05b6bbfc64290d9f	aa/support/stringmgr/StringMgr.cpp	*			StringMgr	analogue-only	pending			
tribes-aa-7eef4abb83f152db	1	tree-sha256:d92f1a585a272d2e8990ff5f0a1226b61e385783c50b680bb2ff8742fe9ed9c0	sha256:6a532c7ebe5ed73dc1b9adf02311d03d4f64943e576033d97ef0d12da6354ed2	aa/support/stringmgr/StringMgr.hpp	*			StringMgr	analogue-only	pending			
tribes-aa-bbc0b14345b385d4	1	tree-sha256:d92f1a585a272d2e8990ff5f0a1226b61e385783c50b680bb2ff8742fe9ed9c0	sha256:6066e35d1c5c6b1018cc57d396848296a4bf7d227d440d5666c0ee2faa0fb202	aa/support/tokenizer/tokenizer.cpp	*			Parsing	analogue-only	pending			
tribes-aa-0d5671556e36f6e0	1	tree-sha256:d92f1a585a272d2e8990ff5f0a1226b61e385783c50b680bb2ff8742fe9ed9c0	sha256:f23278e7143b55faf101ec3468ecf4cbc833b4c5e0d270ee925db76fb7ff7b9d	aa/support/tokenizer/tokenizer.hpp	*			Parsing	analogue-only	pending			
tribes-aa-51c97785a55506aa	1	tree-sha256:d92f1a585a272d2e8990ff5f0a1226b61e385783c50b680bb2ff8742fe9ed9c0	sha256:9674975b74afe26193a222ac12dac4648324ba1aa0461e4eba072948cfd33827	aa/support/ui/ui_button.cpp	*			UI	analogue-only	pending			
tribes-aa-09420d7e590c059d	1	tree-sha256:d92f1a585a272d2e8990ff5f0a1226b61e385783c50b680bb2ff8742fe9ed9c0	sha256:f8c8700b4d3fc8045575dba473c1a9578d56fcc76b46f6138bb1bd318d3d34d3	aa/support/ui/ui_button.hpp	*			UI	analogue-only	pending			
tribes-aa-f76ee3f799fa2f4c	1	tree-sha256:d92f1a585a272d2e8990ff5f0a1226b61e385783c50b680bb2ff8742fe9ed9c0	sha256:49f5da70a3ad02de6eaeda7d1b6aa8b230d0c58babdc9b7e6a4942af732f3036	aa/support/ui/ui_check.cpp	*			UI	analogue-only	pending			
tribes-aa-75faf91294210151	1	tree-sha256:d92f1a585a272d2e8990ff5f0a1226b61e385783c50b680bb2ff8742fe9ed9c0	sha256:d9ae3c217f49eec160e3ced050d5b640399f519efb9ba4b63ccdd2e0f493d693	aa/support/ui/ui_check.hpp	*			UI	analogue-only	pending			
tribes-aa-a8a8fcef06c3105d	1	tree-sha256:d92f1a585a272d2e8990ff5f0a1226b61e385783c50b680bb2ff8742fe9ed9c0	sha256:1920d1b32fc4f4192a594cfd5521be911c2636a9988e3e1ccca7276c2263c2c9	aa/support/ui/ui_control.cpp	*			UI	analogue-only	pending			
tribes-aa-1482db7ba923af03	1	tree-sha256:d92f1a585a272d2e8990ff5f0a1226b61e385783c50b680bb2ff8742fe9ed9c0	sha256:275fc85d8460df41ae1415212286ffa95dbcac7319e96eb968a56d4f0db1980e	aa/support/ui/ui_control.hpp	*			UI	analogue-only	pending			
tribes-aa-beae930449f2adae	1	tree-sha256:d92f1a585a272d2e8990ff5f0a1226b61e385783c50b680bb2ff8742fe9ed9c0	sha256:8639486499deca9255a5a8143526029ae4a75ecae285ab5ea745139a0acdb1d6	aa/support/ui/ui_dialog.cpp	*			UI	analogue-only	pending			
tribes-aa-59d7d2e30bb1812b	1	tree-sha256:d92f1a585a272d2e8990ff5f0a1226b61e385783c50b680bb2ff8742fe9ed9c0	sha256:9b50f690d7b1adb9867d5b8ec8e2160c5891e87d302747993f239bc7c8449ce1	aa/support/ui/ui_dialog.hpp	*			UI	analogue-only	pending			
tribes-aa-b635e18efa7ae520	1	tree-sha256:d92f1a585a272d2e8990ff5f0a1226b61e385783c50b680bb2ff8742fe9ed9c0	sha256:6c7d3c883e023882e663ab5fafe08d7df1998964ca6e4243e022ffaa8f500dd5	aa/support/ui/ui_dlg_list.cpp	*			UI	analogue-only	pending			
tribes-aa-72bdb4f029f9fd41	1	tree-sha256:d92f1a585a272d2e8990ff5f0a1226b61e385783c50b680bb2ff8742fe9ed9c0	sha256:860da13d72047b3c1fbec48f3dff6dd07a0e61e6c1e1b0850712fe4c94926587	aa/support/ui/ui_dlg_list.hpp	*			UI	analogue-only	pending			
tribes-aa-1c1cecccbba77e88	1	tree-sha256:d92f1a585a272d2e8990ff5f0a1226b61e385783c50b680bb2ff8742fe9ed9c0	sha256:acec59424b74ca6d3314661a4385cc8a615866c192369d71f40781da1ae2a282	aa/support/ui/ui_dlg_vkeyboard.cpp	*			UI	analogue-only	pending			
tribes-aa-bd3b80d1a9a69e1c	1	tree-sha256:d92f1a585a272d2e8990ff5f0a1226b61e385783c50b680bb2ff8742fe9ed9c0	sha256:451f72d38ffdcac8a5b0f125431149db83ca147bf5814cd86733f501fed16496	aa/support/ui/ui_dlg_vkeyboard.hpp	*			UI	analogue-only	pending			
tribes-aa-7acf6f3fe7d50836	1	tree-sha256:d92f1a585a272d2e8990ff5f0a1226b61e385783c50b680bb2ff8742fe9ed9c0	sha256:15fa4f6813d95312d184c3982cae6916927e69df77c6e3d982cc9bbdd689a9af	aa/support/ui/ui_edit.cpp	*			UI	analogue-only	pending			
tribes-aa-c5d2670081053f17	1	tree-sha256:d92f1a585a272d2e8990ff5f0a1226b61e385783c50b680bb2ff8742fe9ed9c0	sha256:9758e9a1c83c40d71552c4048cc1b3b1ae334699c68b96721126c0dbc052603c	aa/support/ui/ui_edit.hpp	*			UI	analogue-only	pending			
tribes-aa-bd1411c428934be1	1	tree-sha256:d92f1a585a272d2e8990ff5f0a1226b61e385783c50b680bb2ff8742fe9ed9c0	sha256:3e82f1388e421d2a86b2f193e27a48b12a0188233060c6e4a02b6f1293d838cc	aa/support/ui/ui_font.cpp	*			UI	analogue-only	pending			
tribes-aa-48829f2112652a6f	1	tree-sha256:d92f1a585a272d2e8990ff5f0a1226b61e385783c50b680bb2ff8742fe9ed9c0	sha256:a9a1f714353ffeaf435b10cb98c7fb50cdfe5aafa29888114b46d54f633e7c3f	aa/support/ui/ui_font.hpp	*			UI	analogue-only	pending			
tribes-aa-463352c24bd304f0	1	tree-sha256:d92f1a585a272d2e8990ff5f0a1226b61e385783c50b680bb2ff8742fe9ed9c0	sha256:c96ee0746a27e4a662272f42aec8a47aabe5dc8a58c8e13cd15eb525f15f1aee	aa/support/ui/ui_frame.cpp	*			UI	analogue-only	pending			
tribes-aa-ba9215b1dac19597	1	tree-sha256:d92f1a585a272d2e8990ff5f0a1226b61e385783c50b680bb2ff8742fe9ed9c0	sha256:c21c625fff4fd43f5645199da36dd40b7c46b78949de8ae23843f04f207e5925	aa/support/ui/ui_frame.hpp	*			UI	analogue-only	pending			
tribes-aa-46c747cf802cf34f	1	tree-sha256:d92f1a585a272d2e8990ff5f0a1226b61e385783c50b680bb2ff8742fe9ed9c0	sha256:85363865e32e0fbeee10e12e27fa9c662c1bdfa49cdc404cde593bc3ecd2646b	aa/support/ui/ui_listbox.cpp	*			UI	analogue-only	pending			
tribes-aa-81365394e7f2a181	1	tree-sha256:d92f1a585a272d2e8990ff5f0a1226b61e385783c50b680bb2ff8742fe9ed9c0	sha256:22278bbe85d4a0c92b35d97586e41587d0e091ab91b80103900a5f66c4ffe7c6	aa/support/ui/ui_listbox.hpp	*			UI	analogue-only	pending			
tribes-aa-99ef5064eea8df1f	1	tree-sha256:d92f1a585a272d2e8990ff5f0a1226b61e385783c50b680bb2ff8742fe9ed9c0	sha256:13299688523f95094e4cde7b0b3e881d8b0c1cb9528ab3fe8d082a07d2afa141	aa/support/ui/ui_manager.cpp	*			UI	analogue-only	pending			
tribes-aa-966fe772736ffba2	1	tree-sha256:d92f1a585a272d2e8990ff5f0a1226b61e385783c50b680bb2ff8742fe9ed9c0	sha256:8e8caddc715a0863327fd81a2bb7ed85d96d6e1fe779edb81d4c1ac99a51a386	aa/support/ui/ui_manager.hpp	*			UI	analogue-only	pending			
tribes-aa-6bb68087f2c3abcb	1	tree-sha256:d92f1a585a272d2e8990ff5f0a1226b61e385783c50b680bb2ff8742fe9ed9c0	sha256:206fef4e085ed9ca04361289b4e0559da47f543aee218a14bad1b3de4ec8bf80	aa/support/ui/ui_radio.cpp	*			UI	analogue-only	pending			
tribes-aa-5ec9a67f2d966af4	1	tree-sha256:d92f1a585a272d2e8990ff5f0a1226b61e385783c50b680bb2ff8742fe9ed9c0	sha256:74f12b1801e760044253ced0c0c5d4eda4d32a99f35aef785eddb0575525ea08	aa/support/ui/ui_radio.hpp	*			UI	analogue-only	pending			
tribes-aa-746db5d19496d3b2	1	tree-sha256:d92f1a585a272d2e8990ff5f0a1226b61e385783c50b680bb2ff8742fe9ed9c0	sha256:1be4ccaeb6daa494c867c32012f9784728e536782500e1ba197e5e3632132f4a	aa/support/ui/ui_slider.cpp	*			UI	analogue-only	pending			
tribes-aa-b57993acb8063411	1	tree-sha256:d92f1a585a272d2e8990ff5f0a1226b61e385783c50b680bb2ff8742fe9ed9c0	sha256:0762c0820ad132fc0d8ce055e4f9f5827c90c8b4e2632a979e3edbab140cbfce	aa/support/ui/ui_slider.hpp	*			UI	analogue-only	pending			
tribes-aa-3fc4d77613889821	1	tree-sha256:d92f1a585a272d2e8990ff5f0a1226b61e385783c50b680bb2ff8742fe9ed9c0	sha256:9295b729fb27f5941f19e779b5e9cd48bcd31fc12bfaa2d1f3dba28b0278f440	aa/support/ui/ui_text.cpp	*			UI	analogue-only	pending			
tribes-aa-b6304a56565dff52	1	tree-sha256:d92f1a585a272d2e8990ff5f0a1226b61e385783c50b680bb2ff8742fe9ed9c0	sha256:a7b49659da7df2355c765f1d9bb78de35303c86bc6659234e3f134ad62547ff4	aa/support/ui/ui_text.hpp	*			UI	analogue-only	pending			
tribes-aa-ce286c287d2f444c	1	tree-sha256:d92f1a585a272d2e8990ff5f0a1226b61e385783c50b680bb2ff8742fe9ed9c0	sha256:b2d8ddebc96b096220e51c618bfb9ca25d99c47174c19c22aae8c4fa7ee33efa	aa/support/ui/ui_textbox.cpp	*			UI	analogue-only	pending			
tribes-aa-1f332b9d2e3320d7	1	tree-sha256:d92f1a585a272d2e8990ff5f0a1226b61e385783c50b680bb2ff8742fe9ed9c0	sha256:a63d6f21bf410b35a5a3df52caa90de52f769fd6ab0965101d35d947c5e1f10c	aa/support/ui/ui_textbox.hpp	*			UI	analogue-only	pending			
tribes-aa-dda92f495bcecff4	1	tree-sha256:d92f1a585a272d2e8990ff5f0a1226b61e385783c50b680bb2ff8742fe9ed9c0	sha256:344a1a0e7661f4a75b47e0da96996d78e481c0ac2beecb173365296c04fa0cc2	aa/support/ui/ui_win.cpp	*			UI	analogue-only	pending			
tribes-aa-0e0b8faac277f81c	1	tree-sha256:d92f1a585a272d2e8990ff5f0a1226b61e385783c50b680bb2ff8742fe9ed9c0	sha256:529f38a7aa7530adcb43f36d1d9ec2bafd0bc84da0157bd019987f485e95d3d9	aa/support/ui/ui_win.hpp	*			UI	analogue-only	pending			
tribes-aa-2e5f1a5b9a34224c	1	tree-sha256:d92f1a585a272d2e8990ff5f0a1226b61e385783c50b680bb2ff8742fe9ed9c0	sha256:6aef8fe7bd4b6478c469c335d9ab3a4d431f8fa157056cd03f95c611ed54dab9	aa/xcore/3rdParty/PS2/Sony/EE/include/ctype.h	*			LIBCMT	analogue-only	pending			
tribes-aa-25f9732a61a044ca	1	tree-sha256:d92f1a585a272d2e8990ff5f0a1226b61e385783c50b680bb2ff8742fe9ed9c0	sha256:c6cd6785d2854b2c96508e9ca392c1b34add18def6b7b397578af3b949699539	aa/xcore/3rdParty/PS2/Sony/EE/include/malloc.h	*			LIBCMT	analogue-only	pending			
tribes-aa-6154af3f91b074df	1	tree-sha256:d92f1a585a272d2e8990ff5f0a1226b61e385783c50b680bb2ff8742fe9ed9c0	sha256:1713a997797b85ceb871f0e4a4ddd2be915ec10ea284140d361de98142ba2b80	aa/xcore/3rdParty/PS2/Sony/EE/include/math.h	*			d3d8ltcg	analogue-only	pending			
tribes-aa-ce3b5d7d2c6a1fc3	1	tree-sha256:d92f1a585a272d2e8990ff5f0a1226b61e385783c50b680bb2ff8742fe9ed9c0	sha256:52118aff011ba852e34d8ad080849109876386cd7be973bfebffe1b0448658ef	aa/xcore/3rdParty/PS2/Sony/EE/include/process.h	*			xapilib	analogue-only	pending			
tribes-aa-8ec9a8057da98219	1	tree-sha256:d92f1a585a272d2e8990ff5f0a1226b61e385783c50b680bb2ff8742fe9ed9c0	sha256:c7d30a7332fcc6f1b77a5a761ab5160c4b240ff815a5333f34deaf3beb10dc22	aa/xcore/3rdParty/PS2/Sony/EE/include/sys/resource.h	*			d3d8ltcg	analogue-only	pending			
tribes-aa-8748ccb98ad953de	1	tree-sha256:d92f1a585a272d2e8990ff5f0a1226b61e385783c50b680bb2ff8742fe9ed9c0	sha256:36cfcb8b842fe1f916f77d73070d24fa0a659c5cc1c5bfe7684fca57aada5fd4	aa/xcore/3rdParty/PS2/Sony/IOP/include/ctype.h	*			LIBCMT	analogue-only	pending			
tribes-aa-d10a22f319728f11	1	tree-sha256:d92f1a585a272d2e8990ff5f0a1226b61e385783c50b680bb2ff8742fe9ed9c0	sha256:82cc56759c322021ed47ddfc2240abaabd0a5ee0d4623599112757e386148d01	aa/xcore/3rdParty/PS2/Sony/IOP/include/thread.h	*			LIBCMT,xapilib	analogue-only	pending			
tribes-aa-e501cf1ba1512cb4	1	tree-sha256:d92f1a585a272d2e8990ff5f0a1226b61e385783c50b680bb2ff8742fe9ed9c0	sha256:8ec3ef0e89a3e889397a7d57724bc73a0b3b8023cda8eb7702344fedf35a6415	aa/xcore/3rdParty/PS2/Sony/IOP/include/usbd.h	*			xapilib	analogue-only	pending			
tribes-aa-c83ba42c18e9ac7e	1	tree-sha256:d92f1a585a272d2e8990ff5f0a1226b61e385783c50b680bb2ff8742fe9ed9c0	sha256:5cc18eee624a76126781e63537426e7cf86dcc35e7caec519937a07687628aaf	aa/xcore/3rdParty/PS2/Sony/IOP/lib/crt0.c	*			LIBCMT	analogue-only	pending			
tribes-aa-a327aff704a20e0b	1	tree-sha256:d92f1a585a272d2e8990ff5f0a1226b61e385783c50b680bb2ff8742fe9ed9c0	sha256:731961a093b44d5fb78105469d6e01b71bc8c0a4701284640f8e70db44b9c0f6	aa/xcore/Auxiliary/Bitmap/DefaultBMP.cpp	*			aux_Bitmap	analogue-only	pending			
tribes-aa-b9a1d3d5055f3daa	1	tree-sha256:d92f1a585a272d2e8990ff5f0a1226b61e385783c50b680bb2ff8742fe9ed9c0	sha256:2ce05548ed03ea76ac27dcf7866ddf79f574ff528c1651f59035c443f9b3cd76	aa/xcore/Auxiliary/Bitmap/Load_BMP.cpp	*			aux_Bitmap	analogue-only	pending			
tribes-aa-47e8c3409b1470d3	1	tree-sha256:d92f1a585a272d2e8990ff5f0a1226b61e385783c50b680bb2ff8742fe9ed9c0	sha256:e2abdd28f9b6475a84195d05c64671dc0e0726f2f16d295668c9f39ee4bac65a	aa/xcore/Auxiliary/Bitmap/Load_TGA.cpp	*			aux_Bitmap	analogue-only	pending			
tribes-aa-fda490088610f5a7	1	tree-sha256:d92f1a585a272d2e8990ff5f0a1226b61e385783c50b680bb2ff8742fe9ed9c0	sha256:e9a1aaec96478cbf003363a4ab69566b8b2bb4c861e6870d5d31cc4cd8f11e1f	aa/xcore/Auxiliary/Bitmap/aux_Bitmap.cpp	*			aux_Bitmap	analogue-only	pending			
tribes-aa-0a153859419b2473	1	tree-sha256:d92f1a585a272d2e8990ff5f0a1226b61e385783c50b680bb2ff8742fe9ed9c0	sha256:ea55e98201234877f00a2f13c8a50fe28eb6ae80ba064b3903d0c6801321fab1	aa/xcore/Auxiliary/Bitmap/aux_Bitmap.hpp	*			aux_Bitmap	analogue-only	pending			
tribes-aa-5abc0065d589f0d0	1	tree-sha256:d92f1a585a272d2e8990ff5f0a1226b61e385783c50b680bb2ff8742fe9ed9c0	sha256:6eb2e2f2d5de4d573d6f8e48c66fcdd70f9786b3a9ac1cdc2d65c7d677447a60	aa/xcore/Projects/Fileserver/main.cpp	*			(application)	analogue-only	pending			
tribes-aa-7927ebb711ebb1af	1	tree-sha256:d92f1a585a272d2e8990ff5f0a1226b61e385783c50b680bb2ff8742fe9ed9c0	sha256:4fd52458754fa64a7c5ecdda83de9c82007ae112b7864e5b509bed82355d88d7	aa/xcore/Projects/SoundPkg/main.cpp	*			(application)	analogue-only	pending			
tribes-aa-e36b7c8f0146eb40	1	tree-sha256:d92f1a585a272d2e8990ff5f0a1226b61e385783c50b680bb2ff8742fe9ed9c0	sha256:957f2cb68e3fa59dfa85a25d6c9c5b8c898780c23b1a76d6dd7f78dc5a72a389	aa/xcore/Projects/SoundPkg/main.hpp	*			(application)	analogue-only	pending			
tribes-aa-993c6f2017bdecc6	1	tree-sha256:d92f1a585a272d2e8990ff5f0a1226b61e385783c50b680bb2ff8742fe9ed9c0	sha256:0ebb081c00631751992d9e88cdbf18de4facbe2ca641d766ad9ed89a719c843e	aa/xcore/Projects/cdfsBuild/crt0/CRT0.C	*			LIBCMT	analogue-only	pending			
tribes-aa-5b228a094fac66c7	1	tree-sha256:d92f1a585a272d2e8990ff5f0a1226b61e385783c50b680bb2ff8742fe9ed9c0	sha256:0ebb081c00631751992d9e88cdbf18de4facbe2ca641d766ad9ed89a719c843e	aa/xcore/Projects/cdfsTool/CRT0.C	*			LIBCMT	analogue-only	pending			
tribes-aa-75e877cd8fb293f3	1	tree-sha256:d92f1a585a272d2e8990ff5f0a1226b61e385783c50b680bb2ff8742fe9ed9c0	sha256:0ebb081c00631751992d9e88cdbf18de4facbe2ca641d766ad9ed89a719c843e	aa/xcore/Projects/stringTool/crt0.c	*			LIBCMT	analogue-only	pending			
tribes-aa-917099b4e3dd109c	1	tree-sha256:d92f1a585a272d2e8990ff5f0a1226b61e385783c50b680bb2ff8742fe9ed9c0	sha256:bcebf606363a9eb6e9a05941a1c9024c1b098918ace7add7eae051bd15f0d273	aa/xcore/Projects/xTB/resource.h	*			d3d8ltcg	analogue-only	pending			
tribes-aa-866dfed8722e8c92	1	tree-sha256:d92f1a585a272d2e8990ff5f0a1226b61e385783c50b680bb2ff8742fe9ed9c0	sha256:0ebb081c00631751992d9e88cdbf18de4facbe2ca641d766ad9ed89a719c843e	aa/xcore/Projects/xbmpTool/crt0.c	*			LIBCMT	analogue-only	pending			
tribes-aa-b521d05fe684ee74	1	tree-sha256:d92f1a585a272d2e8990ff5f0a1226b61e385783c50b680bb2ff8742fe9ed9c0	sha256:ebe320c81714576a858b8bfbb296a4e0bd3a444cb87aa9e2f51937bc4999795a	aa/xcore/entropy/Common/e_Draw.cpp	*			Entropy	analogue-only	pending			
tribes-aa-f0a4a9063b20c351	1	tree-sha256:d92f1a585a272d2e8990ff5f0a1226b61e385783c50b680bb2ff8742fe9ed9c0	sha256:98e2099547e2a5b166030e8703cad9798d4161b7a3dd0647f7836f4a4db00c9d	aa/xcore/entropy/Common/e_Input.cpp	*			Entropy	analogue-only	pending			
tribes-aa-080aa5034c790f24	1	tree-sha256:d92f1a585a272d2e8990ff5f0a1226b61e385783c50b680bb2ff8742fe9ed9c0	sha256:3b73939fbe93f829ca6828c576bbcb0e6ab0729f6eab259fa471f6dbc8ae9cfd	aa/xcore/entropy/Common/e_ScratchMem.cpp	*			Entropy	analogue-only	pending			
tribes-aa-0fc819aa61c05d3c	1	tree-sha256:d92f1a585a272d2e8990ff5f0a1226b61e385783c50b680bb2ff8742fe9ed9c0	sha256:e3d17bdf24f0b469f89c7d81e997c1513f7e2fa5346ef31ead739daab351343f	aa/xcore/entropy/Common/e_Text.cpp	*				analogue-only	pending			
tribes-aa-9767fbfb6c7b1c85	1	tree-sha256:d92f1a585a272d2e8990ff5f0a1226b61e385783c50b680bb2ff8742fe9ed9c0	sha256:c3ba6d86df508368b5fdaae3aff2f386bd16bbec793e9582f65c752d5a4fbdab	aa/xcore/entropy/Common/e_View.cpp	*			Entropy	analogue-only	pending			
tribes-aa-e67e63d2e71bc717	1	tree-sha256:d92f1a585a272d2e8990ff5f0a1226b61e385783c50b680bb2ff8742fe9ed9c0	sha256:19c03df8db6e5078b68345ceddce09da3c09ef63e9fe2dd524580622a532d14d	aa/xcore/entropy/D3DEngine/d3deng_draw.cpp	*				analogue-only	pending			
tribes-aa-f7bfe5a15f128165	1	tree-sha256:d92f1a585a272d2e8990ff5f0a1226b61e385783c50b680bb2ff8742fe9ed9c0	sha256:4def80b5885411fce69130905f9553b7ec7f7b3efafc37d48251f93f0d34bbd1	aa/xcore/entropy/e_Draw.hpp	*			Entropy	analogue-only	pending			
tribes-aa-4409713359b4766a	1	tree-sha256:d92f1a585a272d2e8990ff5f0a1226b61e385783c50b680bb2ff8742fe9ed9c0	sha256:9bde596734e42d550400e4660f3c3f33a07ed495e7429089cf42fe30b3160216	aa/xcore/entropy/e_Input.hpp	*			Entropy	analogue-only	pending			
tribes-aa-338e4867e4a36859	1	tree-sha256:d92f1a585a272d2e8990ff5f0a1226b61e385783c50b680bb2ff8742fe9ed9c0	sha256:b628112a2f1d340a7b0261fcf96e6c2bc85760fe2500e7eda7242d0572611505	aa/xcore/entropy/e_ScratchMem.hpp	*			Entropy	analogue-only	pending			
tribes-aa-f2d644becaaa63a6	1	tree-sha256:d92f1a585a272d2e8990ff5f0a1226b61e385783c50b680bb2ff8742fe9ed9c0	sha256:aefb948403a80eb903741419c51acbae8457cbb2f1f642acd80d9d6047a14b78	aa/xcore/entropy/e_View.hpp	*			Entropy	analogue-only	pending			
tribes-aa-932d108ee586e0e2	1	tree-sha256:d92f1a585a272d2e8990ff5f0a1226b61e385783c50b680bb2ff8742fe9ed9c0	sha256:b846395afa556118ea124cc9d47490d6a4bc6508d989edad45fa3e535883a096	aa/xcore/x_files/Implementation/x_bitmap.cpp	*			x_files	analogue-only	pending			
tribes-aa-cf41a4041a6df34d	1	tree-sha256:d92f1a585a272d2e8990ff5f0a1226b61e385783c50b680bb2ff8742fe9ed9c0	sha256:2283cfaa21e5b9b7b6d2b7f9d7dfe673cc7622261e646f8e6c86284a6ca08fbc	aa/xcore/x_files/Implementation/x_bitmap_cmap.cpp	*			x_files	analogue-only	pending			
tribes-aa-0c1a8c93f213a63f	1	tree-sha256:d92f1a585a272d2e8990ff5f0a1226b61e385783c50b680bb2ff8742fe9ed9c0	sha256:038c50d69a80000ac53756f06bfe2cc21d2acd0608eea933312bcf290c246127	aa/xcore/x_files/Implementation/x_bitmap_convert.cpp	*			x_files	analogue-only	pending			
tribes-aa-3bc93c88e428ebf3	1	tree-sha256:d92f1a585a272d2e8990ff5f0a1226b61e385783c50b680bb2ff8742fe9ed9c0	sha256:031dc0459e1d818ba12993e2976177401648950587e159d192e8ab8ec581488c	aa/xcore/x_files/Implementation/x_bitmap_io.cpp	*			x_files	analogue-only	pending			
tribes-aa-f48e6b442cb44907	1	tree-sha256:d92f1a585a272d2e8990ff5f0a1226b61e385783c50b680bb2ff8742fe9ed9c0	sha256:1be243188271c31c957bcb80a6d868c54f9825706dd3e1ce763733ca7c0f71b2	aa/xcore/x_files/Implementation/x_bitmap_quant.cpp	*			x_files	analogue-only	pending			
tribes-aa-33b42aab3170242c	1	tree-sha256:d92f1a585a272d2e8990ff5f0a1226b61e385783c50b680bb2ff8742fe9ed9c0	sha256:e4de543023a299fef47fe13e35c5b9c2e03cfeb2e5e7e13c182fbacad0cf4d52	aa/xcore/x_files/Implementation/x_bytestream.cpp	*			x_files	analogue-only	pending			
tribes-aa-e3ca8a7b01400f33	1	tree-sha256:d92f1a585a272d2e8990ff5f0a1226b61e385783c50b680bb2ff8742fe9ed9c0	sha256:2412610a68b1c8f36500a3f0835060806658a544bc952ad357b12b4b6d7d38c5	aa/xcore/x_files/Implementation/x_debug.cpp	*			x_files	analogue-only	pending			
tribes-aa-1bb91c56c33c06bf	1	tree-sha256:d92f1a585a272d2e8990ff5f0a1226b61e385783c50b680bb2ff8742fe9ed9c0	sha256:13b6a0fd3ae7ca68bb47becfeb9a2fa5d17d073718faeb730c227cd76e32829a	aa/xcore/x_files/Implementation/x_files.cpp	*			x_files	analogue-only	pending			
tribes-aa-52b5c4b4ba9233cd	1	tree-sha256:d92f1a585a272d2e8990ff5f0a1226b61e385783c50b680bb2ff8742fe9ed9c0	sha256:aa3a21ee57e83afb978fdc43d1d6cd59263c4aaf3ea07995c9a10e87fc75757b	aa/xcore/x_files/Implementation/x_math.cpp	*			x_files	analogue-only	pending			
tribes-aa-25229e20f8435319	1	tree-sha256:d92f1a585a272d2e8990ff5f0a1226b61e385783c50b680bb2ff8742fe9ed9c0	sha256:f1a5ecd75975273316121ed3f5eca05abc3a46438ff4fb8a1b7be784a63bbd10	aa/xcore/x_files/Implementation/x_math_basic.cpp	*			x_files	analogue-only	pending			
tribes-aa-24a0bbdac7870013	1	tree-sha256:d92f1a585a272d2e8990ff5f0a1226b61e385783c50b680bb2ff8742fe9ed9c0	sha256:9a1c59785ba974a202708f0aaba20f8d4c11233cb0540d3c91194e5523ec810a	aa/xcore/x_files/Implementation/x_memory.cpp	*			x_files	analogue-only	pending			
tribes-aa-7abb2633dc9c0768	1	tree-sha256:d92f1a585a272d2e8990ff5f0a1226b61e385783c50b680bb2ff8742fe9ed9c0	sha256:cf577788109e40a2b541a6473fc35cbf2bd99d6979aac3bec3f25d0d864e4c27	aa/xcore/x_files/Implementation/x_mqueue.cpp	*			x_files	analogue-only	pending			
tribes-aa-b6bd079e9a340b39	1	tree-sha256:d92f1a585a272d2e8990ff5f0a1226b61e385783c50b680bb2ff8742fe9ed9c0	sha256:b077d91260d7dd6fe97209d480c37a824a146cf3813272dfe682f34691790ac5	aa/xcore/x_files/Implementation/x_mutex.cpp	*			x_files	analogue-only	pending			
tribes-aa-91cfbf6f5b5e6509	1	tree-sha256:d92f1a585a272d2e8990ff5f0a1226b61e385783c50b680bb2ff8742fe9ed9c0	sha256:44a76c90177eda5e0c7ff56ee6071ffb3cddc7c334200e9fa047e4ec954b4c20	aa/xcore/x_files/Implementation/x_plus.cpp	*			x_files	analogue-only	pending			
tribes-aa-1d7e319c98af6a89	1	tree-sha256:d92f1a585a272d2e8990ff5f0a1226b61e385783c50b680bb2ff8742fe9ed9c0	sha256:6286d18421dec32a2052ae43dfd32c9c25e35b0ade2359db219aff3c1fe81528	aa/xcore/x_files/Implementation/x_stdio.cpp	*			x_files	analogue-only	pending			
tribes-aa-7c6c46af5f0525e8	1	tree-sha256:d92f1a585a272d2e8990ff5f0a1226b61e385783c50b680bb2ff8742fe9ed9c0	sha256:0f8f8938a18e7c69f371938a401302beb40329fa17a9a9f7253b4ba9bb30ccf7	aa/xcore/x_files/Implementation/x_string.cpp	*			x_files	analogue-only	pending			
tribes-aa-b3c2dbf75febb6c0	1	tree-sha256:d92f1a585a272d2e8990ff5f0a1226b61e385783c50b680bb2ff8742fe9ed9c0	sha256:369c531151447fd18cb9690f13733ceba5718fa1f87243a59cf64ea5b46b6ae6	aa/xcore/x_files/Implementation/x_threads.cpp	*			x_files	analogue-only	pending			
tribes-aa-06a5796ab329f9c0	1	tree-sha256:d92f1a585a272d2e8990ff5f0a1226b61e385783c50b680bb2ff8742fe9ed9c0	sha256:ad48c4795b80c37fc94d07a88a2d14e6b0d4f792c61244861a234b9a6900f9ae	aa/xcore/x_files/Implementation/x_time.cpp	*			x_files	analogue-only	pending			
tribes-aa-4d45913255e5c917	1	tree-sha256:d92f1a585a272d2e8990ff5f0a1226b61e385783c50b680bb2ff8742fe9ed9c0	sha256:cbd836e7b55a16411c22abd438f37e644b4c4eea3f36f175c0c44fc85ac80f61	aa/xcore/x_files/Implementation/x_vsprintf.cpp	*			x_files	analogue-only	pending			
tribes-aa-836c42eda900169c	1	tree-sha256:d92f1a585a272d2e8990ff5f0a1226b61e385783c50b680bb2ff8742fe9ed9c0	sha256:b4fbcb587c75ec9c023a8aca4487de6abce35b60e8f58d3867766cbc91cae284	aa/xcore/x_files/x_bitmap.hpp	*			x_files	analogue-only	pending			
tribes-aa-cb290fb4d92410fe	1	tree-sha256:d92f1a585a272d2e8990ff5f0a1226b61e385783c50b680bb2ff8742fe9ed9c0	sha256:12449062c169b8e50537bfb3b0280f9378a1c36c4ebd00d67de268487290c794	aa/xcore/x_files/x_bytestream.hpp	*			x_files	analogue-only	pending			
tribes-aa-90c9d7cd7a59e6f0	1	tree-sha256:d92f1a585a272d2e8990ff5f0a1226b61e385783c50b680bb2ff8742fe9ed9c0	sha256:d9bb2d62a54c833205d84522af75b40889008e1fc51f545d109fc72f9542c4bd	aa/xcore/x_files/x_debug.hpp	*			x_files	analogue-only	pending			
tribes-aa-8082ec33ebd9e2fe	1	tree-sha256:d92f1a585a272d2e8990ff5f0a1226b61e385783c50b680bb2ff8742fe9ed9c0	sha256:d62820672332fb42c75f011f1ca2e45874ba9ef17e4365df831538cdba782a81	aa/xcore/x_files/x_files.hpp	*			x_files	analogue-only	pending			
tribes-aa-1bea6a509d69a2ec	1	tree-sha256:d92f1a585a272d2e8990ff5f0a1226b61e385783c50b680bb2ff8742fe9ed9c0	sha256:bb51d5dc5391b105576718e649aca7347525ab6aeaf2bf6947b0cae88c7cb37e	aa/xcore/x_files/x_math.hpp	*			x_files	analogue-only	pending			
tribes-aa-353ee9d15c604347	1	tree-sha256:d92f1a585a272d2e8990ff5f0a1226b61e385783c50b680bb2ff8742fe9ed9c0	sha256:947f6771ec5213300f51cb916046f62ebf709a5f1c74fd45d3d5c96ec0651b25	aa/xcore/x_files/x_memory.hpp	*			x_files	analogue-only	pending			
tribes-aa-40104a63525032cf	1	tree-sha256:d92f1a585a272d2e8990ff5f0a1226b61e385783c50b680bb2ff8742fe9ed9c0	sha256:5ceefa75b5b57ff1aad9a1d4b431bbbaed7449f0944ce59acf9401cb25363edd	aa/xcore/x_files/x_plus.hpp	*			x_files	analogue-only	pending			
tribes-aa-841aef807751e7ca	1	tree-sha256:d92f1a585a272d2e8990ff5f0a1226b61e385783c50b680bb2ff8742fe9ed9c0	sha256:3a5f8e309888a484b4f468dc102efca47e1cf92971689f22a4ad3de1be3c18c7	aa/xcore/x_files/x_stdio.hpp	*			x_files	analogue-only	pending			
tribes-aa-00c8e5d63cfc77e5	1	tree-sha256:d92f1a585a272d2e8990ff5f0a1226b61e385783c50b680bb2ff8742fe9ed9c0	sha256:95dd56086da5af22266bea506e2f0bd8ba102452f50dc9a99edc18d77de6feb3	aa/xcore/x_files/x_string.hpp	*			x_files	analogue-only	pending			
tribes-aa-272b5a96db8f4a18	1	tree-sha256:d92f1a585a272d2e8990ff5f0a1226b61e385783c50b680bb2ff8742fe9ed9c0	sha256:acf44285f65b5fedd8d501873f945f96db1e1e467731ed1cd7276ca7296e0c36	aa/xcore/x_files/x_threads.hpp	*			x_files	analogue-only	pending			
tribes-aa-32ad617103a691ce	1	tree-sha256:d92f1a585a272d2e8990ff5f0a1226b61e385783c50b680bb2ff8742fe9ed9c0	sha256:0531c1c49289560aaf23360ccefba86920a8a862f0e110b5ff24b39fbbbaa839	aa/xcore/x_files/x_time.hpp	*			x_files	analogue-only	pending			
